date,sym,mkt,hml,wml
2018-06-25,AAPL,0.9506433,-0.5637631,0.1606125
2018-06-25,JPM,1.03336,1.249668,0.4947929
2018-06-25,TSLA,1.673327,-0.6382012,-0.1392659
2018-06-25,XOM,1.062671,0.5955022,-0.346503
2018-06-26,AAPL,0.9533931,-0.5585332,0.1755059
2018-06-26,JPM,1.03355,1.248862,0.4960529
2018-06-26,TSLA,1.679108,-0.6277335,-0.107348
2018-06-26,XOM,1.066201,0.6010741,-0.3268565
2018-06-27,AAPL,0.927791,-0.555491,0.1749224
2018-06-27,JPM,1.060817,1.244763,0.49637
2018-06-27,TSLA,1.598272,-0.6193554,-0.1092391
2018-06-27,XOM,1.014202,0.6055532,-0.3281372
2018-06-28,AAPL,0.9270693,-0.5468701,0.172831
2018-06-28,JPM,1.063917,1.194485,0.5095806
2018-06-28,TSLA,1.598818,-0.6336508,-0.104587
2018-06-28,XOM,1.014175,0.6005834,-0.326653
2018-06-29,AAPL,0.9272427,-0.5360394,0.176505
2018-06-29,JPM,1.064191,1.206207,0.5135157
2018-06-29,TSLA,1.60017,-0.580956,-0.08635261
2018-06-29,XOM,1.013096,0.5781554,-0.3338106
2018-07-02,AAPL,0.92793,-0.5331063,0.1903673
2018-07-02,JPM,1.06498,1.207506,0.528218
2018-07-02,TSLA,1.594395,-0.5952236,-0.1693404
2018-07-02,XOM,1.010686,0.5718334,-0.3662389
2018-07-03,AAPL,0.9210314,-0.538685,0.2316985
2018-07-03,JPM,1.062985,1.204453,0.5388126
2018-07-03,TSLA,1.555075,-0.6300048,0.06948908
2018-07-03,XOM,1.01448,0.5750366,-0.3912468
2018-07-05,AAPL,0.9175719,-0.5340366,0.2373225
2018-07-05,JPM,1.076152,1.186311,0.5159888
2018-07-05,TSLA,1.501047,-0.5622262,0.1594448
2018-07-05,XOM,0.9954379,0.5979138,-0.3597052
2018-07-06,AAPL,0.92358,-0.5404339,0.232622
2018-07-06,JPM,1.070821,1.190664,0.519497
2018-07-06,TSLA,1.476467,-0.5346107,0.1786294
2018-07-06,XOM,0.9835706,0.6102432,-0.3504233
2018-07-09,AAPL,0.932637,-0.472976,0.2588434
2018-07-09,JPM,1.078217,1.244402,0.5404979
2018-07-09,TSLA,1.501969,-0.3466613,0.2519932
2018-07-09,XOM,0.9759106,0.556412,-0.370907
2018-07-10,AAPL,0.9323146,-0.4580161,0.2679889
2018-07-10,JPM,1.077752,1.269576,0.5565665
2018-07-10,TSLA,1.502017,-0.3839651,0.2287355
2018-07-10,XOM,0.9758093,0.5345037,-0.3839408
2018-07-11,AAPL,0.9477078,-0.4236215,0.2657291
2018-07-11,JPM,1.058465,1.226487,0.558922
2018-07-11,TSLA,1.50459,-0.3773271,0.228472
2018-07-11,XOM,0.9827567,0.5499028,-0.3846928
2018-07-12,AAPL,0.9484879,-0.4405859,0.2654986
2018-07-12,JPM,1.060729,1.181271,0.5576762
2018-07-12,TSLA,1.492855,-0.1720922,0.2321252
2018-07-12,XOM,0.9826641,0.5452318,-0.384428
2018-07-13,AAPL,0.9487717,-0.4381428,0.2648774
2018-07-13,JPM,1.062008,1.186644,0.5550248
2018-07-13,TSLA,1.490339,-0.1818048,0.2354409
2018-07-13,XOM,0.9792021,0.5306625,-0.3794481
2018-07-16,AAPL,0.9461419,-0.4239984,0.2728592
2018-07-16,JPM,1.031468,1.356739,0.6527584
2018-07-16,TSLA,1.516281,-0.3301973,0.1504569
2018-07-16,XOM,0.9948736,0.4399358,-0.4308805
2018-07-17,AAPL,0.9438801,-0.4005812,0.2694616
2018-07-17,JPM,1.031974,1.347887,0.6533258
2018-07-17,TSLA,1.526535,-0.4480818,0.1682425
2018-07-17,XOM,0.993675,0.4490209,-0.4318753
2018-07-18,AAPL,0.9437803,-0.4360683,0.2508295
2018-07-18,JPM,1.031882,1.308987,0.6331142
2018-07-18,TSLA,1.526108,-0.4277069,0.1789788
2018-07-18,XOM,0.9933919,0.417865,-0.4475491
2018-07-19,AAPL,0.9419549,-0.4402984,0.2466942
2018-07-19,JPM,1.032168,1.309093,0.6337944
2018-07-19,TSLA,1.527282,-0.4231981,0.1831642
2018-07-19,XOM,0.9927569,0.4167871,-0.4478168
2018-07-20,AAPL,0.94306,-0.4418366,0.2438405
2018-07-20,JPM,1.024788,1.318124,0.649456
2018-07-20,TSLA,1.54092,-0.4429196,0.1518328
2018-07-20,XOM,0.9972165,0.4096147,-0.458219
2018-07-23,AAPL,0.9426716,-0.4385288,0.2457987
2018-07-23,JPM,1.023133,1.339643,0.6632747
2018-07-23,TSLA,1.549239,-0.5771978,0.06712916
2018-07-23,XOM,0.9975009,0.3992016,-0.4641386
2018-07-24,AAPL,0.9438404,-0.441657,0.2255593
2018-07-24,JPM,1.022121,1.340516,0.6750662
2018-07-24,TSLA,1.546282,-0.5704688,0.1052623
2018-07-24,XOM,0.999661,0.3925201,-0.5013884
2018-07-25,AAPL,0.9467422,-0.4043807,0.2020169
2018-07-25,JPM,1.019636,1.311865,0.6920398
2018-07-25,TSLA,1.535027,-0.6993689,0.1881383
2018-07-25,XOM,0.9954898,0.3469998,-0.4719643
2018-07-26,AAPL,0.9514156,-0.3922057,0.1870411
2018-07-26,JPM,1.01991,1.311783,0.6900537
2018-07-26,TSLA,1.537603,-0.691713,0.1792201
2018-07-26,XOM,1.000222,0.3592308,-0.4872407
2018-07-27,AAPL,0.9527483,-0.397138,0.2011492
2018-07-27,JPM,1.015557,1.324548,0.6518404
2018-07-27,TSLA,1.538437,-0.6954426,0.1906366
2018-07-27,XOM,1.017554,0.299852,-0.3272781
2018-07-30,AAPL,0.9590928,-0.3296057,0.1643816
2018-07-30,JPM,1.015,1.319537,0.6533463
2018-07-30,TSLA,1.540289,-0.6719349,0.1782639
2018-07-30,XOM,1.014303,0.2700266,-0.310707
2018-07-31,AAPL,0.9505081,-0.2953281,0.1816387
2018-07-31,JPM,1.010393,1.336479,0.6617898
2018-07-31,TSLA,1.552576,-0.7234602,0.1525643
2018-07-31,XOM,1.007676,0.2954578,-0.297542
2018-08-01,AAPL,0.8361066,-0.2221602,0.5231747
2018-08-01,JPM,1.005382,1.338447,0.6755831
2018-08-01,TSLA,1.534003,-0.7114944,0.2071975
2018-08-01,XOM,1.024173,0.2844817,-0.3476383
2018-08-02,AAPL,0.8416562,-0.2426404,0.5632375
2018-08-02,JPM,1.005518,1.336116,0.677336
2018-08-02,TSLA,1.58315,-0.8894322,0.5574626
2018-08-02,XOM,1.021072,0.2941405,-0.3666402
2018-08-03,AAPL,0.8474089,-0.2452621,0.5449105
2018-08-03,JPM,1.002402,1.336277,0.6857039
2018-08-03,TSLA,1.589388,-0.8920333,0.5372293
2018-08-03,XOM,1.016815,0.2956859,-0.354332
2018-08-06,AAPL,0.8456075,-0.2439618,0.5430028
2018-08-06,JPM,1.000879,1.33615,0.6836684
2018-08-06,TSLA,1.570145,-0.8770171,0.5173274
2018-08-06,XOM,1.014949,0.296653,-0.3556081
2018-08-07,AAPL,0.8427865,-0.244005,0.5298627
2018-08-07,JPM,1.000676,1.334984,0.68303
2018-08-07,TSLA,1.58795,-0.8762693,0.6057633
2018-08-07,XOM,1.016789,0.2965024,-0.3445381
2018-08-08,AAPL,0.8433524,-0.2466076,0.5270781
2018-08-08,JPM,1.003427,1.322972,0.6714582
2018-08-08,TSLA,1.602874,-0.9319713,0.5493351
2018-08-08,XOM,1.020019,0.283086,-0.3575518
2018-08-09,AAPL,0.8417122,-0.2535223,0.5259442
2018-08-09,JPM,1.003841,1.324728,0.6712506
2018-08-09,TSLA,1.616174,-0.8678417,0.5586122
2018-08-09,XOM,1.020438,0.286628,-0.3566888
2018-08-10,AAPL,0.8497213,-0.2571485,0.5109672
2018-08-10,JPM,1.015486,1.318247,0.6490593
2018-08-10,TSLA,1.590656,-0.8562369,0.6044249
2018-08-10,XOM,0.9999493,0.295425,-0.3198153
2018-08-13,AAPL,0.8372723,-0.2772617,0.5093425
2018-08-13,JPM,1.028037,1.338024,0.6500009
2018-08-13,TSLA,1.579312,-0.8738831,0.6031729
2018-08-13,XOM,1.006936,0.3072614,-0.3186355
2018-08-14,AAPL,0.8312249,-0.2912175,0.5028291
2018-08-14,JPM,1.020273,1.318912,0.6412112
2018-08-14,TSLA,1.523903,-1.004389,0.5436085
2018-08-14,XOM,0.9926012,0.2738308,-0.3334826
2018-08-15,AAPL,0.8152817,-0.3517179,0.4353765
2018-08-15,JPM,1.012029,1.286963,0.6063808
2018-08-15,TSLA,1.530235,-0.9782226,0.5722667
2018-08-15,XOM,1.005088,0.3229553,-0.2783636
2018-08-16,AAPL,0.8387418,-0.3407993,0.4106652
2018-08-16,JPM,1.008374,1.284311,0.6094484
2018-08-16,TSLA,1.482383,-0.9993451,0.6220151
2018-08-16,XOM,1.015046,0.3274114,-0.2888752
2018-08-17,AAPL,0.8595796,-0.3439912,0.3712593
2018-08-17,JPM,1.006596,1.283473,0.6118558
2018-08-17,TSLA,1.371921,-0.9812146,0.8285716
2018-08-17,XOM,1.014326,0.3272232,-0.2879401
2018-08-20,AAPL,0.8533277,-0.3680909,0.3615637
2018-08-20,JPM,1.003469,1.270689,0.6066416
2018-08-20,TSLA,1.375064,-0.9671344,0.8339474
2018-08-20,XOM,1.016126,0.3356334,-0.2842171
2018-08-21,AAPL,0.8471737,-0.3860698,0.3589626
2018-08-21,JPM,1.007617,1.28284,0.6079872
2018-08-21,TSLA,1.41646,-0.8398918,0.852034
2018-08-21,XOM,1.011836,0.32345,-0.285656
2018-08-22,AAPL,0.8546091,-0.3892493,0.331899
2018-08-22,JPM,1.012052,1.279656,0.5909292
2018-08-22,TSLA,1.432552,-0.8469042,0.7936781
2018-08-22,XOM,0.9896734,0.3329646,-0.2078877
2018-08-23,AAPL,0.8563513,-0.3878893,0.3283791
2018-08-23,JPM,1.012651,1.279018,0.5888943
2018-08-23,TSLA,1.445876,-0.8386341,0.76856
2018-08-23,XOM,0.9993975,0.3385496,-0.2262026
2018-08-24,AAPL,0.8495782,-0.3661531,0.3328513
2018-08-24,JPM,1.010845,1.283085,0.5894194
2018-08-24,TSLA,1.439515,-0.8185839,0.7726071
2018-08-24,XOM,1.002546,0.326831,-0.228352
2018-08-27,AAPL,0.848405,-0.3644878,0.3337785
2018-08-27,JPM,1.021747,1.265593,0.5786011
2018-08-27,TSLA,1.414581,-0.7820574,0.7952801
2018-08-27,XOM,1.007371,0.3189359,-0.2329147
2018-08-28,AAPL,0.8453647,-0.3707839,0.3361413
2018-08-28,JPM,1.023734,1.269529,0.576233
2018-08-28,TSLA,1.427318,-0.7520053,0.7844651
2018-08-28,XOM,1.006939,0.3185272,-0.2326288
2018-08-29,AAPL,0.8480836,-0.3846326,0.3377505
2018-08-29,JPM,1.020648,1.28223,0.5741133
2018-08-29,TSLA,1.40698,-0.6549278,0.7734183
2018-08-29,XOM,1.009223,0.3054264,-0.2309394
2018-08-30,AAPL,0.8339897,-0.3991182,0.3470837
2018-08-30,JPM,1.01437,1.274691,0.5776022
2018-08-30,TSLA,1.413936,-0.6470565,0.7684457
2018-08-30,XOM,1.006215,0.3023902,-0.2289357
2018-08-31,AAPL,0.8334139,-0.4046304,0.3499201
2018-08-31,JPM,1.014195,1.274336,0.5766436
2018-08-31,TSLA,1.414188,-0.638155,0.7640654
2018-08-31,XOM,1.006026,0.3048168,-0.2300097
2018-09-04,AAPL,0.8338652,-0.4048694,0.3483211
2018-09-04,JPM,1.014871,1.272496,0.573773
2018-09-04,TSLA,1.481215,-0.6890674,0.593446
2018-09-04,XOM,0.9979539,0.3104036,-0.2102899
2018-09-05,AAPL,0.8360757,-0.4012644,0.3315202
2018-09-05,JPM,1.012855,1.268851,0.5856557
2018-09-05,TSLA,1.47692,-0.6943035,0.6207642
2018-09-05,XOM,1.007819,0.3244763,-0.2818223
2018-09-06,AAPL,0.8628721,-0.3650151,0.3269821
2018-09-06,JPM,1.011246,1.265856,0.5853191
2018-09-06,TSLA,1.459051,-0.7173889,0.6237743
2018-09-06,XOM,1.016553,0.3363872,-0.2831275
2018-09-07,AAPL,0.8646419,-0.3511099,0.3400479
2018-09-07,JPM,1.009026,1.250977,0.5717037
2018-09-07,TSLA,1.473194,-0.6166102,0.7194843
2018-09-07,XOM,1.011459,0.3035907,-0.3138441
2018-09-10,AAPL,0.8554746,-0.3154714,0.3594845
2018-09-10,JPM,1.007114,1.256428,0.5747654
2018-09-10,TSLA,1.513267,-0.7766392,0.63172
2018-09-10,XOM,1.009618,0.3090901,-0.310436
2018-09-11,AAPL,0.8479848,-0.3142913,0.4161456
2018-09-11,JPM,1.007386,1.255182,0.570178
2018-09-11,TSLA,1.525369,-0.7781006,0.5343393
2018-09-11,XOM,1.003361,0.3096769,-0.2645584
2018-09-12,AAPL,0.8367352,-0.2759113,0.4712649
2018-09-12,JPM,1.001887,1.272159,0.5958224
2018-09-12,TSLA,1.568877,-0.9298295,0.3151056
2018-09-12,XOM,1.004125,0.3054414,-0.2700813
2018-09-13,AAPL,0.8452227,-0.322953,0.4632741
2018-09-13,JPM,1.001928,1.269355,0.595
2018-09-13,TSLA,1.563435,-0.9024276,0.3199284
2018-09-13,XOM,0.9971858,0.3407596,-0.2638778
2018-09-14,AAPL,0.8365816,-0.3524893,0.4683921
2018-09-14,JPM,0.9996721,1.261135,0.595669
2018-09-14,TSLA,1.578226,-0.8482322,0.3108555
2018-09-14,XOM,0.9998992,0.3514074,-0.2655605
2018-09-17,AAPL,0.8417998,-0.383006,0.5179953
2018-09-17,JPM,0.9975005,1.270818,0.57751
2018-09-17,TSLA,1.566681,-0.7851322,0.2097812
2018-09-17,XOM,0.9967589,0.3666553,-0.2904785
2018-09-18,AAPL,0.8342825,-0.3668241,0.5186326
2018-09-18,JPM,0.9992607,1.265201,0.5767505
2018-09-18,TSLA,1.523,-0.6906832,0.2143046
2018-09-18,XOM,0.9956807,0.3678057,-0.2901816
2018-09-19,AAPL,0.8474375,-0.3195543,0.4962244
2018-09-19,JPM,1.021459,1.343344,0.5385557
2018-09-19,TSLA,1.622017,-0.3387789,0.04792583
2018-09-19,XOM,1.000637,0.3864775,-0.2989451
2018-09-20,AAPL,0.8492592,-0.3202486,0.4940498
2018-09-20,JPM,1.035599,1.336215,0.5229142
2018-09-20,TSLA,1.580632,-0.3220122,0.09085648
2018-09-20,XOM,0.9853727,0.3922662,-0.2832196
2018-09-21,AAPL,0.8516428,-0.3267185,0.4988537
2018-09-21,JPM,1.03844,1.326972,0.5282493
2018-09-21,TSLA,1.577108,-0.3144028,0.08555992
2018-09-21,XOM,0.9840312,0.3943623,-0.2847914
2018-09-24,AAPL,0.8326817,-0.3430589,0.5298231
2018-09-24,JPM,1.044042,1.330905,0.5179096
2018-09-24,TSLA,1.565429,-0.3241202,0.1042395
2018-09-24,XOM,0.9076952,0.3273945,-0.1589715
2018-09-25,AAPL,0.835096,-0.3453578,0.521588
2018-09-25,JPM,1.048465,1.325251,0.5025602
2018-09-25,TSLA,1.561193,-0.3206208,0.11603
2018-09-25,XOM,0.9046683,0.3296412,-0.1504626
2018-09-26,AAPL,0.8512293,-0.3027524,0.5257747
2018-09-26,JPM,1.052841,1.336165,0.5031928
2018-09-26,TSLA,1.496067,-0.488475,0.09942828
2018-09-26,XOM,0.9099018,0.3438627,-0.1489108
2018-09-27,AAPL,0.8537725,-0.3519146,0.5155286
2018-09-27,JPM,1.051983,1.345076,0.5046906
2018-09-27,TSLA,1.493343,-0.4487224,0.1078827
2018-09-27,XOM,0.90936,0.3471764,-0.1480757
2018-09-28,AAPL,0.8531725,-0.3510387,0.5165112
2018-09-28,JPM,1.0556,1.336575,0.4935781
2018-09-28,TSLA,1.538867,-0.5339941,-0.01557008
2018-09-28,XOM,0.9117148,0.3418862,-0.1552363
2018-10-01,AAPL,0.8517723,-0.3523683,0.5180233
2018-10-01,JPM,1.057941,1.338619,0.4894652
2018-10-01,TSLA,1.4825,-0.6029434,0.05916171
2018-10-01,XOM,0.9094689,0.3392604,-0.152609
2018-10-02,AAPL,0.8531016,-0.3574024,0.467677
2018-10-02,JPM,1.057588,1.337496,0.4902609
2018-10-02,TSLA,1.478554,-0.5902985,0.1746033
2018-10-02,XOM,0.9096085,0.3373535,-0.1684541
2018-10-03,AAPL,0.8635472,-0.2853017,0.4871197
2018-10-03,JPM,1.060042,1.354883,0.4947152
2018-10-03,TSLA,1.469316,-0.6491086,0.1587512
2018-10-03,XOM,0.9030514,0.295264,-0.1796811
2018-10-04,AAPL,0.8718039,-0.3134027,0.4804974
2018-10-04,JPM,1.065783,1.333507,0.4894435
2018-10-04,TSLA,1.527939,-0.8446909,0.1134757
2018-10-04,XOM,0.914545,0.2557004,-0.1886864
2018-10-05,AAPL,0.8975266,-0.3366359,0.4538939
2018-10-05,JPM,1.078702,1.320406,0.4753053
2018-10-05,TSLA,1.658772,-0.9619177,-0.02038797
2018-10-05,XOM,0.9111659,0.258254,-0.1854446
2018-10-08,AAPL,0.9043364,-0.3059714,0.4369142
2018-10-08,JPM,1.074099,1.30083,0.4849428
2018-10-08,TSLA,1.628554,-1.089722,0.05150055
2018-10-08,XOM,0.9152793,0.277458,-0.1960379
2018-10-09,AAPL,0.8896677,-0.2727283,0.4775328
2018-10-09,JPM,1.08748,1.268121,0.4456379
2018-10-09,TSLA,1.565788,-0.945534,0.2276296
2018-10-09,XOM,0.9088838,0.2911569,-0.1788826
2018-10-10,AAPL,0.9351579,-0.2871012,0.4837642
2018-10-10,JPM,1.064003,1.274305,0.4419074
2018-10-10,TSLA,1.263774,-0.8495233,0.1863725
2018-10-10,XOM,0.9033229,0.2926069,-0.1794739
2018-10-11,AAPL,0.9148365,-0.3044376,0.4901252
2018-10-11,JPM,1.052319,1.263347,0.4449921
2018-10-11,TSLA,1.242389,-0.8670301,0.193444
2018-10-11,XOM,0.9717388,0.3517548,-0.2012747
2018-10-12,AAPL,0.9166683,-0.3401409,0.50241
2018-10-12,JPM,1.047079,1.351609,0.4135697
2018-10-12,TSLA,1.236553,-0.7658835,0.1591102
2018-10-12,XOM,0.9688746,0.3973908,-0.2169848
2018-10-15,AAPL,0.9091734,-0.355209,0.5288877
2018-10-15,JPM,1.046018,1.348831,0.4158607
2018-10-15,TSLA,1.253978,-0.7288105,0.09554491
2018-10-15,XOM,0.963748,0.3872098,-0.199447
2018-10-16,AAPL,0.8763913,-0.3243963,0.544324
2018-10-16,JPM,1.104271,1.292561,0.3874608
2018-10-16,TSLA,1.377375,-0.844741,0.03720859
2018-10-16,XOM,0.9277867,0.4205718,-0.1824148
2018-10-17,AAPL,0.8773549,-0.3248413,0.5444465
2018-10-17,JPM,1.102243,1.292227,0.3865594
2018-10-17,TSLA,1.380939,-0.8457818,0.03842233
2018-10-17,XOM,0.9269676,0.4205353,-0.1824492
2018-10-18,AAPL,0.9105695,-0.3336707,0.5224991
2018-10-18,JPM,1.119705,1.286405,0.374347
2018-10-18,TSLA,1.400499,-0.8504101,0.02589161
2018-10-18,XOM,0.8759072,0.4337581,-0.1491048
2018-10-19,AAPL,0.908693,-0.3223209,0.5118099
2018-10-19,JPM,1.120299,1.279435,0.3792788
2018-10-19,TSLA,1.401348,-0.8571312,0.03329714
2018-10-19,XOM,0.8758768,0.4319556,-0.1476535
2018-10-22,AAPL,0.9102011,-0.3201485,0.5097929
2018-10-22,JPM,1.115067,1.271996,0.3845008
2018-10-22,TSLA,1.396819,-0.8619173,0.03877722
2018-10-22,XOM,0.8739623,0.4295455,-0.1456787
2018-10-23,AAPL,0.8949442,-0.3756687,0.4721722
2018-10-23,JPM,1.111637,1.259356,0.3761094
2018-10-23,TSLA,1.252841,-1.389698,-0.3177693
2018-10-23,XOM,0.8845104,0.4689986,-0.1188123
2018-10-24,AAPL,0.9184848,-0.3788124,0.4596633
2018-10-24,JPM,1.066118,1.264507,0.3993666
2018-10-24,TSLA,1.111815,-1.369092,-0.242714
2018-10-24,XOM,0.904945,0.4658304,-0.1297202
2018-10-25,AAPL,0.9110029,-0.3824708,0.4550234
2018-10-25,JPM,1.06322,1.26205,0.3970911
2018-10-25,TSLA,1.284287,-1.279192,-0.1336971
2018-10-25,XOM,0.8934338,0.4597111,-0.1368053
2018-10-26,AAPL,0.9071503,-0.37887,0.4578622
2018-10-26,JPM,1.060146,1.263588,0.3986542
2018-10-26,TSLA,1.099198,-1.106113,0.008863422
2018-10-26,XOM,0.8855688,0.4665082,-0.1309447
2018-10-29,AAPL,0.9057999,-0.395397,0.4577167
2018-10-29,JPM,1.06197,1.290276,0.3982206
2018-10-29,TSLA,1.113222,-0.9144782,0.010674
2018-10-29,XOM,0.881657,0.4164767,-0.1312905
2018-10-30,AAPL,0.8758222,-0.4161966,0.4659542
2018-10-30,JPM,1.059995,1.287969,0.3980646
2018-10-30,TSLA,1.011857,-0.984691,0.0391496
2018-10-30,XOM,0.9048567,0.432602,-0.137766
2018-10-31,AAPL,0.8813711,-0.427187,0.4684739
2018-10-31,JPM,1.074327,1.258225,0.4039798
2018-10-31,TSLA,1.008979,-0.9785806,0.03839144
2018-10-31,XOM,0.9089489,0.4238481,-0.1358245
2018-11-01,AAPL,0.8981831,-0.4711641,0.4111269
2018-11-01,JPM,1.090625,1.214043,0.3473254
2018-11-01,TSLA,1.011487,-0.9847666,0.02989324
2018-11-01,XOM,0.9201965,0.393674,-0.1746626
2018-11-02,AAPL,0.9141125,-0.7367181,0.2839008
2018-11-02,JPM,1.092051,1.185005,0.3333825
2018-11-02,TSLA,1.005788,-0.8916852,0.07455736
2018-11-02,XOM,0.9148441,0.4784915,-0.1338924
2018-11-05,AAPL,0.8743156,-0.9081733,0.2108632
2018-11-05,JPM,1.062957,1.059295,0.2797487
2018-11-05,TSLA,0.9899237,-0.9592836,0.04586708
2018-11-05,XOM,0.8911577,0.3765622,-0.1771892
2018-11-06,AAPL,0.8799892,-0.9085039,0.2053622
2018-11-06,JPM,1.060783,1.058846,0.2813055
2018-11-06,TSLA,0.9797423,-0.957181,0.05629136
2018-11-06,XOM,0.8892464,0.3765867,-0.1754415
2018-11-07,AAPL,0.8740971,-0.9065323,0.1956596
2018-11-07,JPM,1.060678,1.058061,0.2811704
2018-11-07,TSLA,0.9550192,-0.9505719,0.01433809
2018-11-07,XOM,0.8896656,0.3761957,-0.1743113
2018-11-08,AAPL,0.8747162,-0.9080731,0.1932423
2018-11-08,JPM,1.056301,1.069576,0.2966588
2018-11-08,TSLA,0.9475874,-0.9282739,0.04278462
2018-11-08,XOM,0.8983849,0.3494412,-0.2085292
2018-11-09,AAPL,0.8929772,-0.9110804,0.1773325
2018-11-09,JPM,1.065209,1.067023,0.288193
2018-11-09,TSLA,0.9375538,-0.9257759,0.05191006
2018-11-09,XOM,0.8857323,0.3516418,-0.1974736
2018-11-12,AAPL,0.9550329,-0.9758931,0.1172595
2018-11-12,JPM,1.084594,1.045586,0.2687362
2018-11-12,TSLA,1.014794,-1.006572,-0.02287178
2018-11-12,XOM,0.8812366,0.3559279,-0.193246
2018-11-13,AAPL,0.9515807,-0.9643602,0.141065
2018-11-13,JPM,1.088267,1.032053,0.2409483
2018-11-13,TSLA,1.026502,-1.044303,-0.1048741
2018-11-13,XOM,0.8684484,0.3965359,-0.1054561
2018-11-14,AAPL,0.9713805,-0.885363,0.2128677
2018-11-14,JPM,1.095036,1.059027,0.2658883
2018-11-14,TSLA,1.010181,-1.107494,-0.1626414
2018-11-14,XOM,0.8689541,0.3990471,-0.1029061
2018-11-15,AAPL,0.9871415,-0.8766853,0.2213069
2018-11-15,JPM,1.117992,1.070204,0.2775185
2018-11-15,TSLA,1.005193,-1.109255,-0.1646384
2018-11-15,XOM,0.8717101,0.4002833,-0.101377
2018-11-16,AAPL,0.9893381,-0.875748,0.2210228
2018-11-16,JPM,1.117201,1.069319,0.2772876
2018-11-16,TSLA,1.008116,-1.107941,-0.1648356
2018-11-16,XOM,0.8736257,0.4003824,-0.1018756
2018-11-19,AAPL,0.990783,-0.8873459,0.217797
2018-11-19,JPM,1.113013,1.099229,0.2857646
2018-11-19,TSLA,0.9790067,-0.8799569,-0.09893154
2018-11-19,XOM,0.8656522,0.4609544,-0.08436016
2018-11-20,AAPL,1.072992,-0.7287601,0.3133259
2018-11-20,JPM,1.094037,1.062547,0.2637637
2018-11-20,TSLA,0.9959042,-0.8467215,-0.07882329
2018-11-20,XOM,0.8937828,0.5150836,-0.05156755
2018-11-21,AAPL,1.069964,-0.7287601,0.3176539
2018-11-21,JPM,1.08693,1.061037,0.2732719
2018-11-21,TSLA,0.9635128,-0.8500821,-0.03226579
2018-11-21,XOM,0.8975578,0.5152211,-0.05730153
2018-11-23,AAPL,1.090989,-0.6990814,0.321999
2018-11-23,JPM,1.081262,1.052833,0.2718881
2018-11-23,TSLA,1.000865,-0.7975811,-0.02448615
2018-11-23,XOM,0.9183824,0.5440461,-0.05317684
2018-11-26,AAPL,1.070795,-0.6913206,0.3359649
2018-11-26,JPM,1.09696,1.046257,0.2606077
2018-11-26,TSLA,1.090555,-0.8302184,-0.08589441
2018-11-26,XOM,0.9323423,0.5384581,-0.06296329
2018-11-27,AAPL,1.072208,-0.6963301,0.3185892
2018-11-27,JPM,1.097539,1.042669,0.250801
2018-11-27,TSLA,1.093233,-0.8395297,-0.1178595
2018-11-27,XOM,0.9323821,0.5372093,-0.06593278
2018-11-28,AAPL,1.082977,-0.7001033,0.3196259
2018-11-28,JPM,1.084918,1.046658,0.2494998
2018-11-28,TSLA,1.038288,-0.8182045,-0.121837
2018-11-28,XOM,0.9381161,0.5346014,-0.06548288
2018-11-29,AAPL,1.086602,-0.700064,0.3122056
2018-11-29,JPM,1.088184,1.045667,0.2420562
2018-11-29,TSLA,1.04999,-0.8185908,-0.1454222
2018-11-29,XOM,0.9317205,0.5347487,-0.05296224
2018-11-30,AAPL,1.067282,-0.6532313,0.3644843
2018-11-30,JPM,1.094751,1.02846,0.2232528
2018-11-30,TSLA,1.062768,-0.8492384,-0.179992
2018-11-30,XOM,0.931689,0.5339349,-0.05350055
2018-12-03,AAPL,1.086906,-0.6975331,0.335536
2018-12-03,JPM,1.098992,1.017597,0.2163387
2018-12-03,TSLA,1.065389,-0.8548408,-0.1835713
2018-12-03,XOM,0.9480586,0.496064,-0.077973
2018-12-04,AAPL,1.153111,-0.6597075,0.2873721
2018-12-04,JPM,1.141886,1.041317,0.1846214
2018-12-04,TSLA,0.9140578,-0.9397335,-0.07295245
2018-12-04,XOM,0.8905801,0.4633438,-0.03627559
2018-12-06,AAPL,1.16841,-0.6037814,0.2889419
2018-12-06,JPM,1.148513,1.065371,0.1849451
2018-12-06,TSLA,0.9137017,-0.9400346,-0.07253625
2018-12-06,XOM,0.8970825,0.4871036,-0.03571746
2018-12-07,AAPL,1.161468,-0.5882401,0.2967778
2018-12-07,JPM,1.155381,1.048794,0.1766114
2018-12-07,TSLA,0.8783459,-0.8603763,-0.03225071
2018-12-07,XOM,0.8883872,0.5058947,-0.02614716
2018-12-10,AAPL,1.167289,-0.5577246,0.3003017
2018-12-10,JPM,1.159859,1.072177,0.1790159
2018-12-10,TSLA,0.8759478,-0.8716838,-0.03321105
2018-12-10,XOM,0.8956438,0.5434574,-0.02195425
2018-12-11,AAPL,1.17182,-0.5577224,0.2820398
2018-12-11,JPM,1.163004,1.071387,0.1653743
2018-12-11,TSLA,0.8764313,-0.871161,-0.03504243
2018-12-11,XOM,0.8928671,0.5432389,-0.01175246
2018-12-12,AAPL,1.169588,-0.5587858,0.2837119
2018-12-12,JPM,1.164425,1.071738,0.1638403
2018-12-12,TSLA,0.8709378,-0.8738761,-0.03064794
2018-12-12,XOM,0.879667,0.5350409,-0.002201044
2018-12-13,AAPL,1.166006,-0.5705446,0.2888832
2018-12-13,JPM,1.163364,1.068234,0.164733
2018-12-13,TSLA,0.8636508,-0.8982775,-0.01970975
2018-12-13,XOM,0.8722031,0.5094447,0.008378364
2018-12-14,AAPL,1.173784,-0.5706327,0.2904001
2018-12-14,JPM,1.147047,1.068203,0.161579
2018-12-14,TSLA,0.8840082,-0.8984933,-0.01569294
2018-12-14,XOM,0.8801438,0.5088225,0.00971999
2018-12-17,AAPL,1.138337,-0.5429348,0.2634726
2018-12-17,JPM,1.145502,1.06856,0.1602593
2018-12-17,TSLA,0.916507,-0.9232534,0.00966813
2018-12-17,XOM,0.8907915,0.5000993,0.01791115
2018-12-18,AAPL,1.134267,-0.5619224,0.2611779
2018-12-18,JPM,1.144757,1.065419,0.159629
2018-12-18,TSLA,0.9311951,-0.8508802,0.01915174
2018-12-18,XOM,0.8997421,0.5441099,0.0234193
2018-12-19,AAPL,1.167992,-0.5656759,0.2075613
2018-12-19,JPM,1.139451,1.065344,0.167359
2018-12-19,TSLA,0.9391382,-0.851277,0.006788556
2018-12-19,XOM,0.9074678,0.542839,0.01076488
2018-12-20,AAPL,1.16752,-0.5647197,0.2078916
2018-12-20,JPM,1.139764,1.063532,0.1667678
2018-12-20,TSLA,0.9715624,-0.9178285,-0.008159275
2018-12-20,XOM,0.9280897,0.4995738,0.0008406597
2018-12-21,AAPL,1.190369,-0.593561,0.1622576
2018-12-21,JPM,1.158945,1.038267,0.127716
2018-12-21,TSLA,0.8976637,-0.8238056,0.1394267
2018-12-21,XOM,0.9110327,0.5206217,0.0344067
2018-12-24,AAPL,1.169353,-0.6117112,0.1595285
2018-12-24,JPM,1.112598,0.9969909,0.120979
2018-12-24,TSLA,1.042982,-0.695222,0.1600258
2018-12-24,XOM,0.9417174,0.5474633,0.03859642
2018-12-26,AAPL,1.194361,-0.6173987,0.1391838
2018-12-26,JPM,1.089175,1.001876,0.1396651
2018-12-26,TSLA,1.222717,-0.7374838,0.01325521
2018-12-26,XOM,0.965824,0.5413523,0.01862608
2018-12-27,AAPL,1.181702,-0.6107654,0.1414375
2018-12-27,JPM,1.090564,1.00043,0.1390769
2018-12-27,TSLA,1.188423,-0.7196898,0.01925059
2018-12-27,XOM,0.963257,0.5422294,0.01889733
2018-12-28,AAPL,1.183642,-0.5918493,0.1536435
2018-12-28,JPM,1.089274,0.9896332,0.1322013
2018-12-28,TSLA,1.209514,-0.5233539,0.1459767
2018-12-28,XOM,0.959651,0.5098478,-0.001903545
2018-12-31,AAPL,1.181569,-0.5923033,0.1485462
2018-12-31,JPM,1.08995,0.9892993,0.1341722
2018-12-31,TSLA,1.198493,-0.5269186,0.1173605
2018-12-31,XOM,0.9563606,0.5084242,-0.01028673
2019-01-02,AAPL,1.198779,-0.5832633,0.07642339
2019-01-02,JPM,1.100954,0.9943701,0.08693598
2019-01-02,TSLA,1.112612,-0.5724258,0.483936
2019-01-02,XOM,0.9784604,0.5202695,-0.106379
2019-01-03,AAPL,1.271207,-0.7472177,0.03691861
2019-01-03,JPM,1.098085,0.9988952,0.08812285
2019-01-03,TSLA,1.103258,-0.5493721,0.4890012
2019-01-03,XOM,0.975308,0.5273331,-0.1048301
2019-01-04,AAPL,1.261505,-0.7392545,0.05523438
2019-01-04,JPM,1.114009,0.9861098,0.05907558
2019-01-04,TSLA,1.160466,-0.5941276,0.3821266
2019-01-04,XOM,0.9908408,0.5148689,-0.1337564
2019-01-07,AAPL,1.257047,-0.7031562,0.1001629
2019-01-07,JPM,1.113637,0.9871172,0.06081392
2019-01-07,TSLA,1.176446,-0.7309051,0.2113966
2019-01-07,XOM,0.9909254,0.5122994,-0.1366255
2019-01-08,AAPL,1.26017,-0.7072899,0.09908148
2019-01-08,JPM,1.110156,0.9910844,0.06186471
2019-01-08,TSLA,1.169609,-0.7195253,0.2165826
2019-01-08,XOM,0.9917197,0.5109887,-0.1365924
2019-01-09,AAPL,1.269838,-0.7085678,0.06327725
2019-01-09,JPM,1.10515,0.9898478,0.07795965
2019-01-09,TSLA,1.173996,-0.7205021,0.199761
2019-01-09,XOM,0.9914757,0.5121682,-0.1348532
2019-01-10,AAPL,1.269421,-0.7017538,0.07029919
2019-01-10,JPM,1.105255,0.9901006,0.07788254
2019-01-10,TSLA,1.173766,-0.7472182,0.1748354
2019-01-10,XOM,0.9909726,0.5291027,-0.1179979
2019-01-11,AAPL,1.267671,-0.7081414,0.06963347
2019-01-11,JPM,1.10294,0.9813736,0.0764826
2019-01-11,TSLA,1.176428,-0.7373253,0.1764228
2019-01-11,XOM,0.9893924,0.5226113,-0.1188594
2019-01-14,AAPL,1.267276,-0.7102214,0.0701573
2019-01-14,JPM,1.104473,0.9938981,0.07362634
2019-01-14,TSLA,1.169104,-0.7922138,0.1881686
2019-01-14,XOM,0.9886922,0.5183727,-0.1185992
2019-01-15,AAPL,1.267569,-0.7112516,0.07405369
2019-01-15,JPM,1.105666,0.9930487,0.08357586
2019-01-15,TSLA,1.171029,-0.7945749,0.2047568
2019-01-15,XOM,0.9871479,0.5181842,-0.1287495
2019-01-16,AAPL,1.286411,-0.6543398,0.06839598
2019-01-16,JPM,1.101555,0.9807051,0.08430377
2019-01-16,TSLA,1.180067,-0.7669159,0.2025833
2019-01-16,XOM,0.9779147,0.4907201,-0.1259035
2019-01-17,AAPL,1.28462,-0.650482,0.07371807
2019-01-17,JPM,1.10045,0.9826299,0.0874505
2019-01-17,TSLA,1.17494,-0.7639419,0.2091877
2019-01-17,XOM,0.9784173,0.4910841,-0.1256958
2019-01-18,AAPL,1.273896,-0.6438651,0.1002423
2019-01-18,JPM,1.100638,0.9818832,0.08617828
2019-01-18,TSLA,0.9936011,-0.6412853,0.6625233
2019-01-18,XOM,0.9747998,0.4933779,-0.1170184
2019-01-22,AAPL,1.275733,-0.6479657,0.09249463
2019-01-22,JPM,1.104233,0.9727382,0.0701354
2019-01-22,TSLA,0.9954327,-0.6453791,0.6546746
2019-01-22,XOM,0.9754853,0.4912561,-0.1205288
2019-01-23,AAPL,1.275895,-0.6468791,0.09344275
2019-01-23,JPM,1.103093,0.9650955,0.05562228
2019-01-23,TSLA,0.9869225,-0.7176407,0.5001625
2019-01-23,XOM,0.9738837,0.4788592,-0.1461348
2019-01-24,AAPL,1.274536,-0.6386752,0.1149871
2019-01-24,JPM,1.102854,0.9653255,0.05668757
2019-01-24,TSLA,0.9892048,-0.7429547,0.445936
2019-01-24,XOM,0.9736102,0.4799075,-0.143356
2019-01-25,AAPL,1.284733,-0.7155399,-0.003017832
2019-01-25,JPM,1.10329,0.9603271,0.0500652
2019-01-25,TSLA,0.9952344,-0.7897548,0.3731881
2019-01-25,XOM,0.9722396,0.4894128,-0.1280634
2019-01-28,AAPL,1.2831,-0.7025723,0.003731071
2019-01-28,JPM,1.10242,0.976295,0.05827578
2019-01-28,TSLA,0.9947953,-0.7633879,0.3865515
2019-01-28,XOM,0.9721801,0.4848283,-0.130315
2019-01-29,AAPL,1.283548,-0.70393,0.00492943
2019-01-29,JPM,1.102461,0.9770038,0.0569654
2019-01-29,TSLA,0.9946175,-0.7600356,0.3846562
2019-01-29,XOM,0.971947,0.4864782,-0.1316756
2019-01-30,AAPL,1.309275,-0.8353481,-0.063882
2019-01-30,JPM,1.09877,0.9938889,0.06577937
2019-01-30,TSLA,1.003351,-0.8050596,0.3603107
2019-01-30,XOM,0.9725121,0.482289,-0.1339567
2019-01-31,AAPL,1.310211,-0.7948958,-0.05259939
2019-01-31,JPM,1.09916,1.019043,0.072565
2019-01-31,TSLA,1.006169,-0.7189578,0.3843382
2019-01-31,XOM,0.970598,0.440553,-0.1457833
2019-02-01,AAPL,1.309252,-0.7942658,-0.0545218
2019-02-01,JPM,1.098424,1.016692,0.07393429
2019-02-01,TSLA,1.016602,-0.6957467,0.3684373
2019-02-01,XOM,0.9827176,0.4715166,-0.1717078
2019-02-04,AAPL,1.322515,-0.7978984,-0.06173387
2019-02-04,JPM,1.099628,1.016374,0.07329598
2019-02-04,TSLA,1.016756,-0.6874263,0.3732654
2019-02-04,XOM,0.9731185,0.4803297,-0.1627011
2019-02-05,AAPL,1.319707,-0.8158614,-0.0701195
2019-02-05,JPM,1.098677,1.021379,0.07399527
2019-02-05,TSLA,1.016015,-0.7242086,0.3610959
2019-02-05,XOM,0.974608,0.4630207,-0.1662234
2019-02-06,AAPL,1.318831,-0.8151933,-0.07157594
2019-02-06,JPM,1.098189,1.018876,0.07152554
2019-02-06,TSLA,1.017887,-0.7263278,0.3635674
2019-02-06,XOM,0.9749414,0.4655206,-0.1625346
2019-02-07,AAPL,1.325616,-0.8188957,-0.07708481
2019-02-07,JPM,1.099515,0.9963141,0.04383995
2019-02-07,TSLA,1.018704,-0.7910804,0.2824858
2019-02-07,XOM,0.9789441,0.4697277,-0.1573483
2019-02-08,AAPL,1.327849,-0.8127219,-0.08179505
2019-02-08,JPM,1.10089,1.000445,0.03673786
2019-02-08,TSLA,1.027681,-0.7690958,0.2666648
2019-02-08,XOM,0.9773632,0.4645571,-0.1485438
2019-02-11,AAPL,1.325563,-0.8176704,-0.08515459
2019-02-11,JPM,1.097006,0.9808895,0.02688802
2019-02-11,TSLA,1.040492,-0.6994321,0.3015575
2019-02-11,XOM,0.9777894,0.4662512,-0.1474159
2019-02-12,AAPL,1.313136,-0.8152932,-0.06845467
2019-02-12,JPM,1.101678,0.978916,0.01891809
2019-02-12,TSLA,1.019121,-0.6963925,0.3286824
2019-02-12,XOM,0.9830225,0.4650713,-0.1546925
2019-02-13,AAPL,1.310454,-0.8173385,-0.06361002
2019-02-13,JPM,1.101541,0.9776455,0.016957
2019-02-13,TSLA,1.017145,-0.6928431,0.3427649
2019-02-13,XOM,0.9872267,0.470443,-0.1591578
2019-02-14,AAPL,1.305856,-0.8240625,-0.0621403
2019-02-14,JPM,1.09927,0.972401,0.01724039
2019-02-14,TSLA,1.02808,-0.6676502,0.3396033
2019-02-14,XOM,0.9826238,0.4593504,-0.1578879
2019-02-15,AAPL,1.28707,-0.8605635,-0.06464925
2019-02-15,JPM,1.123146,1.019782,0.02080365
2019-02-15,TSLA,1.041065,-0.6420758,0.341407
2019-02-15,XOM,0.9911956,0.4760778,-0.1567567
2019-02-19,AAPL,1.28977,-0.8508695,-0.0652034
2019-02-19,JPM,1.119463,1.006668,0.02157601
2019-02-19,TSLA,1.038793,-0.6494777,0.3421648
2019-02-19,XOM,0.9922875,0.4803896,-0.1572406
2019-02-20,AAPL,1.297576,-0.8222823,-0.06169393
2019-02-20,JPM,1.117461,0.9971723,0.01762696
2019-02-20,TSLA,1.034163,-0.6672121,0.3385216
2019-02-20,XOM,0.991254,0.4781622,-0.1563652
2019-02-21,AAPL,1.298545,-0.8208443,-0.06353671
2019-02-21,JPM,1.114937,0.9953492,0.02284168
2019-02-21,TSLA,1.054704,-0.6532993,0.2907677
2019-02-21,XOM,0.9935234,0.4801432,-0.1615912
2019-02-22,AAPL,1.303005,-0.7924683,-0.05410943
2019-02-22,JPM,1.111289,0.9740525,0.01580732
2019-02-22,TSLA,1.056731,-0.6393377,0.2953387
2019-02-22,XOM,0.9855917,0.4314665,-0.1774552
2019-02-25,AAPL,1.302002,-0.8011732,-0.06449307
2019-02-25,JPM,1.109108,0.9475777,-0.01491054
2019-02-25,TSLA,1.05402,-0.6722921,0.2563382
2019-02-25,XOM,0.985359,0.4349973,-0.1728732
2019-02-26,AAPL,1.303761,-0.7968697,-0.06406058
2019-02-26,JPM,1.111032,0.9560958,-0.0130055
2019-02-26,TSLA,1.056238,-0.6605473,0.2595693
2019-02-26,XOM,0.9828762,0.4261706,-0.1747244
2019-02-27,AAPL,1.304982,-0.7909081,-0.05725586
2019-02-27,JPM,1.110534,0.9542479,-0.01481398
2019-02-27,TSLA,1.06267,-0.5847359,0.3807652
2019-02-27,XOM,0.9833091,0.4398347,-0.1507232
2019-02-28,AAPL,1.307988,-0.7930113,-0.07168684
2019-02-28,JPM,1.1107,0.9527269,-0.01891211
2019-02-28,TSLA,1.054111,-0.57926,0.4154282
2019-02-28,XOM,0.9838643,0.439657,-0.1517035
2019-03-01,AAPL,1.307988,-0.7927998,-0.07161288
2019-03-01,JPM,1.109392,0.9549326,-0.01627578
2019-03-01,TSLA,1.021187,-0.4907201,0.5055394
2019-03-01,XOM,0.9862135,0.4323825,-0.1588418
2019-03-04,AAPL,1.304091,-0.7959327,-0.09267715
2019-03-04,JPM,1.109463,0.9545647,-0.01478224
2019-03-04,TSLA,1.029732,-0.4831294,0.5388679
2019-03-04,XOM,0.9845779,0.4307154,-0.1670625
2019-03-05,AAPL,1.304411,-0.7951039,-0.09416477
2019-03-05,JPM,1.108527,0.9536925,-0.01118289
2019-03-05,TSLA,1.039928,-0.4696843,0.5000272
2019-03-05,XOM,0.9843284,0.4310143,-0.1654344
2019-03-06,AAPL,1.303383,-0.794666,-0.09026108
2019-03-06,JPM,1.106697,0.9514212,-0.008359855
2019-03-06,TSLA,1.037691,-0.4724544,0.5031014
2019-03-06,XOM,0.9874595,0.4359111,-0.1689899
2019-03-07,AAPL,1.306164,-0.7911911,-0.09246998
2019-03-07,JPM,1.100506,0.9447781,-0.003230603
2019-03-07,TSLA,1.02943,-0.4821796,0.5094048
2019-03-07,XOM,0.9623141,0.410841,-0.1458582
2019-03-08,AAPL,1.304493,-0.7915158,-0.08936161
2019-03-08,JPM,1.097517,0.9407671,-0.003209521
2019-03-08,TSLA,1.022198,-0.4834651,0.5267844
2019-03-08,XOM,0.9684213,0.4175649,-0.1481765
2019-03-11,AAPL,1.320195,-0.8047023,-0.1095229
2019-03-11,JPM,1.099941,0.9375438,-0.007352287
2019-03-11,TSLA,1.034254,-0.4911296,0.5165154
2019-03-11,XOM,0.9649559,0.4207622,-0.1426267
2019-03-12,AAPL,1.321949,-0.8067868,-0.1126019
2019-03-12,JPM,1.097872,0.9390046,-0.004691469
2019-03-12,TSLA,1.026577,-0.4803803,0.5306158
2019-03-12,XOM,0.9644517,0.4206053,-0.1424174
2019-03-13,AAPL,1.317183,-0.8092193,-0.1093798
2019-03-13,JPM,1.092452,0.9354153,-0.001774261
2019-03-13,TSLA,1.037491,-0.4773878,0.5225644
2019-03-13,XOM,0.9645068,0.4200532,-0.1427643
2019-03-14,AAPL,1.322046,-0.783175,-0.08926335
2019-03-14,JPM,1.09447,0.946694,0.007221582
2019-03-14,TSLA,1.039247,-0.4676285,0.5299925
2019-03-14,XOM,0.9624513,0.4097925,-0.1506502
2019-03-15,AAPL,1.323128,-0.7881552,-0.0944809
2019-03-15,JPM,1.096394,0.9346522,-0.004151802
2019-03-15,TSLA,1.024225,-0.3876215,0.6059563
2019-03-15,XOM,0.9597885,0.4211307,-0.1389114
2019-03-18,AAPL,1.331529,-0.7705267,-0.100491
2019-03-18,JPM,1.093485,0.9264675,-0.003669318
2019-03-18,TSLA,1.004991,-0.429589,0.6183143
2019-03-18,XOM,0.9636322,0.4305719,-0.1411779
2019-03-19,AAPL,1.346408,-0.7062593,-0.08703645
2019-03-19,JPM,1.088277,0.9047448,-0.008662986
2019-03-19,TSLA,1.017495,-0.3748707,0.6336514
2019-03-19,XOM,0.9615931,0.4224699,-0.14255
2019-03-20,AAPL,1.335733,-0.7340726,-0.08744073
2019-03-20,JPM,1.099481,0.9372133,-0.00690126
2019-03-20,TSLA,0.9864374,-0.4676545,0.6259972
2019-03-20,XOM,0.9408256,0.3610608,-0.147263
2019-03-21,AAPL,1.34037,-0.7923479,-0.1155148
2019-03-21,JPM,1.096881,1.002329,0.02602249
2019-03-21,TSLA,0.9878046,-0.4066016,0.6583337
2019-03-21,XOM,0.9416014,0.3634506,-0.145479
2019-03-22,AAPL,1.335667,-0.7962583,-0.1111688
2019-03-22,JPM,1.116788,1.021429,0.01249231
2019-03-22,TSLA,1.028833,-0.366233,0.6315289
2019-03-22,XOM,0.9371605,0.3594136,-0.1399404
2019-03-25,AAPL,1.334148,-0.8196663,-0.1482014
2019-03-25,JPM,1.117147,1.012657,-0.001470678
2019-03-25,TSLA,1.037195,-0.397028,0.5736393
2019-03-25,XOM,0.9399804,0.3541385,-0.1509073
2019-03-26,AAPL,1.312432,-0.8666124,-0.1523828
2019-03-26,JPM,1.112836,1.00323,-0.003763848
2019-03-26,TSLA,1.065556,-0.3323135,0.5574455
2019-03-26,XOM,0.9456162,0.3662911,-0.1461274
2019-03-27,AAPL,1.307768,-0.8277511,-0.1511797
2019-03-27,JPM,1.113028,0.9977549,-0.004970537
2019-03-27,TSLA,1.056254,-0.2629034,0.5471874
2019-03-27,XOM,0.9464812,0.3555436,-0.1489966
2019-03-28,AAPL,1.308313,-0.8277999,-0.1495526
2019-03-28,JPM,1.115674,1.005378,-0.003410098
2019-03-28,TSLA,1.059606,-0.2514002,0.5486054
2019-03-28,XOM,0.9453902,0.3550252,-0.1504289
2019-03-29,AAPL,1.313482,-0.7819912,-0.1214587
2019-03-29,JPM,1.114906,0.9763796,-0.02088439
2019-03-29,TSLA,1.056224,-0.237524,0.556628
2019-03-29,XOM,0.9456972,0.3688467,-0.1419378
2019-04-01,AAPL,1.306725,-0.7928204,-0.1177911
2019-04-01,JPM,1.137595,1.013972,-0.03120774
2019-04-01,TSLA,1.118907,-0.1308632,0.5244473
2019-04-01,XOM,0.9308347,0.3445326,-0.1365114
2019-04-02,AAPL,1.301657,-0.809716,-0.1179319
2019-04-02,JPM,1.133151,0.9993591,-0.03213375
2019-04-02,TSLA,1.119407,-0.1169558,0.5212949
2019-04-02,XOM,0.9324818,0.3486846,-0.1359058
2019-04-03,AAPL,1.301245,-0.811312,-0.1187092
2019-04-03,JPM,1.132411,0.9949667,-0.03466169
2019-04-03,TSLA,1.112022,-0.1482477,0.5069583
2019-04-03,XOM,0.9328501,0.3559433,-0.1311787
2019-04-04,AAPL,1.305686,-0.7965196,-0.1359204
2019-04-04,JPM,1.131171,0.9903798,-0.02935483
2019-04-04,TSLA,1.071453,-0.2981339,0.712916
2019-04-04,XOM,0.9377344,0.3713882,-0.150304
2019-04-05,AAPL,1.305764,-0.7965401,-0.1379973
2019-04-05,JPM,1.129531,0.9929051,-0.01883134
2019-04-05,TSLA,1.076432,-0.3112538,0.6671725
2019-04-05,XOM,0.9375831,0.3710033,-0.1507
2019-04-08,AAPL,1.308823,-0.7944717,-0.1453339
2019-04-08,JPM,1.129111,0.9919001,-0.01977724
2019-04-08,TSLA,1.070986,-0.3186483,0.662751
2019-04-08,XOM,0.9361312,0.3678782,-0.1559603
2019-04-09,AAPL,1.30783,-0.7899564,-0.1333753
2019-04-09,JPM,1.128185,0.9906263,-0.02040633
2019-04-09,TSLA,1.071143,-0.3212149,0.6559098
2019-04-09,XOM,0.9391651,0.3617076,-0.1764718
2019-04-10,AAPL,1.308266,-0.7850857,-0.1300531
2019-04-10,JPM,1.126685,0.9888651,-0.02366025
2019-04-10,TSLA,1.078255,-0.2916196,0.6830481
2019-04-10,XOM,0.9385985,0.3536457,-0.1804865
2019-04-11,AAPL,1.305153,-0.7962975,-0.1330824
2019-04-11,JPM,1.126604,0.9903294,-0.02698424
2019-04-11,TSLA,1.067897,-0.3323238,0.6731301
2019-04-11,XOM,0.9403658,0.3602081,-0.176036
2019-04-12,AAPL,1.29732,-0.799276,-0.1100207
2019-04-12,JPM,1.162315,1.007358,-0.1262599
2019-04-12,TSLA,1.072516,-0.3282034,0.6684929
2019-04-12,XOM,0.9126511,0.3466985,-0.09912321
2019-04-15,AAPL,1.297825,-0.79873,-0.1110095
2019-04-15,JPM,1.162993,1.00894,-0.1378031
2019-04-15,TSLA,1.075972,-0.326202,0.6523805
2019-04-15,XOM,0.9128471,0.3460297,-0.0985344
2019-04-16,AAPL,1.299451,-0.7900721,-0.115246
2019-04-16,JPM,1.163042,1.010238,-0.1383469
2019-04-16,TSLA,1.090406,-0.2586197,0.6093449
2019-04-16,XOM,0.913565,0.3498222,-0.1022483
2019-04-17,AAPL,1.303672,-0.759771,-0.1652067
2019-04-17,JPM,1.164213,1.02043,-0.1864979
2019-04-17,TSLA,1.088917,-0.2671528,0.5879573
2019-04-17,XOM,0.9132604,0.348914,-0.1052584
2019-04-18,AAPL,1.304215,-0.7453832,-0.1557181
2019-04-18,JPM,1.166238,1.035274,-0.177187
2019-04-18,TSLA,1.085136,-0.283426,0.5780541
2019-04-18,XOM,0.9146159,0.3590526,-0.09890851
2019-04-22,AAPL,1.305278,-0.7329707,-0.1512262
2019-04-22,JPM,1.164812,1.024205,-0.1813998
2019-04-22,TSLA,1.096051,-0.1720931,0.6159985
2019-04-22,XOM,0.9083536,0.2981962,-0.1199675
2019-04-23,AAPL,1.308124,-0.7317589,-0.145834
2019-04-23,JPM,1.162479,1.021245,-0.1860414
2019-04-23,TSLA,1.09023,-0.1843413,0.6002404
2019-04-23,XOM,0.9074517,0.2987789,-0.1206707
2019-04-24,AAPL,1.307305,-0.7267266,-0.138623
2019-04-24,JPM,1.161294,1.024703,-0.180224
2019-04-24,TSLA,1.094802,-0.2164029,0.5521194
2019-04-24,XOM,0.9115006,0.2724308,-0.1597384
2019-04-25,AAPL,1.301246,-0.7534141,-0.1908108
2019-04-25,JPM,1.163089,1.031641,-0.1643579
2019-04-25,TSLA,1.063924,-0.3326151,0.3126097
2019-04-25,XOM,0.9157104,0.2923527,-0.1207704
2019-04-26,AAPL,1.293635,-0.7763194,-0.2099304
2019-04-26,JPM,1.164732,1.037383,-0.1589752
2019-04-26,TSLA,1.015509,-0.4855719,0.1820545
2019-04-26,XOM,0.8944751,0.226384,-0.1754819
2019-04-29,AAPL,1.298564,-0.7626218,-0.2079223
2019-04-29,JPM,1.168036,1.051168,-0.1564892
2019-04-29,TSLA,1.039993,-0.3821013,0.2030479
2019-04-29,XOM,0.8876068,0.1950757,-0.1822346
2019-04-30,AAPL,1.285694,-0.7991867,-0.2441674
2019-04-30,JPM,1.163676,1.038759,-0.1681282
2019-04-30,TSLA,1.035118,-0.3956312,0.1885004
2019-04-30,XOM,0.8889349,0.199244,-0.1772312
2019-05-01,AAPL,1.226365,-0.757131,-0.132503
2019-05-01,JPM,1.161953,1.038936,-0.1658611
2019-05-01,TSLA,1.045293,-0.4028496,0.1692982
2019-05-01,XOM,0.9020921,0.189743,-0.20202
2019-05-02,AAPL,1.228248,-0.7610138,-0.1431353
2019-05-02,JPM,1.157653,1.046573,-0.1450983
2019-05-02,TSLA,1.025157,-0.3566246,0.2849626
2019-05-02,XOM,0.9075013,0.1780533,-0.2310835
2019-05-03,AAPL,1.22614,-0.7599797,-0.1410976
2019-05-03,JPM,1.155643,1.043934,-0.1464455
2019-05-03,TSLA,1.055865,-0.3259291,0.2989544
2019-05-03,XOM,0.9042907,0.1744465,-0.2329346
2019-05-06,AAPL,1.239439,-0.7520896,-0.1511369
2019-05-06,JPM,1.152823,1.041432,-0.1460698
2019-05-06,TSLA,1.05179,-0.329164,0.2987658
2019-05-06,XOM,0.8993342,0.1712764,-0.2306594
2019-05-07,AAPL,1.245228,-0.7593277,-0.1584258
2019-05-07,JPM,1.158257,1.03159,-0.1553566
2019-05-07,TSLA,1.0717,-0.3462243,0.2816512
2019-05-07,XOM,0.8818006,0.1847195,-0.2170597
2019-05-08,AAPL,1.24557,-0.7578874,-0.1574795
2019-05-08,JPM,1.1575,1.030665,-0.1563671
2019-05-08,TSLA,1.073772,-0.3390515,0.2832666
2019-05-08,XOM,0.8771974,0.1743621,-0.2218247
2019-05-09,AAPL,1.244752,-0.7726037,-0.1760755
2019-05-09,JPM,1.15767,1.03556,-0.1497843
2019-05-09,TSLA,1.07352,-0.362522,0.2535423
2019-05-09,XOM,0.8763617,0.1844904,-0.208534
2019-05-10,AAPL,1.221522,-0.8215687,-0.2341667
2019-05-10,JPM,1.149781,1.018707,-0.1691449
2019-05-10,TSLA,1.05885,-0.3941371,0.2168078
2019-05-10,XOM,0.8834393,0.2000791,-0.1901189
2019-05-13,AAPL,1.289967,-0.8350197,-0.2986995
2019-05-13,JPM,1.15298,1.017,-0.1732699
2019-05-13,TSLA,1.115083,-0.406775,0.1610337
2019-05-13,XOM,0.8518663,0.2064994,-0.1601169
2019-05-14,AAPL,1.293763,-0.8344534,-0.3049002
2019-05-14,JPM,1.150352,1.016449,-0.1697389
2019-05-14,TSLA,1.126746,-0.4012648,0.141844
2019-05-14,XOM,0.8474581,0.2044662,-0.1532947
2019-05-15,AAPL,1.293746,-0.8277252,-0.3032735
2019-05-15,JPM,1.149994,1.017669,-0.1697285
2019-05-15,TSLA,1.127352,-0.3645061,0.1494863
2019-05-15,XOM,0.8468158,0.1841477,-0.1576495
2019-05-16,AAPL,1.264352,-0.8350934,-0.330068
2019-05-16,JPM,1.15657,1.019603,-0.1629748
2019-05-16,TSLA,1.090635,-0.37237,0.1169789
2019-05-16,XOM,0.8343306,0.1802435,-0.1694061
2019-05-17,AAPL,1.263769,-0.8281656,-0.3220736
2019-05-17,JPM,1.156165,1.015395,-0.1665745
2019-05-17,TSLA,1.094944,-0.4551299,0.02424725
2019-05-17,XOM,0.8343676,0.1767493,-0.173294
2019-05-20,AAPL,1.258001,-0.9061654,-0.3777033
2019-05-20,JPM,1.157774,1.036781,-0.1511232
2019-05-20,TSLA,1.087835,-0.5173289,-0.02006616
2019-05-20,XOM,0.8348959,0.1948163,-0.1602549
2019-05-21,AAPL,1.259371,-0.9158116,-0.3908829
2019-05-21,JPM,1.156248,1.042997,-0.1413204
2019-05-21,TSLA,1.084356,-0.4921124,0.01254028
2019-05-21,XOM,0.8344403,0.1977539,-0.1571688
2019-05-22,AAPL,1.262861,-0.9052989,-0.44819
2019-05-22,JPM,1.155357,1.040747,-0.1340265
2019-05-22,TSLA,1.095144,-0.4607033,-0.1623407
2019-05-22,XOM,0.8351371,0.2007203,-0.17068
2019-05-23,AAPL,1.261017,-0.9052433,-0.4442542
2019-05-23,JPM,1.158315,1.04106,-0.1410616
2019-05-23,TSLA,1.042197,-0.4821841,-0.06504634
2019-05-23,XOM,0.8498258,0.2058681,-0.1997158
2019-05-24,AAPL,1.260473,-0.907263,-0.4455288
2019-05-24,JPM,1.161637,1.05994,-0.1277388
2019-05-24,TSLA,1.025235,-0.5737006,-0.1281092
2019-05-24,XOM,0.850962,0.2170682,-0.1929303
2019-05-28,AAPL,1.252531,-0.9091992,-0.4247796
2019-05-28,JPM,1.148926,1.049195,-0.1127678
2019-05-28,TSLA,1.03161,-0.5659236,-0.1292765
2019-05-28,XOM,0.8650003,0.2268222,-0.2150613
2019-05-29,AAPL,1.249396,-0.9047717,-0.4317481
2019-05-29,JPM,1.148906,1.047232,-0.1120168
2019-05-29,TSLA,1.008529,-0.5746158,-0.1720847
2019-05-29,XOM,0.8619613,0.2176296,-0.2173827
2019-05-30,AAPL,1.251219,-0.9033017,-0.4216975
2019-05-30,JPM,1.145746,1.045935,-0.1294911
2019-05-30,TSLA,1.00308,-0.5766755,-0.1977568
2019-05-30,XOM,0.8625509,0.218164,-0.2152801
2019-05-31,AAPL,1.249579,-0.9039347,-0.4220343
2019-05-31,JPM,1.134163,1.039858,-0.1265316
2019-05-31,TSLA,0.994109,-0.5826392,-0.1992774
2019-05-31,XOM,0.8692802,0.2212212,-0.2174023
2019-06-03,AAPL,1.253102,-0.8675564,-0.4207023
2019-06-03,JPM,1.126937,0.9713967,-0.1284187
2019-06-03,TSLA,0.9815366,-0.703661,-0.2015732
2019-06-03,XOM,0.8778755,0.3057533,-0.2157187
2019-06-04,AAPL,1.265393,-0.8669202,-0.4325585
2019-06-04,JPM,1.13727,0.970679,-0.1390602
2019-06-04,TSLA,1.130719,-0.7017713,-0.3423081
2019-06-04,XOM,0.8852564,0.3055802,-0.2230708
2019-06-05,AAPL,1.271696,-0.8663512,-0.4208327
2019-06-05,JPM,1.141923,0.9675069,-0.1285958
2019-06-05,TSLA,1.147,-0.7187021,-0.2981519
2019-06-05,XOM,0.8645078,0.3075867,-0.2607287
2019-06-06,AAPL,1.285254,-0.8531015,-0.4076142
2019-06-06,JPM,1.126831,0.9534936,-0.1430425
2019-06-06,TSLA,1.244012,-0.6269154,-0.2100254
2019-06-06,XOM,0.8877802,0.3289252,-0.2388623
2019-06-07,AAPL,1.286256,-0.8778389,-0.4169094
2019-06-07,JPM,1.123674,1.003647,-0.1249895
2019-06-07,TSLA,1.238142,-0.5218901,-0.1720469
2019-06-07,XOM,0.8875954,0.3310575,-0.2377014
2019-06-10,AAPL,1.2891,-0.8779484,-0.423418
2019-06-10,JPM,1.124885,1.00244,-0.129204
2019-06-10,TSLA,1.263127,-0.5131982,-0.205465
2019-06-10,XOM,0.88628,0.3296994,-0.237621
2019-06-11,AAPL,1.291696,-0.8566884,-0.4381647
2019-06-11,JPM,1.123833,0.9968065,-0.126427
2019-06-11,TSLA,1.268613,-0.4726951,-0.2301994
2019-06-11,XOM,0.8852295,0.3237677,-0.2345598
2019-06-12,AAPL,1.291887,-0.8558762,-0.4405556
2019-06-12,JPM,1.122555,0.9955283,-0.1195548
2019-06-12,TSLA,1.28623,-0.4629624,-0.3551447
2019-06-12,XOM,0.8850536,0.3234938,-0.2367111
2019-06-13,AAPL,1.300007,-0.8243196,-0.3905741
2019-06-13,JPM,1.124243,1.002311,-0.1053811
2019-06-13,TSLA,1.276938,-0.4965444,-0.4150237
2019-06-13,XOM,0.8821071,0.3130998,-0.2539153
2019-06-14,AAPL,1.297597,-0.8311964,-0.3976944
2019-06-14,JPM,1.124609,1.004037,-0.1033482
2019-06-14,TSLA,1.294351,-0.4376681,-0.3590768
2019-06-14,XOM,0.8772706,0.2977112,-0.268874
2019-06-17,AAPL,1.302925,-0.8138604,-0.3884022
2019-06-17,JPM,1.114445,0.9696762,-0.1244226
2019-06-17,TSLA,1.215712,-0.7073028,-0.5251557
2019-06-17,XOM,0.8512803,0.210031,-0.3219078
2019-06-18,AAPL,1.314712,-0.8060516,-0.4080539
2019-06-18,JPM,1.110555,0.9665572,-0.1198941
2019-06-18,TSLA,1.192669,-0.7252101,-0.5058171
2019-06-18,XOM,0.8470505,0.2073802,-0.3155405
2019-06-19,AAPL,1.31128,-0.8062261,-0.4247765
2019-06-19,JPM,1.108393,0.9652849,-0.1299117
2019-06-19,TSLA,1.195355,-0.7243591,-0.4952419
2019-06-19,XOM,0.8452289,0.2069066,-0.3237419
2019-06-20,AAPL,1.303751,-0.7888706,-0.4033927
2019-06-20,JPM,1.101504,0.9789612,-0.1122647
2019-06-20,TSLA,1.156386,-0.6453152,-0.3987299
2019-06-20,XOM,0.8515782,0.191246,-0.343357
2019-06-21,AAPL,1.305093,-0.7837158,-0.3982156
2019-06-21,JPM,1.104275,0.9887153,-0.1039758
2019-06-21,TSLA,1.149008,-0.66596,-0.4270284
2019-06-21,XOM,0.8442942,0.1687499,-0.3660209
2019-06-24,AAPL,1.306767,-0.7788344,-0.3917667
2019-06-24,JPM,1.101406,0.9814195,-0.1133281
2019-06-24,TSLA,1.159168,-0.6418501,-0.3933118
2019-06-24,XOM,0.838766,0.1578876,-0.3815835
2019-06-25,AAPL,1.301967,-0.7698337,-0.3913289
2019-06-25,JPM,1.10644,0.9680695,-0.1165199
2019-06-25,TSLA,1.159343,-0.6467288,-0.3978304
2019-06-25,XOM,0.8404069,0.1513327,-0.3847454
2019-06-26,AAPL,1.274074,-0.8502272,-0.5166473
2019-06-26,JPM,1.101557,0.9557356,-0.1347328
2019-06-26,TSLA,1.169527,-0.6197075,-0.3563737
2019-06-26,XOM,0.8466342,0.167663,-0.3593478
2019-06-27,AAPL,1.273242,-0.8545602,-0.5206055
2019-06-27,JPM,1.101095,0.958855,-0.1325834
2019-06-27,TSLA,1.174164,-0.5894723,-0.3290121
2019-06-27,XOM,0.8413898,0.1389835,-0.3860097
2019-06-28,AAPL,1.256099,-0.9062255,-0.5397651
2019-06-28,JPM,1.1211,1.020155,-0.1099458
2019-06-28,TSLA,1.170883,-0.5996566,-0.3332403
2019-06-28,XOM,0.8488594,0.1626903,-0.3767876
2019-07-01,AAPL,1.268094,-0.8989599,-0.5323697
2019-07-01,JPM,1.134684,1.027186,-0.1019354
2019-07-01,TSLA,1.191043,-0.584973,-0.3159407
2019-07-01,XOM,0.8366143,0.156116,-0.3835126
2019-07-02,AAPL,1.269006,-0.8988197,-0.5245678
2019-07-02,JPM,1.139774,1.026232,-0.07762093
2019-07-02,TSLA,1.176575,-0.590336,-0.3526175
2019-07-02,XOM,0.8315724,0.1563986,-0.4063124
2019-07-03,AAPL,1.265326,-0.8988884,-0.5262452
2019-07-03,JPM,1.130364,1.024636,-0.08257213
2019-07-03,TSLA,1.219938,-0.5876383,-0.3314585
2019-07-03,XOM,0.8368244,0.1564469,-0.4037547
2019-07-05,AAPL,1.271504,-0.8564117,-0.5085595
2019-07-05,JPM,1.128141,1.010186,-0.08849513
2019-07-05,TSLA,1.220211,-0.5896202,-0.3319718
2019-07-05,XOM,0.8334369,0.1328425,-0.413185
2019-07-08,AAPL,1.275127,-0.8696659,-0.5245347
2019-07-08,JPM,1.125901,1.004077,-0.09265508
2019-07-08,TSLA,1.214303,-0.6021403,-0.3398349
2019-07-08,XOM,0.8286556,0.1415133,-0.4009694
2019-07-09,AAPL,1.274997,-0.8717414,-0.5258827
2019-07-09,JPM,1.1249,0.9925569,-0.09717326
2019-07-09,TSLA,1.21446,-0.5951457,-0.3364282
2019-07-09,XOM,0.8285443,0.1434087,-0.3998296
2019-07-10,AAPL,1.273996,-0.8739597,-0.5272401
2019-07-10,JPM,1.125397,1.004067,-0.08851115
2019-07-10,TSLA,1.215614,-0.6650387,-0.3897987
2019-07-10,XOM,0.8281648,0.1198742,-0.4174397
2019-07-11,AAPL,1.26453,-0.877903,-0.5256076
2019-07-11,JPM,1.128655,1.006216,-0.089005
2019-07-11,TSLA,1.215996,-0.6700859,-0.3912206
2019-07-11,XOM,0.8257508,0.1180386,-0.4172361
2019-07-12,AAPL,1.265105,-0.8763533,-0.526888
2019-07-12,JPM,1.127835,1.004685,-0.08855072
2019-07-12,TSLA,1.228922,-0.6521965,-0.4264929
2019-07-12,XOM,0.8214353,0.1129581,-0.4053339
2019-07-15,AAPL,1.260929,-0.8933339,-0.5314388
2019-07-15,JPM,1.126454,1.00175,-0.09248995
2019-07-15,TSLA,1.196071,-0.7987469,-0.461426
2019-07-15,XOM,0.8260551,0.1335631,-0.3989035
2019-07-16,AAPL,1.258315,-0.888648,-0.5267258
2019-07-16,JPM,1.117377,1.01673,-0.07923895
2019-07-16,TSLA,1.195152,-0.7933049,-0.4601977
2019-07-16,XOM,0.8324721,0.1213483,-0.4092069
2019-07-17,AAPL,1.256947,-0.8894037,-0.5249864
2019-07-17,JPM,1.111873,1.00903,-0.07660732
2019-07-17,TSLA,1.168761,-0.8311523,-0.4482919
2019-07-17,XOM,0.8271681,0.1147508,-0.4054616
2019-07-18,AAPL,1.265917,-0.8765851,-0.5153666
2019-07-18,JPM,1.111646,1.008817,-0.07615464
2019-07-18,TSLA,1.160568,-0.8414874,-0.4561222
2019-07-18,XOM,0.8162346,0.09918248,-0.4182506
2019-07-19,AAPL,1.270066,-0.8825181,-0.5074209
2019-07-19,JPM,1.124294,0.9863765,-0.05437934
2019-07-19,TSLA,1.132917,-0.7962953,-0.5028932
2019-07-19,XOM,0.8132679,0.1041232,-0.4226589
2019-07-22,AAPL,1.269541,-0.918486,-0.5273258
2019-07-22,JPM,1.122881,0.9658962,-0.0660508
2019-07-22,TSLA,1.135416,-0.7530266,-0.4778712
2019-07-22,XOM,0.8131749,0.106441,-0.4211735
2019-07-23,AAPL,1.272643,-0.9118997,-0.5276436
2019-07-23,JPM,1.125426,0.9701783,-0.06775671
2019-07-23,TSLA,1.159094,-0.7106232,-0.4861934
2019-07-23,XOM,0.8025492,0.0884087,-0.4167358
2019-07-24,AAPL,1.271432,-0.9171727,-0.5284837
2019-07-24,JPM,1.107398,0.9146055,-0.09041555
2019-07-24,TSLA,1.175993,-0.644944,-0.4639948
2019-07-24,XOM,0.7936246,0.06134989,-0.4275977
2019-07-25,AAPL,1.27232,-0.905446,-0.5104192
2019-07-25,JPM,1.106115,0.906476,-0.1029801
2019-07-25,TSLA,1.149778,-0.996224,-1.007967
2019-07-25,XOM,0.7947222,0.07211561,-0.409604
2019-07-26,AAPL,1.264458,-0.9138245,-0.5244431
2019-07-26,JPM,1.103048,0.9024998,-0.106556
2019-07-26,TSLA,1.132496,-1.015732,-1.038989
2019-07-26,XOM,0.7862083,0.06263469,-0.4300918
2019-07-29,AAPL,1.255352,-0.9372794,-0.5301391
2019-07-29,JPM,1.099138,0.8943791,-0.1099913
2019-07-29,TSLA,1.094318,-1.102272,-1.069719
2019-07-29,XOM,0.7754353,0.03862598,-0.4386775
2019-07-30,AAPL,1.247878,-0.9234505,-0.5330694
2019-07-30,JPM,1.104497,0.877026,-0.1083444
2019-07-30,TSLA,1.070662,-1.04333,-1.078394
2019-07-30,XOM,0.7728495,0.04368534,-0.4395305
2019-07-31,AAPL,1.189182,-0.8187486,-0.4770056
2019-07-31,JPM,1.089397,0.9033236,-0.09332276
2019-07-31,TSLA,1.046448,-0.9981241,-1.052958
2019-07-31,XOM,0.7774221,0.0356717,-0.4433248
2019-08-01,AAPL,1.221038,-0.7495689,-0.5144187
2019-08-01,JPM,1.083027,0.8906453,-0.08850567
2019-08-01,TSLA,1.062382,-0.9478122,-1.10485
2019-08-01,XOM,0.7929626,0.06782491,-0.4582138
2019-08-02,AAPL,1.236972,-0.7448461,-0.5099452
2019-08-02,JPM,1.072016,0.8867872,-0.0934466
2019-08-02,TSLA,1.03948,-0.9535252,-1.113482
2019-08-02,XOM,0.7971696,0.0687729,-0.4581385
2019-08-05,AAPL,1.29918,-0.7150923,-0.4943281
2019-08-05,JPM,1.057337,0.8793739,-0.09720821
2019-08-05,TSLA,0.9791318,-0.9807244,-1.125693
2019-08-05,XOM,0.7624156,0.05268365,-0.4662561
2019-08-06,AAPL,1.302355,-0.7122572,-0.4896987
2019-08-06,JPM,1.052933,0.8761693,-0.1023273
2019-08-06,TSLA,0.9902201,-0.9751169,-1.114448
2019-08-06,XOM,0.7718539,0.05833671,-0.455198
2019-08-07,AAPL,1.298276,-0.7319697,-0.4969717
2019-08-07,JPM,1.063568,0.9318652,-0.08155176
2019-08-07,TSLA,0.9860493,-0.9963594,-1.120959
2019-08-07,XOM,0.7747431,0.07381052,-0.4489111
2019-08-08,AAPL,1.284478,-0.7393369,-0.5046767
2019-08-08,JPM,1.056979,0.9271355,-0.0856481
2019-08-08,TSLA,0.988897,-0.9961791,-1.117933
2019-08-08,XOM,0.8164954,0.09947332,-0.4236197
2019-08-09,AAPL,1.28294,-0.7346761,-0.4963617
2019-08-09,JPM,1.052498,0.9371384,-0.06500492
2019-08-09,TSLA,0.9870184,-0.9894375,-1.106166
2019-08-09,XOM,0.8224176,0.0840569,-0.4538308
2019-08-12,AAPL,1.249785,-0.74451,-0.4810774
2019-08-12,JPM,1.055381,0.9363842,-0.06805265
2019-08-12,TSLA,1.007195,-0.9808082,-1.112773
2019-08-12,XOM,0.7998914,0.07547752,-0.4454882
2019-08-13,AAPL,1.283265,-0.7698296,-0.4963955
2019-08-13,JPM,1.061879,0.9309621,-0.07117262
2019-08-13,TSLA,1.022571,-0.9833333,-1.112279
2019-08-13,XOM,0.8019211,0.07564534,-0.4448304
2019-08-14,AAPL,1.242579,-0.785127,-0.4795018
2019-08-14,JPM,1.078049,0.9371352,-0.07750574
2019-08-14,TSLA,1.11601,-0.951665,-1.158461
2019-08-14,XOM,0.8329412,0.08356538,-0.4640644
2019-08-15,AAPL,1.234886,-0.7912018,-0.4990007
2019-08-15,JPM,1.082387,0.9405032,-0.0660118
2019-08-15,TSLA,1.109023,-0.956511,-1.180786
2019-08-15,XOM,0.8293863,0.08056145,-0.4722221
2019-08-16,AAPL,1.24499,-0.7762452,-0.497559
2019-08-16,JPM,1.085958,0.9448142,-0.06679006
2019-08-16,TSLA,1.100763,-0.9705477,-1.186463
2019-08-16,XOM,0.829728,0.08127441,-0.4719635
2019-08-19,AAPL,1.245181,-0.773638,-0.4946996
2019-08-19,JPM,1.081775,0.9555386,-0.0428235
2019-08-19,TSLA,1.104959,-0.9826226,-1.212796
2019-08-19,XOM,0.8308121,0.07677184,-0.4807567
2019-08-20,AAPL,1.234514,-0.7879935,-0.4953876
2019-08-20,JPM,1.080338,0.9526754,-0.04418249
2019-08-20,TSLA,1.097124,-0.9982022,-1.221349
2019-08-20,XOM,0.8245944,0.0677547,-0.4819606
2019-08-21,AAPL,1.232039,-0.7846816,-0.4934879
2019-08-21,JPM,1.076872,0.9555146,-0.04249349
2019-08-21,TSLA,1.069364,-0.9644087,-1.20094
2019-08-21,XOM,0.8263723,0.06163568,-0.4887438
2019-08-22,AAPL,1.232487,-0.7809152,-0.4927788
2019-08-22,JPM,1.078103,0.9648773,-0.04178261
2019-08-22,TSLA,1.073978,-0.9339157,-1.196138
2019-08-22,XOM,0.8249611,0.05321051,-0.4892206
2019-08-23,AAPL,1.27303,-0.7611097,-0.4834464
2019-08-23,JPM,1.066957,0.9584692,-0.04471937
2019-08-23,TSLA,1.102056,-0.9189244,-1.18898
2019-08-23,XOM,0.8409947,0.06176489,-0.4852847
2019-08-26,AAPL,1.282241,-0.7511623,-0.4717224
2019-08-26,JPM,1.0622,0.9538281,-0.04971774
2019-08-26,TSLA,1.118796,-0.9022192,-1.169349
2019-08-26,XOM,0.8386151,0.05960873,-0.4878007
2019-08-27,AAPL,1.287091,-0.7254781,-0.4618197
2019-08-27,JPM,1.063104,0.9591862,-0.04792914
2019-08-27,TSLA,1.115198,-0.9201837,-1.175691
2019-08-27,XOM,0.8406695,0.0706509,-0.4834855
2019-08-28,AAPL,1.286315,-0.7262706,-0.4612701
2019-08-28,JPM,1.0612,0.9525574,-0.04807027
2019-08-28,TSLA,1.112684,-0.932272,-1.17371
2019-08-28,XOM,0.8400783,0.07014466,-0.4832629
2019-08-29,AAPL,1.284468,-0.7256111,-0.4581892
2019-08-29,JPM,1.067504,0.9553012,-0.05475404
2019-08-29,TSLA,1.119627,-0.9278431,-1.179478
2019-08-29,XOM,0.8363941,0.06866619,-0.4793438
2019-08-30,AAPL,1.284603,-0.7248812,-0.4542142
2019-08-30,JPM,1.067115,0.9545182,-0.05705426
2019-08-30,TSLA,1.118925,-0.9257618,-1.201631
2019-08-30,XOM,0.8363889,0.06867783,-0.4765289
2019-09-03,AAPL,1.286241,-0.7273743,-0.4536814
2019-09-03,JPM,1.070448,0.9485073,-0.05640845
2019-09-03,TSLA,1.112383,-0.9107581,-1.199662
2019-09-03,XOM,0.8322128,0.07267735,-0.4788588
2019-09-04,AAPL,1.286613,-0.7271113,-0.4564509
2019-09-04,JPM,1.064226,0.9456028,-0.04777264
2019-09-04,TSLA,1.07249,-0.9205757,-1.123061
2019-09-04,XOM,0.8296814,0.07349589,-0.4677191
2019-09-05,AAPL,1.284926,-0.7263435,-0.4489399
2019-09-05,JPM,1.064306,0.9440982,-0.05160957
2019-09-05,TSLA,1.076787,-0.928451,-1.162292
2019-09-05,XOM,0.827074,0.07765852,-0.4468294
2019-09-06,AAPL,1.285944,-0.7217551,-0.4418642
2019-09-06,JPM,1.064259,0.9439552,-0.05156897
2019-09-06,TSLA,1.080093,-0.9140982,-1.135856
2019-09-06,XOM,0.8242682,0.06798951,-0.4628215
2019-09-09,AAPL,1.27894,-0.6718856,-0.4732199
2019-09-09,JPM,1.067138,0.9180578,-0.03742563
2019-09-09,TSLA,1.07914,-0.8910853,-1.139499
2019-09-09,XOM,0.8295527,0.02727318,-0.4380023
2019-09-10,AAPL,1.268074,-0.6930545,-0.5065711
2019-09-10,JPM,1.061724,0.9068613,-0.05433689
2019-09-10,TSLA,1.104062,-0.8393223,-1.058528
2019-09-10,XOM,0.8315719,0.03202755,-0.4298278
2019-09-11,AAPL,1.281595,-0.6728813,-0.4644412
2019-09-11,JPM,1.058599,0.8994756,-0.06408727
2019-09-11,TSLA,1.130173,-0.7895865,-0.9749278
2019-09-11,XOM,0.82866,0.02747307,-0.4383958
2019-09-12,AAPL,1.277863,-0.6794859,-0.4722785
2019-09-12,JPM,1.063421,0.9123409,-0.05005978
2019-09-12,TSLA,1.133323,-0.7818953,-0.9666727
2019-09-12,XOM,0.8320338,0.03453935,-0.4302365
2019-09-13,AAPL,1.276244,-0.71763,-0.4753856
2019-09-13,JPM,1.064317,0.9389298,-0.04729317
2019-09-13,TSLA,1.132804,-0.7896115,-0.9680506
2019-09-13,XOM,0.8324936,0.04948234,-0.4288103
2019-09-16,AAPL,1.268361,-0.7294363,-0.4928553
2019-09-16,JPM,1.081988,0.9696655,-0.008355605
2019-09-16,TSLA,1.175865,-0.7134531,-0.8730408
2019-09-16,XOM,0.8079969,0.006582584,-0.4818238
2019-09-17,AAPL,1.272421,-0.7250853,-0.4794607
2019-09-17,JPM,1.084585,0.9721353,0.001066962
2019-09-17,TSLA,1.202717,-0.68757,-0.7872597
2019-09-17,XOM,0.8085061,0.0074801,-0.479507
2019-09-18,AAPL,1.285404,-0.6800286,-0.4436682
2019-09-18,JPM,1.090645,0.9920508,0.01948231
2019-09-18,TSLA,1.207378,-0.6749145,-0.7675738
2019-09-18,XOM,0.8058619,-0.001299838,-0.4856454
2019-09-19,AAPL,1.287064,-0.6637837,-0.4363324
2019-09-19,JPM,1.090227,0.9916706,0.01914974
2019-09-19,TSLA,1.205359,-0.7011386,-0.7786676
2019-09-19,XOM,0.8066787,0.006971997,-0.4818055
2019-09-20,AAPL,1.291387,-0.6724151,-0.4457132
2019-09-20,JPM,1.089668,0.9908228,0.01798874
2019-09-20,TSLA,1.215876,-0.7214178,-0.7986601
2019-09-20,XOM,0.805064,0.01032003,-0.4782534
2019-09-23,AAPL,1.293782,-0.6557261,-0.4412896
2019-09-23,JPM,1.087273,0.9755114,0.01173493
2019-09-23,TSLA,1.217943,-0.7067753,-0.7940515
2019-09-23,XOM,0.8053571,0.011339,-0.4809059
2019-09-24,AAPL,1.288269,-0.6292577,-0.4193541
2019-09-24,JPM,1.089238,0.9614313,-0.0004216753
2019-09-24,TSLA,1.24021,-0.8312241,-0.9035057
2019-09-24,XOM,0.8061939,0.003879249,-0.4880183
2019-09-25,AAPL,1.294679,-0.6143839,-0.4123705
2019-09-25,JPM,1.082303,0.9449793,-0.00875342
2019-09-25,TSLA,1.257736,-0.7865556,-0.8795456
2019-09-25,XOM,0.8021428,-0.005618813,-0.4928032
2019-09-26,AAPL,1.295093,-0.6085005,-0.4091069
2019-09-26,JPM,1.079482,0.9266144,-0.01782581
2019-09-26,TSLA,1.279355,-0.6381283,-0.8074354
2019-09-26,XOM,0.8015263,-0.009249596,-0.4944097
2019-09-27,AAPL,1.292112,-0.6009387,-0.4124551
2019-09-27,JPM,1.077021,0.9311747,-0.01979937
2019-09-27,TSLA,1.274338,-0.6227126,-0.8003008
2019-09-27,XOM,0.7957679,0.005020773,-0.5004705
2019-09-30,AAPL,1.297105,-0.6300453,-0.4254398
2019-09-30,JPM,1.076062,0.9343792,-0.01921497
2019-09-30,TSLA,1.264109,-0.5839227,-0.7526323
2019-09-30,XOM,0.7899882,0.03794024,-0.4848413
2019-10-01,AAPL,1.264281,-0.6623257,-0.4251044
2019-10-01,JPM,1.075829,0.9333295,-0.02050835
2019-10-01,TSLA,1.195261,-0.6581402,-0.7671398
2019-10-01,XOM,0.8049312,0.05369018,-0.4833617
2019-10-02,AAPL,1.267498,-0.6671925,-0.4336407
2019-10-02,JPM,1.064504,0.9328323,-0.01045937
2019-10-02,TSLA,1.160213,-0.643225,-0.7188027
2019-10-02,XOM,0.8118867,0.05254323,-0.4910606
2019-10-03,AAPL,1.269594,-0.5982215,-0.3865568
2019-10-03,JPM,1.064766,0.9493476,0.001147543
2019-10-03,TSLA,1.171833,-0.2582984,-0.4590455
2019-10-03,XOM,0.8104276,0.02139471,-0.5141212
2019-10-04,AAPL,1.303508,-0.5491493,-0.3410099
2019-10-04,JPM,1.081762,0.9732382,0.02365439
2019-10-04,TSLA,1.118353,-0.3259113,-0.5267124
2019-10-04,XOM,0.8305407,0.04972393,-0.4872733
2019-10-07,AAPL,1.300164,-0.5525153,-0.3433831
2019-10-07,JPM,1.079137,0.9704982,0.02078094
2019-10-07,TSLA,1.091975,-0.3497771,-0.5520712
2019-10-07,XOM,0.8384643,0.05872186,-0.4799831
2019-10-08,AAPL,1.281438,-0.5583257,-0.3431068
2019-10-08,JPM,1.088288,0.9728538,0.02031155
2019-10-08,TSLA,1.028905,-0.3701503,-0.5516955
2019-10-08,XOM,0.8428171,0.05851795,-0.4810662
2019-10-09,AAPL,1.277382,-0.5604265,-0.3454732
2019-10-09,JPM,1.081443,0.967178,0.01609354
2019-10-09,TSLA,1.051561,-0.353479,-0.5381725
2019-10-09,XOM,0.8485747,0.06305978,-0.4775999
2019-10-10,AAPL,1.282271,-0.5553814,-0.347254
2019-10-10,JPM,1.083875,0.967066,0.0116272
2019-10-10,TSLA,1.047231,-0.3543472,-0.5319279
2019-10-10,XOM,0.8487076,0.05948862,-0.4836344
2019-10-11,AAPL,1.287411,-0.5604555,-0.3582883
2019-10-11,JPM,1.087439,0.9594678,0.006135682
2019-10-11,TSLA,1.037504,-0.3389962,-0.5174718
2019-10-11,XOM,0.8475803,0.06002549,-0.4800882
2019-10-14,AAPL,1.286612,-0.5589308,-0.3574419
2019-10-14,JPM,1.08586,0.9570606,0.003394965
2019-10-14,TSLA,1.025546,-0.35725,-0.5422181
2019-10-14,XOM,0.8460506,0.05824523,-0.482565
2019-10-15,AAPL,1.269167,-0.5362353,-0.3470962
2019-10-15,JPM,1.105137,0.9311577,-0.008158957
2019-10-15,TSLA,1.007205,-0.3387626,-0.5436736
2019-10-15,XOM,0.8423847,0.06318663,-0.4798059
2019-10-16,AAPL,1.269299,-0.5374286,-0.3485234
2019-10-16,JPM,1.105286,0.9285813,-0.009478312
2019-10-16,TSLA,1.00499,-0.3294701,-0.5373573
2019-10-16,XOM,0.8458924,0.04588608,-0.4937047
2019-10-17,AAPL,1.268124,-0.5348732,-0.350982
2019-10-17,JPM,1.105184,0.9231891,-0.006328771
2019-10-17,TSLA,1.003128,-0.3286646,-0.5396025
2019-10-17,XOM,0.8478344,0.04628574,-0.4912037
2019-10-18,AAPL,1.279486,-0.4317888,-0.2837591
2019-10-18,JPM,1.102711,0.9051557,-0.01943179
2019-10-18,TSLA,0.9965532,-0.386466,-0.5772876
2019-10-18,XOM,0.8457681,0.02958767,-0.5025189
2019-10-21,AAPL,1.286905,-0.4190233,-0.2803116
2019-10-21,JPM,1.116121,0.9253768,-0.01281056
2019-10-21,TSLA,0.9728239,-0.4211137,-0.5903161
2019-10-21,XOM,0.8562884,0.04630017,-0.4969213
2019-10-22,AAPL,1.291016,-0.4107298,-0.269195
2019-10-22,JPM,1.105441,0.9094363,-0.04242209
2019-10-22,TSLA,0.9854608,-0.3841772,-0.5656344
2019-10-22,XOM,0.855544,0.04387149,-0.4973999
2019-10-23,AAPL,1.292977,-0.4137049,-0.2787859
2019-10-23,JPM,1.107546,0.9118673,-0.03453456
2019-10-23,TSLA,0.990836,-0.3767195,-0.5472872
2019-10-23,XOM,0.853568,0.04066566,-0.5060148
2019-10-24,AAPL,1.292002,-0.4030266,-0.2795023
2019-10-24,JPM,1.108449,0.9037883,-0.03339373
2019-10-24,TSLA,1.03858,-0.7720663,-0.4874383
2019-10-24,XOM,0.8509555,0.05445165,-0.5090123
2019-10-25,AAPL,1.292621,-0.4076892,-0.2845207
2019-10-25,JPM,1.108337,0.9006064,-0.03635508
2019-10-25,TSLA,1.046696,-0.9202164,-0.6453796
2019-10-25,XOM,0.8519714,0.06054105,-0.5022869
2019-10-28,AAPL,1.29177,-0.4041975,-0.2841036
2019-10-28,JPM,1.107572,0.8995622,-0.03653187
2019-10-28,TSLA,1.039446,-0.907854,-0.6406903
2019-10-28,XOM,0.8451773,0.07743936,-0.4987632
2019-10-29,AAPL,1.288312,-0.4752447,-0.3314919
2019-10-29,JPM,1.106278,0.8848565,-0.04638993
2019-10-29,TSLA,1.035479,-1.021928,-0.7162705
2019-10-29,XOM,0.8430091,0.07603645,-0.5003615
2019-10-30,AAPL,1.288221,-0.4362549,-0.3198387
2019-10-30,JPM,1.104541,0.8848601,-0.04699257
2019-10-30,TSLA,1.036112,-0.9568992,-0.6966386
2019-10-30,XOM,0.8433126,0.1138284,-0.4889001
2019-10-31,AAPL,1.267328,-0.4882603,-0.3401256
2019-10-31,JPM,1.104019,0.8825795,-0.04812275
2019-10-31,TSLA,1.035271,-0.965014,-0.70011
2019-10-31,XOM,0.8401556,0.1096418,-0.4900632
2019-11-01,AAPL,1.276265,-0.4672475,-0.3513883
2019-11-01,JPM,1.106351,0.8841842,-0.05483172
2019-11-01,TSLA,1.015584,-0.9760902,-0.6495671
2019-11-01,XOM,0.8520006,0.1073459,-0.5274367
2019-11-04,AAPL,1.282489,-0.4480005,-0.329825
2019-11-04,JPM,1.115475,0.8992461,-0.0007277598
2019-11-04,TSLA,1.014076,-0.9750743,-0.6627719
2019-11-04,XOM,0.8452027,0.1064653,-0.5847414
2019-11-05,AAPL,1.283404,-0.4490922,-0.3279374
2019-11-05,JPM,1.116027,0.897285,-0.0001613283
2019-11-05,TSLA,1.016168,-0.9762452,-0.6599307
2019-11-05,XOM,0.8381597,0.1159467,-0.5944898
2019-11-06,AAPL,1.285608,-0.4387429,-0.32064
2019-11-06,JPM,1.112115,0.8844011,-0.009697887
2019-11-06,TSLA,1.064324,-0.7981506,-0.5295413
2019-11-06,XOM,0.8125947,0.02574111,-0.6611232
2019-11-07,AAPL,1.285017,-0.4416249,-0.3285859
2019-11-07,JPM,1.112298,0.8871808,0.001128411
2019-11-07,TSLA,1.061585,-0.8192102,-0.5805134
2019-11-07,XOM,0.8111333,0.01650042,-0.6880656
2019-11-08,AAPL,1.285133,-0.4267052,-0.3210356
2019-11-08,JPM,1.111084,0.8802993,-0.00314341
2019-11-08,TSLA,1.063619,-0.8022858,-0.5701092
2019-11-08,XOM,0.8156168,0.07721728,-0.6538862
2019-11-11,AAPL,1.283482,-0.4048251,-0.2942367
2019-11-11,JPM,1.109397,0.8793395,-0.004934311
2019-11-11,TSLA,1.064642,-0.7518729,-0.5043599
2019-11-11,XOM,0.8166315,0.0805893,-0.6484878
2019-11-12,AAPL,1.279812,-0.4112156,-0.3029289
2019-11-12,JPM,1.104831,0.8712504,-0.01573646
2019-11-12,TSLA,1.072262,-0.7368168,-0.4845143
2019-11-12,XOM,0.8076476,0.06389281,-0.6707769
2019-11-13,AAPL,1.276134,-0.4323094,-0.3056018
2019-11-13,JPM,1.102733,0.8653665,-0.01888411
2019-11-13,TSLA,1.073835,-0.7023537,-0.4880034
2019-11-13,XOM,0.8067373,0.06399153,-0.672143
2019-11-14,AAPL,1.271928,-0.4350226,-0.3162246
2019-11-14,JPM,1.100517,0.8631836,-0.02097361
2019-11-14,TSLA,1.07618,-0.6998515,-0.480806
2019-11-14,XOM,0.8052728,0.0632695,-0.6740321
2019-11-15,AAPL,1.271122,-0.4224324,-0.3060223
2019-11-15,JPM,1.100239,0.8601352,-0.02323788
2019-11-15,TSLA,1.074573,-0.6680718,-0.4549846
2019-11-15,XOM,0.8051941,0.061218,-0.6757105
2019-11-18,AAPL,1.270336,-0.4168224,-0.3023014
2019-11-18,JPM,1.104193,0.8520273,-0.01330677
2019-11-18,TSLA,1.07508,-0.6780592,-0.4643331
2019-11-18,XOM,0.8045313,0.05970791,-0.6798683
2019-11-19,AAPL,1.264629,-0.4089376,-0.3136984
2019-11-19,JPM,1.099269,0.822952,-0.01447455
2019-11-19,TSLA,1.059863,-0.7503573,-0.4717199
2019-11-19,XOM,0.8003562,0.05753148,-0.6860104
2019-11-20,AAPL,1.280885,-0.3682378,-0.2877185
2019-11-20,JPM,1.100582,0.8255019,-0.01200058
2019-11-20,TSLA,1.095546,-0.6641107,-0.4146044
2019-11-20,XOM,0.7891734,0.03097833,-0.7031062
2019-11-21,AAPL,1.289982,-0.342524,-0.2540608
2019-11-21,JPM,1.098264,0.8195583,-0.01891939
2019-11-21,TSLA,1.085306,-0.6860393,-0.4329976
2019-11-21,XOM,0.7597779,-0.04213522,-0.7855233
2019-11-22,AAPL,1.295888,-0.3264408,-0.2331195
2019-11-22,JPM,1.096102,0.8160906,-0.02280126
2019-11-22,TSLA,1.118381,-0.536,-0.234494
2019-11-22,XOM,0.7661619,-0.01500218,-0.7496589
2019-11-25,AAPL,1.300196,-0.3273389,-0.225774
2019-11-25,JPM,1.095699,0.8155985,-0.02340211
2019-11-25,TSLA,1.106751,-0.5303083,-0.2533527
2019-11-25,XOM,0.7600397,-0.01161489,-0.7592206
2019-11-26,AAPL,1.295808,-0.3004102,-0.2353682
2019-11-26,JPM,1.098242,0.8023851,-0.01861538
2019-11-26,TSLA,1.10612,-0.4683716,-0.2686934
2019-11-26,XOM,0.7578433,-0.02119193,-0.7579013
2019-11-27,AAPL,1.298943,-0.2985993,-0.2329836
2019-11-27,JPM,1.096324,0.801058,-0.0197797
2019-11-27,TSLA,1.104946,-0.4680072,-0.2684536
2019-11-27,XOM,0.7565105,-0.02162502,-0.7586408
2019-11-29,AAPL,1.298324,-0.3046852,-0.2373298
2019-11-29,JPM,1.09027,0.7906163,-0.02650485
2019-11-29,TSLA,1.108402,-0.4567227,-0.2608889
2019-11-29,XOM,0.7628506,-0.01023547,-0.7510355
2019-12-02,AAPL,1.299897,-0.302078,-0.2339653
2019-12-02,JPM,1.086283,0.7908319,-0.0292688
2019-12-02,TSLA,1.061643,-0.4464026,-0.2929267
2019-12-02,XOM,0.7477521,-0.00430748,-0.7592924
2019-12-03,AAPL,1.3211,-0.2639177,-0.2297474
2019-12-03,JPM,1.080371,0.7838474,-0.0323962
2019-12-03,TSLA,1.06916,-0.4504271,-0.2834345
2019-12-03,XOM,0.7359258,-0.02576836,-0.760527
2019-12-04,AAPL,1.319641,-0.2679894,-0.2313174
2019-12-04,JPM,1.091909,0.7997511,-0.02348432
2019-12-04,TSLA,1.046832,-0.4838034,-0.3015374
2019-12-04,XOM,0.7435397,-0.01450823,-0.7539463
2019-12-05,AAPL,1.339157,-0.1853616,-0.1726516
2019-12-05,JPM,1.08877,0.7930804,-0.02875268
2019-12-05,TSLA,1.039483,-0.5280142,-0.3314041
2019-12-05,XOM,0.7443152,-0.01886907,-0.755928
2019-12-06,AAPL,1.346986,-0.176907,-0.1710111
2019-12-06,JPM,1.08956,0.7897777,-0.03067364
2019-12-06,TSLA,1.04592,-0.516402,-0.3279301
2019-12-06,XOM,0.7534827,-0.01386511,-0.7558291
2019-12-09,AAPL,1.359334,-0.1743527,-0.1655346
2019-12-09,JPM,1.092351,0.7895808,-0.02941039
2019-12-09,TSLA,1.033564,-0.5183928,-0.3328421
2019-12-09,XOM,0.7473934,-0.01457886,-0.7583223
2019-12-10,AAPL,1.35698,-0.175048,-0.1633834
2019-12-10,JPM,1.091236,0.7884634,-0.02951559
2019-12-10,TSLA,1.023462,-0.5220008,-0.325244
2019-12-10,XOM,0.7503413,-0.01276538,-0.7584004
2019-12-11,AAPL,1.361793,-0.1604478,-0.1506974
2019-12-11,JPM,1.081369,0.7624627,-0.05104752
2019-12-11,TSLA,1.034081,-0.4901817,-0.2971973
2019-12-11,XOM,0.750715,-0.01040183,-0.755881
2019-12-12,AAPL,1.335546,-0.222068,-0.1710601
2019-12-12,JPM,1.100835,0.8084337,-0.03594495
2019-12-12,TSLA,1.055328,-0.4279906,-0.2791882
2019-12-12,XOM,0.7631666,0.02664918,-0.7448607
2019-12-13,AAPL,1.340854,-0.2384743,-0.1640152
2019-12-13,JPM,1.100177,0.8149219,-0.03822248
2019-12-13,TSLA,1.047815,-0.4199614,-0.2850965
2019-12-13,XOM,0.7590059,0.0416016,-0.7499978
2019-12-16,AAPL,1.346354,-0.2400997,-0.1662249
2019-12-16,JPM,1.094139,0.8178604,-0.03561021
2019-12-16,TSLA,1.10437,-0.4661184,-0.3201788
2019-12-16,XOM,0.7628186,0.03448598,-0.7538469
2019-12-17,AAPL,1.344813,-0.2341546,-0.1625907
2019-12-17,JPM,1.093605,0.8130983,-0.03870553
2019-12-17,TSLA,1.097963,-0.5191834,-0.3559435
2019-12-17,XOM,0.7602958,0.02124715,-0.7626739
2019-12-18,AAPL,1.345578,-0.2325292,-0.1611576
2019-12-18,JPM,1.094227,0.8129371,-0.03825111
2019-12-18,TSLA,1.071549,-0.5227432,-0.3738931
2019-12-18,XOM,0.753646,0.02414393,-0.7650595
2019-12-19,AAPL,1.342497,-0.2023065,-0.142716
2019-12-19,JPM,1.091463,0.8406899,-0.02118168
2019-12-19,TSLA,1.081732,-0.5900928,-0.4134217
2019-12-19,XOM,0.7549315,0.06163801,-0.7399486
2019-12-20,AAPL,1.335758,-0.1857533,-0.1357684
2019-12-20,JPM,1.091509,0.8500651,-0.01686056
2019-12-20,TSLA,1.052622,-0.6026734,-0.4228117
2019-12-20,XOM,0.7540433,0.05128579,-0.7445903
2019-12-23,AAPL,1.320469,-0.244546,-0.1820728
2019-12-23,JPM,1.094288,0.8449191,-0.01952605
2019-12-23,TSLA,0.9962015,-0.7108553,-0.5163091
2019-12-23,XOM,0.7446101,0.04469118,-0.7517664
2019-12-24,AAPL,1.322212,-0.2445561,-0.1822323
2019-12-24,JPM,1.093779,0.8478047,-0.01537692
2019-12-24,TSLA,1.0008,-0.6964598,-0.4987797
2019-12-24,XOM,0.7448921,0.04627978,-0.7497699
2019-12-26,AAPL,1.337975,-0.2334542,-0.17552
2019-12-26,JPM,1.098122,0.8510894,-0.01306274
2019-12-26,TSLA,1.01074,-0.7001718,-0.5052773
2019-12-26,XOM,0.7413265,0.04505992,-0.7499761
2019-12-27,AAPL,1.33835,-0.2333812,-0.1748823
2019-12-27,JPM,1.0975,0.8502543,-0.0137221
2019-12-27,TSLA,1.012973,-0.6993615,-0.5029889
2019-12-27,XOM,0.7416,0.04519153,-0.7492196
2019-12-30,AAPL,1.324774,-0.1779523,-0.1440238
2019-12-30,JPM,1.100113,0.8376824,-0.0198681
2019-12-30,TSLA,1.037316,-0.8252514,-0.5926443
2019-12-30,XOM,0.7414301,0.04792322,-0.7457302
2019-12-31,AAPL,1.300225,-0.1657841,-0.1484727
2019-12-31,JPM,1.100529,0.8360495,-0.02085145
2019-12-31,TSLA,1.035275,-0.8235717,-0.5926913
2019-12-31,XOM,0.7413234,0.04853291,-0.7448047
2020-01-02,AAPL,1.326301,-0.1635563,-0.1391229
2020-01-02,JPM,1.106438,0.8371919,-0.01788535
2020-01-02,TSLA,1.084704,-0.8130764,-0.5699828
2020-01-02,XOM,0.7670529,0.05539599,-0.7315208
2020-01-03,AAPL,1.330861,-0.1692545,-0.1421216
2020-01-03,JPM,1.117693,0.8351807,-0.02046124
2020-01-03,TSLA,1.021643,-0.8011527,-0.5564522
2020-01-03,XOM,0.7655593,0.05614114,-0.7306916
2020-01-06,AAPL,1.330836,-0.1629312,-0.1377823
2020-01-06,JPM,1.119373,0.842867,-0.01336909
2020-01-06,TSLA,1.021152,-0.8224797,-0.5704588
2020-01-06,XOM,0.7642186,0.05260638,-0.733933
2020-01-07,AAPL,1.335236,-0.1528948,-0.1313447
2020-01-07,JPM,1.133472,0.8694252,0.002812245
2020-01-07,TSLA,0.9851523,-0.8915989,-0.613457
2020-01-07,XOM,0.7702607,0.06478986,-0.7261482
2020-01-08,AAPL,1.347143,-0.1564495,-0.11476
2020-01-08,JPM,1.144011,0.8661262,0.01766434
2020-01-08,TSLA,1.047096,-0.9015502,-0.5245984
2020-01-08,XOM,0.7530186,0.06605821,-0.7513338
2020-01-09,AAPL,1.36299,-0.1620371,-0.1093005
2020-01-09,JPM,1.140195,0.8670223,0.01627312
2020-01-09,TSLA,0.9899473,-0.8784021,-0.5422833
2020-01-09,XOM,0.7618125,0.06317774,-0.7479046
2020-01-10,AAPL,1.356177,-0.1693417,-0.1153734
2020-01-10,JPM,1.146442,0.8747746,0.0221841
2020-01-10,TSLA,1.000211,-0.8506761,-0.5305001
2020-01-10,XOM,0.7680606,0.07564134,-0.7409148
2020-01-13,AAPL,1.378901,-0.1410998,-0.08366124
2020-01-13,JPM,1.144601,0.8727844,0.01993717
2020-01-13,TSLA,1.2171,-0.590663,-0.2338422
2020-01-13,XOM,0.7902427,0.1029559,-0.7098963
2020-01-14,AAPL,1.402929,-0.0783684,-0.02771753
2020-01-14,JPM,1.121514,0.8134443,-0.03230836
2020-01-14,TSLA,1.193406,-0.6512182,-0.2872188
2020-01-14,XOM,0.8076111,0.1501852,-0.6697315
2020-01-15,AAPL,1.405967,-0.04395124,-0.02032296
2020-01-15,JPM,1.124838,0.8547976,-0.02356622
2020-01-15,TSLA,1.211926,-0.4377815,-0.2405739
2020-01-15,XOM,0.8060403,0.1347285,-0.6727478
2020-01-16,AAPL,1.405671,-0.0467643,-0.02493749
2020-01-16,JPM,1.113266,0.8446734,-0.03781941
2020-01-16,TSLA,1.166583,-0.5026974,-0.3417156
2020-01-16,XOM,0.7945132,0.1246029,-0.6878468
2020-01-17,AAPL,1.409301,-0.03817986,-0.01652613
2020-01-17,JPM,1.115947,0.8504765,-0.03177537
2020-01-17,TSLA,1.154114,-0.5260616,-0.3651145
2020-01-17,XOM,0.7906011,0.1179251,-0.6943498
2020-01-21,AAPL,1.414299,-0.02533101,-0.01389573
2020-01-21,JPM,1.11839,0.8565519,-0.03023893
2020-01-21,TSLA,1.089323,-0.6787482,-0.3894006
2020-01-21,XOM,0.7979125,0.1359493,-0.6898309
2020-01-22,AAPL,1.413283,-0.0276165,-0.01631062
2020-01-22,JPM,1.115728,0.847127,-0.03882225
2020-01-22,TSLA,1.11304,-0.5846614,-0.3011898
2020-01-22,XOM,0.7960497,0.1295823,-0.6956886
2020-01-23,AAPL,1.412596,-0.02042013,-0.0095141
2020-01-23,JPM,1.11506,0.8452362,-0.04089308
2020-01-23,TSLA,1.112469,-0.5866643,-0.3042758
2020-01-23,XOM,0.7954964,0.1256158,-0.7005424
2020-01-24,AAPL,1.390656,-0.03241111,-0.01849719
2020-01-24,JPM,1.151908,0.8632481,-0.02654256
2020-01-24,TSLA,1.136031,-0.5738799,-0.2944687
2020-01-24,XOM,0.7864504,0.1213619,-0.7036305
2020-01-27,AAPL,1.426661,-0.01746916,-0.01832414
2020-01-27,JPM,1.096834,0.8404991,-0.02779717
2020-01-27,TSLA,1.142823,-0.5705422,-0.2941002
2020-01-27,XOM,0.801909,0.127656,-0.7027754
2020-01-28,AAPL,1.453008,0.01055086,0.02195587
2020-01-28,JPM,1.127135,0.8495954,0.0009323216
2020-01-28,TSLA,1.135625,-0.5692489,-0.2981281
2020-01-28,XOM,0.7943912,0.1252392,-0.7095734
2020-01-29,AAPL,1.439578,-0.09171592,-0.01501242
2020-01-29,JPM,1.122965,0.8114607,-0.01284163
2020-01-29,TSLA,1.126507,-0.66037,-0.3304388
2020-01-29,XOM,0.7947655,0.1413181,-0.7036647
2020-01-30,AAPL,1.424142,-0.1535919,-0.04793688
2020-01-30,JPM,1.124207,0.8178064,-0.009770286
2020-01-30,TSLA,1.275923,-0.04003625,-0.003175525
2020-01-30,XOM,0.8056457,0.1841023,-0.6779788
2020-01-31,AAPL,1.535213,-0.03811693,0.07002613
2020-01-31,JPM,1.148783,0.8419916,0.01581232
2020-01-31,TSLA,1.139335,-0.1798504,-0.1467989
2020-01-31,XOM,0.9513945,0.3280164,-0.5264574
2020-02-03,AAPL,1.505483,-0.008498907,0.04685971
2020-02-03,JPM,1.154634,0.8343639,0.01987179
2020-02-03,TSLA,1.449368,-0.4771236,0.1097955
2020-02-03,XOM,0.914928,0.364695,-0.5547652
2020-02-04,AAPL,1.527594,-0.03730236,0.03510823
2020-02-04,JPM,1.15782,0.8290911,0.01762196
2020-02-04,TSLA,1.749217,-0.8638658,-0.05009555
2020-02-04,XOM,0.8466934,0.451751,-0.5189475
2020-02-05,AAPL,1.516998,-0.06930376,0.03805138
2020-02-05,JPM,1.146938,0.795093,0.02020752
2020-02-05,TSLA,1.468001,-1.845608,0.002864573
2020-02-05,XOM,0.8857622,0.5888818,-0.5261983
2020-02-06,AAPL,1.51749,-0.0879028,0.02848251
2020-02-06,JPM,1.14713,0.7836269,0.014776
2020-02-06,TSLA,1.466607,-1.816879,0.02061019
2020-02-06,XOM,0.8832106,0.6357817,-0.5023398
2020-02-07,AAPL,1.52807,-0.08700029,0.03786397
2020-02-07,JPM,1.145205,0.7842213,0.01425341
2020-02-07,TSLA,1.464863,-1.817919,0.0179796
2020-02-07,XOM,0.8861503,0.6348479,-0.5003576
2020-02-10,AAPL,1.513863,-0.07313679,0.02151316
2020-02-10,JPM,1.14771,0.7806721,0.0170477
2020-02-10,TSLA,1.462559,-1.813441,0.008995507
2020-02-10,XOM,0.877136,0.6429055,-0.5073649
2020-02-11,AAPL,1.511472,-0.1122631,0.02375145
2020-02-11,JPM,1.145399,0.7433282,0.01929419
2020-02-11,TSLA,1.464625,-1.771656,0.005381968
2020-02-11,XOM,0.87629,0.6328202,-0.5060802
2020-02-12,AAPL,1.520677,-0.148085,-0.002268659
2020-02-12,JPM,1.141049,0.7583035,0.02998815
2020-02-12,TSLA,1.437475,-1.675544,0.07619948
2020-02-12,XOM,0.8838034,0.6061216,-0.5258702
2020-02-13,AAPL,1.522397,-0.1669224,-0.02565264
2020-02-13,JPM,1.138782,0.7536416,0.02658865
2020-02-13,TSLA,1.440446,-1.541891,0.2254209
2020-02-13,XOM,0.8827938,0.6107589,-0.5195934
2020-02-14,AAPL,1.52133,-0.1532466,-0.02098311
2020-02-14,JPM,1.138282,0.756137,0.02717215
2020-02-14,TSLA,1.437094,-1.475403,0.247967
2020-02-14,XOM,0.8826046,0.6087122,-0.5200693
2020-02-18,AAPL,1.537382,-0.1049212,-0.006604817
2020-02-18,JPM,1.144352,0.7748364,0.03256524
2020-02-18,TSLA,1.382815,-1.632402,0.2011891
2020-02-18,XOM,0.88525,0.6171306,-0.5173818
2020-02-19,AAPL,1.542234,-0.1001858,-0.002383801
2020-02-19,JPM,1.151436,0.7805143,0.03768419
2020-02-19,TSLA,1.440195,-1.578387,0.2500899
2020-02-19,XOM,0.8904788,0.6217507,-0.5129637
2020-02-20,AAPL,1.546826,-0.1140248,-0.007132595
2020-02-20,JPM,1.152266,0.776271,0.03604605
2020-02-20,TSLA,1.459268,-1.642104,0.2287009
2020-02-20,XOM,0.8984229,0.6048387,-0.5187956
2020-02-21,AAPL,1.56762,-0.1053914,0.006926207
2020-02-21,JPM,1.152686,0.7776707,0.0381207
2020-02-21,TSLA,1.426035,-1.653136,0.208642
2020-02-21,XOM,0.904743,0.6067074,-0.5149683
2020-02-24,AAPL,1.536132,-0.1026984,0.009075112
2020-02-24,JPM,1.080322,0.7825918,0.04214559
2020-02-24,TSLA,1.660376,-1.673912,0.1911209
2020-02-24,XOM,0.9691384,0.6014826,-0.5188073
2020-02-25,AAPL,1.478367,-0.1386337,-0.009072527
2020-02-25,JPM,1.116287,0.804699,0.05335807
2020-02-25,TSLA,1.71055,-1.644618,0.2018901
2020-02-25,XOM,0.9629963,0.5963454,-0.5225407
2020-02-26,AAPL,1.46542,-0.2169935,-0.01585192
2020-02-26,JPM,1.105328,0.7375197,0.04683544
2020-02-26,TSLA,1.739795,-1.459947,0.2190996
2020-02-26,XOM,0.9653545,0.6113945,-0.521487
2020-02-27,AAPL,1.479742,-0.215599,-0.01302548
2020-02-27,JPM,1.080115,0.7336945,0.04118467
2020-02-27,TSLA,2.095625,-1.437863,0.2819742
2020-02-27,XOM,1.037,0.6199476,-0.506478
2020-02-28,AAPL,1.467761,-0.2700039,-0.05059055
2020-02-28,JPM,1.122193,0.9189392,0.1743145
2020-02-28,TSLA,2.120471,-1.321337,0.3624098
2020-02-28,XOM,0.9689045,0.3201783,-0.7211264
2020-03-02,AAPL,1.565523,-0.2096718,0.03274278
2020-03-02,JPM,1.107416,0.9091836,0.1613836
2020-03-02,TSLA,2.148587,-1.302511,0.3879614
2020-03-02,XOM,1.014427,0.348216,-0.6821498
2020-03-03,AAPL,1.542094,-0.2091991,0.06400155
2020-03-03,JPM,1.111716,0.9082127,0.15531
2020-03-03,TSLA,2.0674,-1.301305,0.4976308
2020-03-03,XOM,1.021381,0.3486028,-0.6919097
2020-03-04,AAPL,1.470223,-0.1211566,0.08009625
2020-03-04,JPM,1.074247,0.9534476,0.1630599
2020-03-04,TSLA,1.769269,-0.9349431,0.563868
2020-03-04,XOM,0.9794915,0.4017522,-0.68266
2020-03-05,AAPL,1.431404,-0.2134634,0.03382254
2020-03-05,JPM,1.075705,0.9564538,0.1644068
2020-03-05,TSLA,1.764089,-0.9466174,0.5573534
2020-03-05,XOM,0.9754222,0.3922129,-0.6869844
2020-03-06,AAPL,1.420574,-0.2561582,0.01438629
2020-03-06,JPM,1.101882,1.077942,0.2197132
2020-03-06,TSLA,1.79484,-0.8121883,0.6182678
2020-03-06,XOM,1.001124,0.5102147,-0.6327586
2020-03-09,AAPL,1.374764,-0.3762172,-0.0123729
2020-03-09,JPM,1.12174,1.129675,0.2307169
2020-03-09,TSLA,1.968851,-0.3536238,0.7193953
2020-03-09,XOM,0.9955212,0.4954695,-0.635741
2020-03-10,AAPL,1.374501,-0.3761895,-0.01232096
2020-03-10,JPM,1.134278,1.136827,0.2078473
2020-03-10,TSLA,1.955202,-0.3619866,0.7423703
2020-03-10,XOM,0.9715827,0.4805197,-0.593426
2020-03-11,AAPL,1.290561,-0.4028485,-0.1215167
2020-03-11,JPM,1.081578,1.119467,0.1387502
2020-03-11,TSLA,1.712572,-0.4364095,0.4278099
2020-03-11,XOM,0.90934,0.4618119,-0.6736154
2020-03-12,AAPL,1.23216,-0.4077111,-0.1795207
2020-03-12,JPM,0.9686904,1.109047,0.02583761
2020-03-12,TSLA,1.581483,-0.45474,0.2882823
2020-03-12,XOM,0.9844161,0.4682733,-0.5987268
2020-03-13,AAPL,1.232257,-0.406967,-0.1791405
2020-03-13,JPM,1.014233,1.239824,-0.01197913
2020-03-13,TSLA,1.436883,-0.870009,0.4062738
2020-03-13,XOM,0.8949793,0.2104141,-0.5247694
2020-03-16,AAPL,1.21078,-0.4271852,-0.2359846
2020-03-16,JPM,1.06669,1.284797,0.1239036
2020-03-16,TSLA,1.470836,-0.8436095,0.4921729
2020-03-16,XOM,0.8811787,0.1998961,-0.5593988
2020-03-17,AAPL,1.174293,-0.3924514,-0.2750105
2020-03-17,JPM,1.082084,1.26954,0.1400042
2020-03-17,TSLA,1.233469,-0.6254614,0.2323409
2020-03-17,XOM,0.92218,0.1646413,-0.5130143
2020-03-18,AAPL,1.165527,-0.2775299,-0.1802279
2020-03-18,JPM,1.079783,1.309578,0.1744451
2020-03-18,TSLA,1.179232,0.1701441,0.8996757
2020-03-18,XOM,0.8998771,0.4860458,-0.2440218
2020-03-19,AAPL,1.173446,-0.2894469,-0.1743598
2020-03-19,JPM,1.087701,1.298284,0.1819087
2020-03-19,TSLA,1.21951,0.1068011,0.9238081
2020-03-19,XOM,0.9000754,0.4842913,-0.2466975
2020-03-20,AAPL,1.181659,-0.2719923,-0.1454892
2020-03-20,JPM,1.07153,1.263852,0.1261201
2020-03-20,TSLA,1.199484,0.06473969,0.8564591
2020-03-20,XOM,0.9038176,0.4921461,-0.2335764
2020-03-23,AAPL,1.190225,-0.3366214,-0.1496609
2020-03-23,JPM,1.083609,1.171463,0.1206571
2020-03-23,TSLA,1.189755,0.138348,0.8608518
2020-03-23,XOM,0.9008058,0.5148076,-0.2321313
2020-03-24,AAPL,1.178565,-0.3557168,-0.1569927
2020-03-24,JPM,1.066068,1.144653,0.1094336
2020-03-24,TSLA,1.257509,0.2403,0.9034166
2020-03-24,XOM,0.9417135,0.5781742,-0.2062122
2020-03-25,AAPL,1.189588,-0.42088,-0.1811912
2020-03-25,JPM,1.066489,1.141902,0.1085096
2020-03-25,TSLA,1.224027,0.4381726,0.9765546
2020-03-25,XOM,0.9206804,0.7023266,-0.1601124
2020-03-26,AAPL,1.175066,-0.4274871,-0.1904818
2020-03-26,JPM,1.057163,1.138588,0.1032033
2020-03-26,TSLA,1.146055,0.4060905,0.9288225
2020-03-26,XOM,0.9070597,0.697146,-0.1680869
2020-03-27,AAPL,1.181047,-0.4371352,-0.2044729
2020-03-27,JPM,1.083006,1.09444,0.04516146
2020-03-27,TSLA,1.13266,0.4274751,0.9602998
2020-03-27,XOM,0.9109045,0.690815,-0.1770948
2020-03-30,AAPL,1.162487,-0.3829617,-0.2145285
2020-03-30,JPM,1.095724,1.057293,0.05211298
2020-03-30,TSLA,1.054396,0.6553548,0.9167003
2020-03-30,XOM,0.9184586,0.6687281,-0.1729179
2020-03-31,AAPL,1.166473,-0.4081864,-0.255579
2020-03-31,JPM,1.092787,1.075573,0.08187147
2020-03-31,TSLA,1.060861,0.6143401,0.8500024
2020-03-31,XOM,0.9229838,0.6404913,-0.2183838
2020-04-01,AAPL,1.175257,-0.4087773,-0.2568467
2020-04-01,JPM,1.096668,1.07511,0.08094062
2020-04-01,TSLA,1.064179,0.6171581,0.8407665
2020-04-01,XOM,0.8911199,0.6430646,-0.213066
2020-04-02,AAPL,1.163493,-0.3774816,-0.2149862
2020-04-02,JPM,1.10672,1.048255,0.04496974
2020-04-02,TSLA,1.023212,0.7259252,0.986757
2020-04-02,XOM,0.93467,0.5272334,-0.3683037
2020-04-03,AAPL,1.163282,-0.3706269,-0.208393
2020-04-03,JPM,1.106611,1.053009,0.04931841
2020-04-03,TSLA,1.026571,0.6003371,0.8727491
2020-04-03,XOM,0.9344855,0.5339424,-0.3619859
2020-04-06,AAPL,1.174017,-0.387766,-0.2217724
2020-04-06,JPM,1.083055,1.09043,0.07837991
2020-04-06,TSLA,1.000149,0.6423482,0.9051902
2020-04-06,XOM,0.8783258,0.6232903,-0.2928762
2020-04-07,AAPL,1.178641,-0.4120185,-0.2113921
2020-04-07,JPM,1.088274,1.063093,0.08967351
2020-04-07,TSLA,0.9680514,0.8099139,0.8344283
2020-04-07,XOM,0.8763455,0.6338545,-0.2977394
2020-04-08,AAPL,1.170393,-0.4025816,-0.1701256
2020-04-08,JPM,1.083102,1.068417,0.1159286
2020-04-08,TSLA,0.9471578,0.833894,0.9387175
2020-04-08,XOM,0.8879455,0.621071,-0.3562995
2020-04-09,AAPL,1.166189,-0.3726291,-0.1607898
2020-04-09,JPM,1.057964,1.246209,0.1780986
2020-04-09,TSLA,0.9657176,0.7020297,0.8939585
2020-04-09,XOM,0.9205363,0.3900018,-0.4357971
2020-04-13,AAPL,1.173373,-0.4198068,-0.1692909
2020-04-13,JPM,1.054167,1.270993,0.1828906
2020-04-13,TSLA,1.027106,0.3000611,0.8216745
2020-04-13,XOM,0.9265591,0.3505,-0.4431606
2020-04-14,AAPL,1.177546,-0.4333658,-0.1678009
2020-04-14,JPM,1.02678,1.359771,0.1736245
2020-04-14,TSLA,1.076187,0.1403587,0.8387795
2020-04-14,XOM,0.9119171,0.3979871,-0.4479256
2020-04-15,AAPL,1.177078,-0.4363032,-0.1590957
2020-04-15,JPM,1.027312,1.358978,0.171449
2020-04-15,TSLA,1.06686,0.1178244,0.9399649
2020-04-15,XOM,0.9124045,0.3990955,-0.453105
2020-04-16,AAPL,1.175416,-0.4309969,-0.1851769
2020-04-16,JPM,1.024678,1.367254,0.1280558
2020-04-16,TSLA,1.06159,0.1346683,0.8558014
2020-04-16,XOM,0.9109091,0.4038423,-0.4768547
2020-04-17,AAPL,1.151566,-0.3725461,0.02678717
2020-04-17,JPM,1.04258,1.323252,-0.03123829
2020-04-17,TSLA,1.064638,0.1268445,0.8297057
2020-04-17,XOM,0.9349473,0.3450851,-0.6915701
2020-04-20,AAPL,1.152393,-0.3738458,0.02217817
2020-04-20,JPM,1.04482,1.319279,-0.04239808
2020-04-20,TSLA,1.072216,0.1136714,0.7930863
2020-04-20,XOM,0.940291,0.3361188,-0.7186862
2020-04-21,AAPL,1.146996,-0.365907,0.0238327
2020-04-21,JPM,1.04411,1.320136,-0.04230497
2020-04-21,TSLA,1.111194,0.0570251,0.7820054
2020-04-21,XOM,0.9282926,0.354022,-0.7145272
2020-04-22,AAPL,1.14151,-0.3482246,0.03356003
2020-04-22,JPM,1.042475,1.325094,-0.03988049
2020-04-22,TSLA,1.141151,-0.03584255,0.7373338
2020-04-22,XOM,0.942167,0.3095916,-0.7382775
2020-04-23,AAPL,1.141927,-0.3503457,0.02921563
2020-04-23,JPM,1.040529,1.335583,-0.01929644
2020-04-23,TSLA,1.130856,0.02198073,0.8480853
2020-04-23,XOM,0.94454,0.2972804,-0.762459
2020-04-24,AAPL,1.144794,-0.350798,0.03263105
2020-04-24,JPM,1.040667,1.33525,-0.01930999
2020-04-24,TSLA,1.130244,0.02114298,0.8469998
2020-04-24,XOM,0.9435769,0.2981082,-0.763261
2020-04-27,AAPL,1.144572,-0.35334,0.03579445
2020-04-27,JPM,1.040911,1.322705,-0.01254669
2020-04-27,TSLA,1.127553,0.1218992,0.7966263
2020-04-27,XOM,0.9450362,0.2425707,-0.7355122
2020-04-28,AAPL,1.144053,-0.35091,0.02759612
2020-04-28,JPM,1.050531,1.285667,0.02255864
2020-04-28,TSLA,1.13934,0.07640597,0.8422187
2020-04-28,XOM,0.9461971,0.2380218,-0.7302599
2020-04-29,AAPL,1.154282,-0.38192,-0.02792643
2020-04-29,JPM,1.033772,1.336298,0.1133094
2020-04-29,TSLA,1.146029,0.05596141,0.8053059
2020-04-29,XOM,0.9376661,0.2639069,-0.6838789
2020-04-30,AAPL,1.154051,-0.4017154,-0.03486713
2020-04-30,JPM,1.033739,1.329565,0.1108855
2020-04-30,TSLA,1.145823,0.05918117,0.8063807
2020-04-30,XOM,0.9377753,0.2607824,-0.6849572
2020-05-01,AAPL,1.145767,-0.3774598,-0.003055328
2020-05-01,JPM,1.026232,1.351524,0.1396279
2020-05-01,TSLA,1.211039,-0.1331256,0.5561379
2020-05-01,XOM,0.9522413,0.2182024,-0.7405003
2020-05-04,AAPL,1.14668,-0.381931,-0.004996863
2020-05-04,JPM,1.025677,1.35355,0.1406272
2020-05-04,TSLA,1.236223,-0.2466437,0.5042483
2020-05-04,XOM,0.9683889,0.1463811,-0.7734982
2020-05-05,AAPL,1.144942,-0.3771641,-0.008470317
2020-05-05,JPM,1.030331,1.340586,0.1501154
2020-05-05,TSLA,1.225373,-0.2168907,0.4818957
2020-05-05,XOM,0.9729331,0.1339172,-0.7639766
2020-05-06,AAPL,1.147099,-0.3903505,-0.004908127
2020-05-06,JPM,1.036354,1.304246,0.1582018
2020-05-06,TSLA,1.222884,-0.2022895,0.479891
2020-05-06,XOM,0.975298,0.1196858,-0.7611525
2020-05-07,AAPL,1.145422,-0.3837032,0.005200942
2020-05-07,JPM,1.034003,1.312776,0.172291
2020-05-07,TSLA,1.217853,-0.183715,0.5098559
2020-05-07,XOM,0.9676946,0.146445,-0.7161192
2020-05-08,AAPL,1.146005,-0.3749828,-0.01586534
2020-05-08,JPM,1.030232,1.306518,0.2132952
2020-05-08,TSLA,1.219456,-0.1752245,0.4810638
2020-05-08,XOM,0.9683202,0.1422612,-0.7131378
2020-05-11,AAPL,1.147056,-0.3804789,-0.01619578
2020-05-11,JPM,1.038906,1.263109,0.2090911
2020-05-11,TSLA,1.192717,-0.04194805,0.4935822
2020-05-11,XOM,0.9768999,0.09969387,-0.7173293
2020-05-12,AAPL,1.146182,-0.3806097,-0.01554215
2020-05-12,JPM,1.038778,1.262873,0.2090583
2020-05-12,TSLA,1.186567,-0.04471976,0.4977363
2020-05-12,XOM,0.972579,0.09883241,-0.7141784
2020-05-13,AAPL,1.147041,-0.3821535,-0.01986678
2020-05-13,JPM,1.038423,1.263434,0.2109569
2020-05-13,TSLA,1.190295,-0.05281482,0.4763175
2020-05-13,XOM,0.9737229,0.09621709,-0.7211434
2020-05-14,AAPL,1.147111,-0.3915955,-0.01640932
2020-05-14,JPM,1.038161,1.276598,0.2066008
2020-05-14,TSLA,1.188702,-0.02785248,0.4729275
2020-05-14,XOM,0.9739013,0.09022374,-0.7194917
2020-05-15,AAPL,1.142815,-0.37523,-0.01470039
2020-05-15,JPM,1.035861,1.284991,0.2065098
2020-05-15,TSLA,1.173877,0.0276246,0.4748109
2020-05-15,XOM,0.9715526,0.09872644,-0.7200603
2020-05-18,AAPL,1.143833,-0.3710786,-0.03272724
2020-05-18,JPM,1.03254,1.274559,0.2585074
2020-05-18,TSLA,1.171348,0.01771099,0.5182251
2020-05-18,XOM,0.9712661,0.09725777,-0.7144702
2020-05-19,AAPL,1.143706,-0.3686797,-0.03161316
2020-05-19,JPM,1.032383,1.272403,0.258796
2020-05-19,TSLA,1.1708,0.02126203,0.5218189
2020-05-19,XOM,0.9716327,0.1014732,-0.7154502
2020-05-20,AAPL,1.144517,-0.3658685,-0.03216478
2020-05-20,JPM,1.032363,1.27336,0.259106
2020-05-20,TSLA,1.167412,0.01012336,0.5240539
2020-05-20,XOM,0.9721338,0.102526,-0.7159948
2020-05-21,AAPL,1.143881,-0.3657101,-0.03351296
2020-05-21,JPM,1.033629,1.273256,0.2622074
2020-05-21,TSLA,1.164421,0.01124928,0.5179088
2020-05-21,XOM,0.975775,0.1033685,-0.7058957
2020-05-22,AAPL,1.144009,-0.3660109,-0.03317814
2020-05-22,JPM,1.033499,1.273331,0.2614215
2020-05-22,TSLA,1.16003,0.02112414,0.5063287
2020-05-22,XOM,0.9764911,0.1018269,-0.7033391
2020-05-26,AAPL,1.146734,-0.3805481,-0.02875367
2020-05-26,JPM,1.028415,1.300209,0.253113
2020-05-26,TSLA,1.158798,0.02809191,0.503767
2020-05-26,XOM,0.9844194,0.05948864,-0.6904029
2020-05-27,AAPL,1.146366,-0.3777961,-0.02777386
2020-05-27,JPM,1.027456,1.308031,0.2559463
2020-05-27,TSLA,1.165093,-0.02201709,0.48844
2020-05-27,XOM,0.9930656,-0.01025247,-0.7133766
2020-05-28,AAPL,1.144668,-0.3707569,-0.02959763
2020-05-28,JPM,1.028776,1.302267,0.2574472
2020-05-28,TSLA,1.163137,-0.01399549,0.4863165
2020-05-28,XOM,0.9929964,-0.009844496,-0.713654
2020-05-29,AAPL,1.140191,-0.3654332,-0.04326599
2020-05-29,JPM,1.024614,1.307671,0.24552
2020-05-29,TSLA,1.166311,-0.01558653,0.4997661
2020-05-29,XOM,0.9996778,-0.01842047,-0.6940331
2020-06-01,AAPL,1.140836,-0.3712702,-0.05228318
2020-06-01,JPM,1.025236,1.301992,0.2369576
2020-06-01,TSLA,1.176678,-0.09068638,0.3886994
2020-06-01,XOM,1.000091,-0.02046773,-0.6967741
2020-06-02,AAPL,1.140263,-0.369853,-0.04900335
2020-06-02,JPM,1.023982,1.305034,0.2446887
2020-06-02,TSLA,1.173215,-0.08204819,0.4095347
2020-06-02,XOM,1.000967,-0.02272155,-0.7023803
2020-06-03,AAPL,1.139782,-0.3672379,-0.04095341
2020-06-03,JPM,1.026152,1.292088,0.2056991
2020-06-03,TSLA,1.173074,-0.08315443,0.4122332
2020-06-03,XOM,1.000409,-0.02029801,-0.6925478
2020-06-04,AAPL,1.138045,-0.3621318,-0.04179757
2020-06-04,JPM,1.030427,1.279349,0.2087351
2020-06-04,TSLA,1.176039,-0.09203744,0.4131546
2020-06-04,XOM,1.01012,-0.04873814,-0.6842293
2020-06-05,AAPL,1.141755,-0.3743724,-0.06487295
2020-06-05,JPM,1.028901,1.284111,0.2179455
2020-06-05,TSLA,1.177402,-0.09694183,0.4039042
2020-06-05,XOM,1.019258,-0.07860942,-0.7404212
2020-06-08,AAPL,1.140704,-0.3672741,-0.05327631
2020-06-08,JPM,1.026475,1.299821,0.2423102
2020-06-08,TSLA,1.194914,-0.2118048,0.2265955
2020-06-08,XOM,1.015007,-0.05076247,-0.6973011
2020-06-09,AAPL,1.132394,-0.3077861,0.03372554
2020-06-09,JPM,1.027528,1.292133,0.2312764
2020-06-09,TSLA,1.198938,-0.2405978,0.1858418
2020-06-09,XOM,1.010567,-0.01905279,-0.6510796
2020-06-10,AAPL,1.134735,-0.3077058,0.0556071
2020-06-10,JPM,1.027503,1.292063,0.231152
2020-06-10,TSLA,1.213135,-0.2380381,0.3223675
2020-06-10,XOM,1.009558,-0.01946593,-0.6611668
2020-06-11,AAPL,1.131972,-0.3023759,0.06127922
2020-06-11,JPM,1.02699,1.293079,0.2322075
2020-06-11,TSLA,1.213922,-0.2399203,0.3204766
2020-06-11,XOM,0.9998067,-0.003352168,-0.6423785
2020-06-12,AAPL,1.132079,-0.3032387,0.05946246
2020-06-12,JPM,1.02684,1.293867,0.2327348
2020-06-12,TSLA,1.207349,-0.1976658,0.3933528
2020-06-12,XOM,0.9977542,0.009787319,-0.6196447
2020-06-15,AAPL,1.132397,-0.303299,0.06064966
2020-06-15,JPM,1.029464,1.291886,0.2377147
2020-06-15,TSLA,1.211812,-0.2008004,0.4014393
2020-06-15,XOM,0.9957386,0.01115853,-0.6236864
2020-06-16,AAPL,1.134967,-0.305395,0.0595998
2020-06-16,JPM,1.024588,1.2959,0.2401584
2020-06-16,TSLA,1.197469,-0.1883636,0.4088596
2020-06-16,XOM,0.9954329,0.01150089,-0.6234459
2020-06-17,AAPL,1.134416,-0.3076899,0.05183133
2020-06-17,JPM,1.024239,1.293907,0.2342883
2020-06-17,TSLA,1.198171,-0.1886523,0.4106593
2020-06-17,XOM,0.9949181,0.01043187,-0.6280553
2020-06-18,AAPL,1.133834,-0.3047028,0.05342646
2020-06-18,JPM,1.024114,1.294328,0.2344643
2020-06-18,TSLA,1.198319,-0.1894635,0.4102253
2020-06-18,XOM,0.9956917,0.006362087,-0.6301498
2020-06-19,AAPL,1.134291,-0.3068876,0.05037813
2020-06-19,JPM,1.024156,1.294117,0.2337566
2020-06-19,TSLA,1.199814,-0.1966907,0.4013393
2020-06-19,XOM,0.9963352,0.003291063,-0.6341059
2020-06-22,AAPL,1.13876,-0.3169959,0.05404374
2020-06-22,JPM,1.023407,1.295703,0.2333906
2020-06-22,TSLA,1.186283,-0.1658246,0.3916755
2020-06-22,XOM,1.000326,-0.005731494,-0.63092
2020-06-23,AAPL,1.140722,-0.3214458,0.05430854
2020-06-23,JPM,1.025637,1.289457,0.2323112
2020-06-23,TSLA,1.185009,-0.1621732,0.3924752
2020-06-23,XOM,1.001151,-0.008388783,-0.6317274
2020-06-24,AAPL,1.13891,-0.3163556,0.05931589
2020-06-24,JPM,1.024822,1.291529,0.2343398
2020-06-24,TSLA,1.200506,-0.2058202,0.3505151
2020-06-24,XOM,1.000373,-0.006117532,-0.6291549
2020-06-25,AAPL,1.139005,-0.3154322,0.05984226
2020-06-25,JPM,1.027142,1.297198,0.2372334
2020-06-25,TSLA,1.201266,-0.2030461,0.3519642
2020-06-25,XOM,1.000633,-0.005242193,-0.6286858
2020-06-26,AAPL,1.143093,-0.3145799,0.0577915
2020-06-26,JPM,1.033791,1.298251,0.2337652
2020-06-26,TSLA,1.206491,-0.2019697,0.3493077
2020-06-26,XOM,1.000636,-0.005070806,-0.6285798
2020-06-29,AAPL,1.143928,-0.3100191,0.05402361
2020-06-29,JPM,1.032328,1.290685,0.2402977
2020-06-29,TSLA,1.207934,-0.193807,0.3435386
2020-06-29,XOM,0.9996879,-0.00960065,-0.6244881
2020-06-30,AAPL,1.141019,-0.3231387,0.04019389
2020-06-30,JPM,1.03047,1.281576,0.2308806
2020-06-30,TSLA,1.216898,-0.1513823,0.3878808
2020-06-30,XOM,1.000307,-0.006224493,-0.6210261
2020-07-01,AAPL,1.130571,-0.2877521,0.05285299
2020-07-01,JPM,1.035169,1.26552,0.2251383
2020-07-01,TSLA,1.23061,-0.1976587,0.3714854
2020-07-01,XOM,0.9958282,0.009064453,-0.61547
2020-07-02,AAPL,1.129656,-0.2880393,0.05203361
2020-07-02,JPM,1.034995,1.265269,0.2248614
2020-07-02,TSLA,1.235252,-0.1840803,0.3849555
2020-07-02,XOM,0.9965963,0.009331026,-0.6147409
2020-07-06,AAPL,1.131075,-0.2844449,0.05383716
2020-07-06,JPM,1.035096,1.265313,0.2248401
2020-07-06,TSLA,1.264174,-0.1144867,0.4198351
2020-07-06,XOM,0.9950076,0.005720718,-0.6165383
2020-07-07,AAPL,1.131087,-0.2846359,0.05347521
2020-07-07,JPM,1.036469,1.258845,0.2161656
2020-07-07,TSLA,1.262379,-0.1066137,0.43022
2020-07-07,XOM,0.9941564,0.00945968,-0.6116441
2020-07-08,AAPL,1.133308,-0.2837985,0.05767077
2020-07-08,JPM,1.037831,1.258558,0.2181933
2020-07-08,TSLA,1.252502,-0.1068706,0.4139891
2020-07-08,XOM,0.993069,0.009282821,-0.6134601
2020-07-09,AAPL,1.132701,-0.2816327,0.05694049
2020-07-09,JPM,1.038921,1.254285,0.2196027
2020-07-09,TSLA,1.254802,-0.1155739,0.4175072
2020-07-09,XOM,0.990668,0.01819984,-0.6168842
2020-07-10,AAPL,1.13356,-0.2879451,0.05525834
2020-07-10,JPM,1.035574,1.277691,0.2258733
2020-07-10,TSLA,1.219458,0.132897,0.4851419
2020-07-10,XOM,0.9885949,0.03263518,-0.6129106
2020-07-13,AAPL,1.124396,-0.2560003,0.06682329
2020-07-13,JPM,1.036202,1.275347,0.2248129
2020-07-13,TSLA,1.23244,0.08731086,0.4687796
2020-07-13,XOM,0.9825179,0.0537897,-0.6051204
2020-07-14,AAPL,1.124103,-0.2559884,0.06655644
2020-07-14,JPM,1.034545,1.274285,0.2218769
2020-07-14,TSLA,1.225913,0.08411865,0.4578899
2020-07-14,XOM,0.9904147,0.05745745,-0.5923434
2020-07-15,AAPL,1.12482,-0.2631986,0.06019666
2020-07-15,JPM,1.035351,1.266519,0.2150777
2020-07-15,TSLA,1.223767,0.1045835,0.4757911
2020-07-15,XOM,0.9863584,0.09563067,-0.5587077
2020-07-16,AAPL,1.128161,-0.2818594,0.04856542
2020-07-16,JPM,1.037736,1.2526,0.2062574
2020-07-16,TSLA,1.237711,0.03020161,0.4302794
2020-07-16,XOM,0.9862548,0.09628082,-0.5582417
2020-07-17,AAPL,1.125534,-0.278059,0.04329145
2020-07-17,JPM,1.036074,1.254742,0.2026104
2020-07-17,TSLA,1.233002,0.03654615,0.4194757
2020-07-17,XOM,0.9848185,0.09833623,-0.5611995
2020-07-20,AAPL,1.124791,-0.2769838,0.04281615
2020-07-20,JPM,1.037104,1.252947,0.2032016
2020-07-20,TSLA,1.268247,-0.01548013,0.4451527
2020-07-20,XOM,0.9784976,0.1078257,-0.5656992
2020-07-21,AAPL,1.12687,-0.283796,0.04259461
2020-07-21,JPM,1.042493,1.23512,0.2022977
2020-07-21,TSLA,1.292498,-0.09605921,0.4407542
2020-07-21,XOM,0.9654795,0.1513701,-0.5630328
2020-07-22,AAPL,1.125892,-0.2846999,0.04180722
2020-07-22,JPM,1.040963,1.233224,0.20074
2020-07-22,TSLA,1.290044,-0.0811121,0.452138
2020-07-22,XOM,0.9632817,0.1457487,-0.5675696
2020-07-23,AAPL,1.143717,-0.3294636,0.02559553
2020-07-23,JPM,1.042966,1.22798,0.1987818
2020-07-23,TSLA,1.318832,-0.1529873,0.426268
2020-07-23,XOM,0.9623869,0.1481506,-0.5665838
2020-07-24,AAPL,1.142257,-0.3244492,0.02764921
2020-07-24,JPM,1.046022,1.217375,0.1943812
2020-07-24,TSLA,1.33867,-0.2203181,0.3986095
2020-07-24,XOM,0.9609433,0.1532212,-0.5645147
2020-07-27,AAPL,1.145497,-0.3314749,0.03019176
2020-07-27,JPM,1.045805,1.217554,0.1941042
2020-07-27,TSLA,1.359127,-0.2647338,0.4141796
2020-07-27,XOM,0.9708619,0.1314418,-0.5567303
2020-07-28,AAPL,1.149287,-0.342747,0.02636365
2020-07-28,JPM,1.046407,1.215521,0.1932677
2020-07-28,TSLA,1.370049,-0.2966819,0.4064656
2020-07-28,XOM,0.9734439,0.123893,-0.5584456
2020-07-29,AAPL,1.150359,-0.3392541,0.02877885
2020-07-29,JPM,1.046833,1.216444,0.1936618
2020-07-29,TSLA,1.367862,-0.3017563,0.40522
2020-07-29,XOM,0.9721597,0.1204844,-0.5602572
2020-07-30,AAPL,1.150514,-0.3397808,0.03574881
2020-07-30,JPM,1.046705,1.216577,0.1898559
2020-07-30,TSLA,1.366242,-0.2974539,0.3796918
2020-07-30,XOM,0.9706304,0.1245699,-0.5828991
2020-07-31,AAPL,1.168022,-0.3085212,0.05599545
2020-07-31,JPM,1.044468,1.212607,0.1872765
2020-07-31,TSLA,1.357166,-0.3129339,0.3695995
2020-07-31,XOM,0.9739331,0.1274995,-0.5809184
2020-08-03,AAPL,1.171001,-0.3023716,0.07175192
2020-08-03,JPM,1.043491,1.210311,0.1818003
2020-08-03,TSLA,1.356359,-0.3149682,0.3642243
2020-08-03,XOM,0.9751599,0.130392,-0.5735987
2020-08-04,AAPL,1.171136,-0.3040335,0.07017395
2020-08-04,JPM,1.042972,1.214943,0.1862104
2020-08-04,TSLA,1.355282,-0.3054543,0.3726574
2020-08-04,XOM,0.9769705,0.1135624,-0.5885509
2020-08-05,AAPL,1.171214,-0.3040685,0.07024578
2020-08-05,JPM,1.043233,1.214788,0.1853368
2020-08-05,TSLA,1.354731,-0.3061807,0.3754582
2020-08-05,XOM,0.9762965,0.1137623,-0.5875311
2020-08-06,AAPL,1.176616,-0.322112,0.05964834
2020-08-06,JPM,1.044062,1.211705,0.1834138
2020-08-06,TSLA,1.351693,-0.2960376,0.3815583
2020-08-06,XOM,0.9752228,0.1173451,-0.5853421
2020-08-07,AAPL,1.182829,-0.347735,0.04920376
2020-08-07,JPM,1.044043,1.211379,0.1832559
2020-08-07,TSLA,1.363392,-0.3470197,0.3614041
2020-08-07,XOM,0.984525,0.07897026,-0.6009551
2020-08-10,AAPL,1.178385,-0.3467452,0.03564707
2020-08-10,JPM,1.044338,1.211454,0.1849663
2020-08-10,TSLA,1.368203,-0.3467958,0.3793256
2020-08-10,XOM,0.983441,0.07908771,-0.6045926
2020-08-11,AAPL,1.187228,-0.3609171,0.04145077
2020-08-11,JPM,1.032316,1.230446,0.1776067
2020-08-11,TSLA,1.370346,-0.3504856,0.3849813
2020-08-11,XOM,0.9798696,0.08483952,-0.6067223
2020-08-12,AAPL,1.190372,-0.3615412,0.04476312
2020-08-12,JPM,1.02595,1.232663,0.1719811
2020-08-12,TSLA,1.421454,-0.3702954,0.4288412
2020-08-12,XOM,0.9808075,0.08439461,-0.6059662
2020-08-13,AAPL,1.191029,-0.3648849,0.04822724
2020-08-13,JPM,1.026577,1.229482,0.1746358
2020-08-13,TSLA,1.423388,-0.3780883,0.4356843
2020-08-13,XOM,0.9799098,0.08842774,-0.6096778
2020-08-14,AAPL,1.190709,-0.3639201,0.04852753
2020-08-14,JPM,1.029057,1.220889,0.1737613
2020-08-14,TSLA,1.41827,-0.3610698,0.4374197
2020-08-14,XOM,0.9801036,0.08773011,-0.6096197
2020-08-17,AAPL,1.186049,-0.3530182,0.04055167
2020-08-17,JPM,1.026455,1.226667,0.1691149
2020-08-17,TSLA,1.43924,-0.4098229,0.4735967
2020-08-17,XOM,0.9801955,0.08771825,-0.609528
2020-08-18,AAPL,1.184491,-0.3509893,0.03973723
2020-08-18,JPM,1.025234,1.227973,0.1682358
2020-08-18,TSLA,1.4427,-0.414979,0.4741344
2020-08-18,XOM,0.9818669,0.0856203,-0.6084371
2020-08-19,AAPL,1.183077,-0.3479463,0.04216062
2020-08-19,JPM,1.023588,1.230976,0.1708088
2020-08-19,TSLA,1.445748,-0.4216234,0.4687427
2020-08-19,XOM,0.9831807,0.08285194,-0.610687
2020-08-20,AAPL,1.183959,-0.3532212,0.04112856
2020-08-20,JPM,1.023494,1.231092,0.1707357
2020-08-20,TSLA,1.45704,-0.4636246,0.4554657
2020-08-20,XOM,0.9819468,0.08770673,-0.609216
2020-08-21,AAPL,1.186379,-0.3353201,0.05205874
2020-08-21,JPM,1.023302,1.229317,0.1696519
2020-08-21,TSLA,1.458209,-0.4558859,0.4602408
2020-08-21,XOM,0.981862,0.08746825,-0.6093421
2020-08-24,AAPL,1.185791,-0.3299032,0.04850393
2020-08-24,JPM,1.023836,1.2221,0.1749
2020-08-24,TSLA,1.458701,-0.4631329,0.4660434
2020-08-24,XOM,0.981796,0.08823812,-0.6099181
2020-08-25,AAPL,1.184242,-0.3336824,0.03935408
2020-08-25,JPM,1.024474,1.223492,0.1786545
2020-08-25,TSLA,1.457066,-0.4671819,0.456033
2020-08-25,XOM,0.9795514,0.08259911,-0.6235539
2020-08-26,AAPL,1.177283,-0.328089,0.03611783
2020-08-26,JPM,1.01894,1.227768,0.1761338
2020-08-26,TSLA,1.473318,-0.4799919,0.4640454
2020-08-26,XOM,0.9742354,0.0867577,-0.6262999
2020-08-27,AAPL,1.17773,-0.3180132,0.0545273
2020-08-27,JPM,1.018151,1.212856,0.1487997
2020-08-27,TSLA,1.471692,-0.5102528,0.4081071
2020-08-27,XOM,0.9748976,0.09952988,-0.6025766
2020-08-28,AAPL,1.173952,-0.2988446,0.06951561
2020-08-28,JPM,1.018447,1.210534,0.14682
2020-08-28,TSLA,1.462737,-0.4627874,0.4458652
2020-08-28,XOM,0.9795288,0.07577878,-0.6211135
2020-08-31,AAPL,1.177372,-0.3167625,0.068542
2020-08-31,JPM,1.017306,1.216325,0.1468981
2020-08-31,TSLA,1.479131,-0.5449898,0.4398207
2020-08-31,XOM,0.9792494,0.07725907,-0.621024
2020-09-01,AAPL,1.181294,-0.2873657,0.1032736
2020-09-01,JPM,1.016204,1.209322,0.1386949
2020-09-01,TSLA,1.46575,-0.6342211,0.3337521
2020-09-01,XOM,0.9777258,0.06440352,-0.6361815
2020-09-02,AAPL,1.159759,-0.2340226,0.1455251
2020-09-02,JPM,1.019327,1.201286,0.1323648
2020-09-02,TSLA,1.422892,-0.5280307,0.4177485
2020-09-02,XOM,0.9695775,0.08478112,-0.6198662
2020-09-03,AAPL,1.205631,-0.2828666,0.1542888
2020-09-03,JPM,1.008282,1.212804,0.1300761
2020-09-03,TSLA,1.447862,-0.5557467,0.4227793
2020-09-03,XOM,0.9487082,0.1074992,-0.6238351
2020-09-04,AAPL,1.195647,-0.2546458,0.1600706
2020-09-04,JPM,1.004035,1.224263,0.1320326
2020-09-04,TSLA,1.416731,-0.4722196,0.4356328
2020-09-04,XOM,0.9519437,0.097635,-0.6263849
2020-09-08,AAPL,1.22772,-0.2585359,0.1566616
2020-09-08,JPM,1.003468,1.224061,0.1319068
2020-09-08,TSLA,1.598486,-0.4992766,0.4143784
2020-09-08,XOM,0.9454246,0.09825099,-0.6257096
2020-09-09,AAPL,1.228696,-0.2577665,0.1588023
2020-09-09,JPM,1.009239,1.223108,0.139189
2020-09-09,TSLA,1.632479,-0.5006135,0.4607714
2020-09-09,XOM,0.9445732,0.09778685,-0.6272861
2020-09-10,AAPL,1.237585,-0.2707905,0.1479558
2020-09-10,JPM,1.004638,1.229477,0.1445728
2020-09-10,TSLA,1.613425,-0.4713192,0.4842773
2020-09-10,XOM,0.9475204,0.09306534,-0.6309559
2020-09-11,AAPL,1.240581,-0.2938194,0.137967
2020-09-11,JPM,1.004835,1.226731,0.1429614
2020-09-11,TSLA,1.611721,-0.458836,0.4896787
2020-09-11,XOM,0.9477158,0.09192623,-0.6311986
2020-09-14,AAPL,1.247198,-0.3147137,0.1275483
2020-09-14,JPM,1.011772,1.203816,0.130899
2020-09-14,TSLA,1.659292,-0.6120897,0.4105373
2020-09-14,XOM,0.9359742,0.129204,-0.6122628
2020-09-15,AAPL,1.242486,-0.2965561,0.1352628
2020-09-15,JPM,1.004676,1.23107,0.1423862
2020-09-15,TSLA,1.672629,-0.663957,0.3885864
2020-09-15,XOM,0.9349061,0.1329387,-0.6108214
2020-09-16,AAPL,1.246164,-0.2878088,0.1518635
2020-09-16,JPM,1.005147,1.231869,0.1442839
2020-09-16,TSLA,1.674259,-0.659957,0.3960484
2020-09-16,XOM,0.9274896,0.1161729,-0.6430356
2020-09-17,AAPL,1.247469,-0.2880128,0.1521994
2020-09-17,JPM,1.006453,1.231018,0.1440941
2020-09-17,TSLA,1.686589,-0.6642538,0.3969359
2020-09-17,XOM,0.9251061,0.1171611,-0.643063
2020-09-18,AAPL,1.256935,-0.3151827,0.1241677
2020-09-18,JPM,1.001571,1.244832,0.1583101
2020-09-18,TSLA,1.668417,-0.6126094,0.4502797
2020-09-18,XOM,0.9250837,0.1171223,-0.643059
2020-09-21,AAPL,1.251069,-0.2959371,0.147194
2020-09-21,JPM,1.003449,1.238522,0.1505005
2020-09-21,TSLA,1.662464,-0.590989,0.4723299
2020-09-21,XOM,0.9209248,0.1306283,-0.6265808
2020-09-22,AAPL,1.247926,-0.2914112,0.1462222
2020-09-22,JPM,1.001356,1.241558,0.1496375
2020-09-22,TSLA,1.619069,-0.5249303,0.4583197
2020-09-22,XOM,0.913374,0.1423489,-0.6289096
2020-09-23,AAPL,1.262823,-0.3155589,0.1328376
2020-09-23,JPM,0.9978424,1.247867,0.1532385
2020-09-23,TSLA,1.68164,-0.6336766,0.396855
2020-09-23,XOM,0.917261,0.1353725,-0.6328562
2020-09-24,AAPL,1.26274,-0.3102533,0.1360219
2020-09-24,JPM,0.9979878,1.239039,0.1480215
2020-09-24,TSLA,1.681615,-0.6229844,0.4032803
2020-09-24,XOM,0.9174633,0.1328064,-0.6341969
2020-09-25,AAPL,1.269786,-0.3288615,0.126628
2020-09-25,JPM,1.003317,1.224675,0.1406652
2020-09-25,TSLA,1.683057,-0.626842,0.4012131
2020-09-25,XOM,0.9196355,0.127079,-0.637113
2020-09-28,AAPL,1.273445,-0.320642,0.1313697
2020-09-28,JPM,1.004166,1.22675,0.1419034
2020-09-28,TSLA,1.684764,-0.6252963,0.4016823
2020-09-28,XOM,0.9193965,0.1266501,-0.6373455
2020-09-29,AAPL,1.274358,-0.3198767,0.12724
2020-09-29,JPM,1.00234,1.225303,0.1493106
2020-09-29,TSLA,1.689204,-0.6231197,0.383808
2020-09-29,XOM,0.9210684,0.1278064,-0.6444407
2020-09-30,AAPL,1.274483,-0.3206199,0.1266746
2020-09-30,JPM,1.001662,1.222928,0.1480811
2020-09-30,TSLA,1.692722,-0.6245457,0.3810908
2020-09-30,XOM,0.9206105,0.128168,-0.6439805
2020-10-01,AAPL,1.2742,-0.3214706,0.1254422
2020-10-01,JPM,1.002417,1.226902,0.1553222
2020-10-01,TSLA,1.694543,-0.6161181,0.3928428
2020-10-01,XOM,0.9162406,0.1059477,-0.6804936
2020-10-02,AAPL,1.277327,-0.3290709,0.1236204
2020-10-02,JPM,1.005096,1.220048,0.1534936
2020-10-02,TSLA,1.726511,-0.6937468,0.3737658
2020-10-02,XOM,0.9251565,0.08395286,-0.6858528
2020-10-05,AAPL,1.282064,-0.3248543,0.1308442
2020-10-05,JPM,1.007006,1.222315,0.1571501
2020-10-05,TSLA,1.714587,-0.7083215,0.3512582
2020-10-05,XOM,0.9319828,0.09041143,-0.6750376
2020-10-06,AAPL,1.287742,-0.3329525,0.1243763
2020-10-06,JPM,1.006367,1.223093,0.1577925
2020-10-06,TSLA,1.723709,-0.7216031,0.3406212
2020-10-06,XOM,0.9291606,0.09414985,-0.6720222
2020-10-07,AAPL,1.285138,-0.3344127,0.1224819
2020-10-07,JPM,1.005188,1.222051,0.1567057
2020-10-07,TSLA,1.716604,-0.7257275,0.3349091
2020-10-07,XOM,0.9237643,0.09099966,-0.6760546
2020-10-08,AAPL,1.283161,-0.328808,0.1314341
2020-10-08,JPM,1.00554,1.220757,0.1543731
2020-10-08,TSLA,1.715972,-0.7241675,0.3384212
2020-10-08,XOM,0.9318598,0.06833778,-0.716625
2020-10-09,AAPL,1.282033,-0.3284148,0.129525
2020-10-09,JPM,1.005119,1.220436,0.1532747
2020-10-09,TSLA,1.709259,-0.7233243,0.3248071
2020-10-09,XOM,0.930248,0.06861422,-0.7197553
2020-10-12,AAPL,1.302007,-0.3160335,0.1352777
2020-10-12,JPM,1.001804,1.219588,0.1531299
2020-10-12,TSLA,1.704555,-0.7278789,0.3222958
2020-10-12,XOM,0.9243549,0.06447639,-0.7217605
2020-10-13,AAPL,1.306472,-0.315266,0.1106806
2020-10-13,JPM,1.000917,1.219166,0.1575628
2020-10-13,TSLA,1.706038,-0.7276051,0.3140965
2020-10-13,XOM,0.9221345,0.06468061,-0.7104287
2020-10-14,AAPL,1.303813,-0.3166416,0.1081791
2020-10-14,JPM,1.000593,1.218999,0.1572358
2020-10-14,TSLA,1.694584,-0.7347589,0.3023383
2020-10-14,XOM,0.9207718,0.06388868,-0.7117298
2020-10-15,AAPL,1.302376,-0.3109234,0.1111233
2020-10-15,JPM,0.9989178,1.226555,0.1615244
2020-10-15,TSLA,1.701668,-0.7664868,0.2850042
2020-10-15,XOM,0.9194772,0.06951327,-0.7086422
2020-10-16,AAPL,1.303875,-0.3188559,0.1067558
2020-10-16,JPM,0.9990973,1.224523,0.160447
2020-10-16,TSLA,1.704385,-0.7782858,0.2781408
2020-10-16,XOM,0.9199425,0.0666716,-0.7101214
2020-10-19,AAPL,1.306392,-0.3209792,0.1060216
2020-10-19,JPM,1.002401,1.221134,0.1589345
2020-10-19,TSLA,1.703171,-0.7754395,0.2806629
2020-10-19,XOM,0.9236094,0.06258623,-0.7124478
2020-10-20,AAPL,1.305783,-0.3064001,0.1102936
2020-10-20,JPM,1.002956,1.204959,0.1542622
2020-10-20,TSLA,1.703909,-0.7978402,0.2743505
2020-10-20,XOM,0.9235654,0.06214249,-0.7123593
2020-10-21,AAPL,1.306436,-0.3079435,0.1105722
2020-10-21,JPM,1.005303,1.199238,0.1545132
2020-10-21,TSLA,1.700733,-0.7906864,0.2729588
2020-10-21,XOM,0.926144,0.05632735,-0.7116446
2020-10-22,AAPL,1.303756,-0.2865295,0.1337623
2020-10-22,JPM,1.010967,1.15194,0.1031235
2020-10-22,TSLA,1.700512,-0.7916655,0.2707287
2020-10-22,XOM,0.9334067,-0.003688998,-0.7769441
2020-10-23,AAPL,1.303252,-0.2901428,0.1298793
2020-10-23,JPM,1.011155,1.153642,0.1050364
2020-10-23,TSLA,1.699601,-0.8025265,0.2594844
2020-10-23,XOM,0.9327041,-0.01174205,-0.7852698
2020-10-26,AAPL,1.287557,-0.2611175,0.1542353
2020-10-26,JPM,1.014035,1.148363,0.100566
2020-10-26,TSLA,1.68155,-0.7683548,0.2879461
2020-10-26,XOM,0.9280536,-0.00337531,-0.778177
2020-10-27,AAPL,1.287836,-0.2658506,0.1552749
2020-10-27,JPM,1.01431,1.141537,0.1026643
2020-10-27,TSLA,1.680986,-0.7541896,0.2821292
2020-10-27,XOM,0.9285385,-0.0136163,-0.7746454
2020-10-28,AAPL,1.291581,-0.2720697,0.1511191
2020-10-28,JPM,1.014964,1.14005,0.101675
2020-10-28,TSLA,1.663072,-0.7234446,0.3022668
2020-10-28,XOM,0.9305916,-0.01694942,-0.7768313
2020-10-29,AAPL,1.30182,-0.3024439,0.1216885
2020-10-29,JPM,1.011805,1.149032,0.1106177
2020-10-29,TSLA,1.659966,-0.7143912,0.3107704
2020-10-29,XOM,0.9427428,-0.0528924,-0.8118728
2020-10-30,AAPL,1.324193,-0.3379713,0.1382256
2020-10-30,JPM,1.009849,1.151385,0.1081642
2020-10-30,TSLA,1.667054,-0.7248398,0.3177263
2020-10-30,XOM,0.9501065,-0.06418252,-0.8056649
2020-11-02,AAPL,1.320945,-0.3383517,0.141499
2020-11-02,JPM,1.010313,1.151116,0.107402
2020-11-02,TSLA,1.672401,-0.7238479,0.3123658
2020-11-02,XOM,0.9578634,-0.06285373,-0.8130203
2020-11-03,AAPL,1.316536,-0.3355506,0.1409183
2020-11-03,JPM,1.020307,1.146622,0.1103075
2020-11-03,TSLA,1.680516,-0.7315805,0.3114956
2020-11-03,XOM,0.9372706,-0.05165612,-0.8173544
2020-11-04,AAPL,1.291035,-0.2546083,0.1691424
2020-11-04,JPM,1.015176,1.162434,0.1154777
2020-11-04,TSLA,1.572707,-0.3889893,0.43043
2020-11-04,XOM,0.9543341,-0.1056691,-0.8353861
2020-11-05,AAPL,1.299662,-0.2426408,0.1806134
2020-11-05,JPM,1.024105,1.174804,0.1273561
2020-11-05,TSLA,1.571097,-0.39149,0.4280396
2020-11-05,XOM,0.9420819,-0.1238113,-0.8525447
2020-11-06,AAPL,1.299138,-0.2422065,0.1797218
2020-11-06,JPM,1.023773,1.175006,0.1269057
2020-11-06,TSLA,1.56998,-0.3905713,0.4258515
2020-11-06,XOM,0.9420448,-0.1238868,-0.8527206
2020-11-09,AAPL,1.302143,-0.3035305,0.1000002
2020-11-09,JPM,1.038058,0.887858,-0.2457441
2020-11-09,TSLA,1.579243,-0.5776906,0.182974
2020-11-09,XOM,0.943681,-0.157244,-0.8962613
2020-11-10,AAPL,1.29703,-0.2763252,0.115357
2020-11-10,JPM,1.046237,0.8435125,-0.2708582
2020-11-10,TSLA,1.587849,-0.6243039,0.1568137
2020-11-10,XOM,0.9387498,-0.1308003,-0.881309
2020-11-11,AAPL,1.299175,-0.2707255,0.1229768
2020-11-11,JPM,1.045495,0.8416065,-0.2733309
2020-11-11,TSLA,1.583064,-0.6354454,0.1412074
2020-11-11,XOM,0.9426532,-0.1212349,-0.8681191
2020-11-12,AAPL,1.298262,-0.2702889,0.123999
2020-11-12,JPM,1.040981,0.8435962,-0.2681617
2020-11-12,TSLA,1.587217,-0.6377415,0.1361061
2020-11-12,XOM,0.9457208,-0.122524,-0.8716391
2020-11-13,AAPL,1.294418,-0.2664094,0.1293592
2020-11-13,JPM,1.032027,0.8521194,-0.2559941
2020-11-13,TSLA,1.576249,-0.6262717,0.1517545
2020-11-13,XOM,0.9446335,-0.1213103,-0.8700628
2020-11-16,AAPL,1.295927,-0.2675092,0.126149
2020-11-16,JPM,1.029468,0.8539076,-0.2508459
2020-11-16,TSLA,1.572326,-0.6232772,0.1597659
2020-11-16,XOM,0.951839,-0.1249278,-0.8841859
2020-11-17,AAPL,1.296326,-0.2668386,0.1262944
2020-11-17,JPM,1.030784,0.8562116,-0.2501058
2020-11-17,TSLA,1.557625,-0.6505136,0.1503283
2020-11-17,XOM,0.9489817,-0.1297002,-0.8856475
2020-11-18,AAPL,1.296606,-0.2675234,0.1257956
2020-11-18,JPM,1.029712,0.8576214,-0.2491735
2020-11-18,TSLA,1.505375,-0.5672803,0.2048047
2020-11-18,XOM,0.9601373,-0.1463226,-0.8962082
2020-11-19,AAPL,1.295778,-0.2628394,0.1277863
2020-11-19,JPM,1.030715,0.8509298,-0.2521057
2020-11-19,TSLA,1.506018,-0.5730241,0.2010313
2020-11-19,XOM,0.9609988,-0.1520683,-0.8988842
2020-11-20,AAPL,1.297008,-0.2603767,0.1276092
2020-11-20,JPM,1.029114,0.8492669,-0.2515031
2020-11-20,TSLA,1.514686,-0.5660022,0.1967097
2020-11-20,XOM,0.9610139,-0.1535773,-0.8993325
2020-11-23,AAPL,1.291737,-0.2504676,0.1458528
2020-11-23,JPM,1.02944,0.8485664,-0.2529554
2020-11-23,TSLA,1.524521,-0.5862067,0.1625472
2020-11-23,XOM,0.9676231,-0.1663295,-0.922425
2020-11-24,AAPL,1.292865,-0.2472753,0.1455148
2020-11-24,JPM,1.027539,0.8438075,-0.2524434
2020-11-24,TSLA,1.551935,-0.5192635,0.1534276
2020-11-24,XOM,0.978643,-0.1392638,-0.9259873
2020-11-25,AAPL,1.292822,-0.2477967,0.145535
2020-11-25,JPM,1.027598,0.8410945,-0.2526281
2020-11-25,TSLA,1.552019,-0.5305923,0.1527869
2020-11-25,XOM,0.9783759,-0.1302459,-0.9253911
2020-11-27,AAPL,1.291753,-0.2410059,0.1466529
2020-11-27,JPM,1.028932,0.8315021,-0.2542341
2020-11-27,TSLA,1.551286,-0.5225779,0.1537317
2020-11-27,XOM,0.9781672,-0.1274697,-0.9250065
2020-11-30,AAPL,1.289829,-0.2399943,0.1530995
2020-11-30,JPM,1.028975,0.8314723,-0.2543833
2020-11-30,TSLA,1.556265,-0.5273149,0.1333546
2020-11-30,XOM,0.9805225,-0.1291634,-0.9340428
2020-12-01,AAPL,1.296319,-0.2338827,0.1528781
2020-12-01,JPM,1.028154,0.8304946,-0.2545449
2020-12-01,TSLA,1.561501,-0.5220401,0.1334447
2020-12-01,XOM,0.9790804,-0.1302735,-0.9338873
2020-12-02,AAPL,1.29603,-0.2376873,0.1474576
2020-12-02,JPM,1.027982,0.8290404,-0.2569049
2020-12-02,TSLA,1.562566,-0.5088752,0.1555221
2020-12-02,XOM,0.9781381,-0.1389882,-0.9496858
2020-12-03,AAPL,1.295796,-0.2364783,0.1482433
2020-12-03,JPM,1.027983,0.8369239,-0.2521162
2020-12-03,TSLA,1.562316,-0.5388826,0.1373015
2020-12-03,XOM,0.9780175,-0.1405326,-0.9505856
2020-12-04,AAPL,1.293905,-0.2299898,0.1524576
2020-12-04,JPM,1.025599,0.8454816,-0.2465466
2020-12-04,TSLA,1.558014,-0.5221683,0.1481057
2020-12-04,XOM,0.9809308,-0.1514046,-0.9576245
2020-12-07,AAPL,1.293524,-0.2297762,0.1558226
2020-12-07,JPM,1.025155,0.8454619,-0.2427911
2020-12-07,TSLA,1.55547,-0.5208615,0.1724782
2020-12-07,XOM,0.9809925,-0.1512673,-0.9590348
2020-12-08,AAPL,1.293651,-0.2327094,0.1545404
2020-12-08,JPM,1.025655,0.8385332,-0.2456463
2020-12-08,TSLA,1.553772,-0.4993497,0.1816152
2020-12-08,XOM,0.9844179,-0.1972894,-0.9785655
2020-12-09,AAPL,1.296301,-0.2382292,0.1525757
2020-12-09,JPM,1.033233,0.8192299,-0.2529522
2020-12-09,TSLA,1.58675,-0.5790375,0.1518272
2020-12-09,XOM,0.974759,-0.1750442,-0.9702616
2020-12-10,AAPL,1.296026,-0.2566131,0.1443106
2020-12-10,JPM,1.033224,0.8233374,-0.2511111
2020-12-10,TSLA,1.586382,-0.6008779,0.14217
2020-12-10,XOM,0.9742994,-0.2078348,-0.9847848
2020-12-11,AAPL,1.296646,-0.2518515,0.146543
2020-12-11,JPM,1.033067,0.8220285,-0.2517568
2020-12-11,TSLA,1.588095,-0.5852066,0.149623
2020-12-11,XOM,0.9738602,-0.2094459,-0.9854444
2020-12-14,AAPL,1.297348,-0.2421721,0.1503487
2020-12-14,JPM,1.031807,0.8059339,-0.2582362
2020-12-14,TSLA,1.583426,-0.6424573,0.1270626
2020-12-14,XOM,0.9773325,-0.1618323,-0.9661823
2020-12-15,AAPL,1.313586,-0.2241836,0.1694311
2020-12-15,JPM,1.032632,0.8067337,-0.2572994
2020-12-15,TSLA,1.565337,-0.6623537,0.1059097
2020-12-15,XOM,0.9791443,-0.1595525,-0.9638427
2020-12-16,AAPL,1.313093,-0.2271483,0.1672462
2020-12-16,JPM,1.032923,0.8074831,-0.256662
2020-12-16,TSLA,1.563619,-0.6691989,0.1006517
2020-12-16,XOM,0.9805137,-0.1532215,-0.9590455
2020-12-17,AAPL,1.311831,-0.2285318,0.1638708
2020-12-17,JPM,1.031307,0.8056344,-0.2608512
2020-12-17,TSLA,1.569682,-0.6629347,0.1159362
2020-12-17,XOM,0.9799959,-0.1533039,-0.9597764
2020-12-18,AAPL,1.313309,-0.2087347,0.1706983
2020-12-18,JPM,1.030563,0.7974172,-0.2635031
2020-12-18,TSLA,1.565829,-0.703827,0.1039461
2020-12-18,XOM,0.9803717,-0.1481854,-0.9581435
2020-12-21,AAPL,1.30969,-0.1815999,0.1914303
2020-12-21,JPM,1.018696,0.8878354,-0.1943739
2020-12-21,TSLA,1.58496,-0.8507406,-0.008405903
2020-12-21,XOM,0.9812103,-0.1548981,-0.9632842
2020-12-22,AAPL,1.30714,-0.2098592,0.19278
2020-12-22,JPM,1.018197,0.8826823,-0.1943337
2020-12-22,TSLA,1.588968,-0.801371,-0.01116902
2020-12-22,XOM,0.9812701,-0.1529759,-0.9632648
2020-12-23,AAPL,1.306998,-0.209267,0.1930438
2020-12-23,JPM,1.017256,0.8908624,-0.1913856
2020-12-23,TSLA,1.585723,-0.7711921,-3.81603e-05
2020-12-23,XOM,0.9823406,-0.163535,-0.9670863
2020-12-24,AAPL,1.307361,-0.2105259,0.1922033
2020-12-24,JPM,1.016432,0.889631,-0.1917896
2020-12-24,TSLA,1.586509,-0.7641924,0.003443229
2020-12-24,XOM,0.9821252,-0.1639938,-0.9672398
2020-12-28,AAPL,1.313614,-0.1964485,0.1930881
2020-12-28,JPM,1.015088,0.8865492,-0.1920981
2020-12-28,TSLA,1.585926,-0.7649859,0.003524764
2020-12-28,XOM,0.9814193,-0.1651637,-0.9671537
2020-12-29,AAPL,1.315452,-0.2044568,0.1951519
2020-12-29,JPM,1.015692,0.8830032,-0.1915424
2020-12-29,TSLA,1.583182,-0.7564213,0.0008508908
2020-12-29,XOM,0.9817658,-0.1692668,-0.9665552
2020-12-30,AAPL,1.315849,-0.2032068,0.1945905
2020-12-30,JPM,1.015438,0.8829032,-0.1915651
2020-12-30,TSLA,1.582456,-0.7603171,0.002253259
2020-12-30,XOM,0.9815064,-0.1694265,-0.9661482
2020-12-31,AAPL,1.312468,-0.2123685,0.1940965
2020-12-31,JPM,1.015789,0.8834705,-0.1918344
2020-12-31,TSLA,1.585001,-0.7517296,0.003337443
2020-12-31,XOM,0.9785088,-0.1778107,-0.9666834
2021-01-04,AAPL,1.317526,-0.2229148,0.1876123
2021-01-04,JPM,1.016447,0.8811977,-0.1932402
2021-01-04,TSLA,1.534414,-0.6479654,0.06709541
2021-01-04,XOM,0.9566426,-0.1336702,-0.9395483
2021-01-05,AAPL,1.318916,-0.2217854,0.1888012
2021-01-05,JPM,1.014546,0.8796663,-0.1949404
2021-01-05,TSLA,1.529907,-0.6507951,0.06342216
2021-01-05,XOM,0.9641882,-0.1279826,-0.933143
2021-01-06,AAPL,1.323245,-0.3503389,0.1130398
2021-01-06,JPM,1.013905,0.8956194,-0.1855448
2021-01-06,TSLA,1.526399,-0.5308609,0.1342489
2021-01-06,XOM,0.9649672,-0.1582837,-0.9510195
2021-01-07,AAPL,1.329105,-0.3479466,0.1180777
2021-01-07,JPM,1.036014,0.9038512,-0.1670898
2021-01-07,TSLA,1.55926,-0.5181302,0.1619718
2021-01-07,XOM,0.9693727,-0.1563439,-0.9470933
2021-01-08,AAPL,1.325671,-0.3345154,0.1258385
2021-01-08,JPM,1.038643,0.8917222,-0.1742051
2021-01-08,TSLA,1.581168,-0.6246879,0.09863964
2021-01-08,XOM,0.9752523,-0.1834711,-0.9630649
2021-01-11,AAPL,1.331019,-0.3564669,0.1142676
2021-01-11,JPM,1.035254,0.9055541,-0.1668283
2021-01-11,TSLA,1.617214,-0.7585586,0.02988802
2021-01-11,XOM,0.960007,-0.1283384,-0.9349399
2021-01-12,AAPL,1.330547,-0.3517233,0.1176291
2021-01-12,JPM,1.035108,0.9056462,-0.1666154
2021-01-12,TSLA,1.613093,-0.7049034,0.06731962
2021-01-12,XOM,0.95863,-0.1092851,-0.921851
2021-01-13,AAPL,1.331128,-0.3507502,0.1173866
2021-01-13,JPM,1.035272,0.9055529,-0.1667863
2021-01-13,TSLA,1.613821,-0.7047758,0.06762542
2021-01-13,XOM,0.9602278,-0.1073524,-0.9221936
2021-01-14,AAPL,1.331404,-0.351357,0.1168722
2021-01-14,JPM,1.036094,0.9038249,-0.1681748
2021-01-14,TSLA,1.623991,-0.716099,0.05740132
2021-01-14,XOM,0.947944,-0.0920233,-0.9087534
2021-01-15,AAPL,1.335526,-0.347349,0.1191712
2021-01-15,JPM,1.037913,0.9052954,-0.1673528
2021-01-15,TSLA,1.633499,-0.7088849,0.06089626
2021-01-15,XOM,0.9643393,-0.07721224,-0.9004812
2021-01-19,AAPL,1.332282,-0.3377199,0.1222253
2021-01-19,JPM,1.035714,0.9117347,-0.1653095
2021-01-19,TSLA,1.628562,-0.6965437,0.06371447
2021-01-19,XOM,0.9699845,-0.09438678,-0.9058068
2021-01-20,AAPL,1.33851,-0.3416761,0.1222468
2021-01-20,JPM,1.021596,0.9203784,-0.1654408
2021-01-20,TSLA,1.608113,-0.6833752,0.06391327
2021-01-20,XOM,0.981136,-0.1011523,-0.9055679
2021-01-21,AAPL,1.338087,-0.3434799,0.127467
2021-01-21,JPM,1.021034,0.92056,-0.1651797
2021-01-21,TSLA,1.608175,-0.682105,0.06123952
2021-01-21,XOM,0.981674,-0.1003224,-0.9084629
2021-01-22,AAPL,1.329378,-0.3310574,0.1497788
2021-01-22,JPM,1.022306,0.919375,-0.1671682
2021-01-22,TSLA,1.61431,-0.6914636,0.04415215
2021-01-22,XOM,0.9855708,-0.1067655,-0.9201785
2021-01-25,AAPL,1.331195,-0.3390422,0.1461718
2021-01-25,JPM,1.020538,0.9233652,-0.1657351
2021-01-25,TSLA,1.617411,-0.7010418,0.04026094
2021-01-25,XOM,0.9844303,-0.1024464,-0.9182046
2021-01-26,AAPL,1.329863,-0.33452,0.1491092
2021-01-26,JPM,1.02102,0.922283,-0.1665297
2021-01-26,TSLA,1.616816,-0.6983608,0.0419148
2021-01-26,XOM,0.9891915,-0.1149902,-0.9267565
2021-01-27,AAPL,1.267157,-0.2381227,0.2094665
2021-01-27,JPM,1.049142,0.8792506,-0.1934645
2021-01-27,TSLA,1.588348,-0.6752829,0.05627455
2021-01-27,XOM,0.9788712,-0.102553,-0.9189586
2021-01-28,AAPL,1.23048,-0.1793576,0.2666513
2021-01-28,JPM,1.055244,0.8672274,-0.2050219
2021-01-28,TSLA,1.561683,-0.6233575,0.1064668
2021-01-28,XOM,0.9863209,-0.1191899,-0.9350883
2021-01-29,AAPL,1.248607,-0.2089303,0.24644
2021-01-29,JPM,1.04969,0.8759234,-0.1990804
2021-01-29,TSLA,1.59219,-0.6642636,0.07487717
2021-01-29,XOM,0.9944835,-0.1332708,-0.9442872
2021-02-01,AAPL,1.237921,-0.1852506,0.2545787
2021-02-01,JPM,1.055314,0.8628599,-0.2033793
2021-02-01,TSLA,1.593844,-0.6688284,0.07649024
2021-02-01,XOM,0.9894126,-0.1215467,-0.9411723
2021-02-02,AAPL,1.224717,-0.1514177,0.2789607
2021-02-02,JPM,1.072067,0.819992,-0.2344578
2021-02-02,TSLA,1.607039,-0.6797145,0.0626524
2021-02-02,XOM,0.9912174,-0.1289616,-0.9457857
2021-02-03,AAPL,1.224916,-0.1528785,0.2795144
2021-02-03,JPM,1.071894,0.8203632,-0.234613
2021-02-03,TSLA,1.608274,-0.6866872,0.06486391
2021-02-03,XOM,0.9896865,-0.1209198,-0.9480519
2021-02-04,AAPL,1.232255,-0.1477743,0.2821479
2021-02-04,JPM,1.075317,0.8221395,-0.233724
2021-02-04,TSLA,1.589427,-0.6979606,0.05907865
2021-02-04,XOM,0.9915742,-0.1199876,-0.9475433
2021-02-05,AAPL,1.230142,-0.1373079,0.2847356
2021-02-05,JPM,1.07491,0.8231556,-0.2335903
2021-02-05,TSLA,1.584627,-0.6754586,0.06457483
2021-02-05,XOM,0.9972603,-0.1469827,-0.9539249
2021-02-08,AAPL,1.22675,-0.1442897,0.2754439
2021-02-08,JPM,1.077837,0.8304836,-0.2249497
2021-02-08,TSLA,1.576825,-0.6924606,0.04282735
2021-02-08,XOM,1.008852,-0.1207098,-0.920631
2021-02-09,AAPL,1.227228,-0.1467172,0.2720681
2021-02-09,JPM,1.078112,0.8284117,-0.2269353
2021-02-09,TSLA,1.579773,-0.7072459,0.02689075
2021-02-09,XOM,1.009858,-0.1255154,-0.9262488
2021-02-10,AAPL,1.227311,-0.1487535,0.2717015
2021-02-10,JPM,1.079245,0.8146952,-0.2314621
2021-02-10,TSLA,1.585569,-0.7719752,0.004397134
2021-02-10,XOM,1.008997,-0.1164197,-0.9232442
2021-02-11,AAPL,1.226911,-0.1453516,0.2721514
2021-02-11,JPM,1.079202,0.8139615,-0.2316827
2021-02-11,TSLA,1.585349,-0.7705674,0.004638531
2021-02-11,XOM,1.008133,-0.1070132,-0.9216762
2021-02-12,AAPL,1.224936,-0.1636922,0.2595138
2021-02-12,JPM,1.080403,0.8276913,-0.2220176
2021-02-12,TSLA,1.585823,-0.7693115,0.0048556
2021-02-12,XOM,1.012218,-0.06249591,-0.8905215
2021-02-16,AAPL,1.225956,-0.2138014,0.2317072
2021-02-16,JPM,1.079659,0.8508378,-0.2091877
2021-02-16,TSLA,1.585532,-0.7952035,-0.009510182
2021-02-16,XOM,1.008895,0.07093351,-0.8164706
2021-02-17,AAPL,1.228446,-0.2151363,0.2382287
2021-02-17,JPM,1.080731,0.8500453,-0.206266
2021-02-17,TSLA,1.582285,-0.7927553,-0.01589828
2021-02-17,XOM,1.00648,0.07269285,-0.8212802
2021-02-18,AAPL,1.228527,-0.2136147,0.2399225
2021-02-18,JPM,1.078426,0.8441613,-0.2128458
2021-02-18,TSLA,1.581849,-0.7953491,-0.01896813
2021-02-18,XOM,1.011286,0.08621039,-0.8059368
2021-02-19,AAPL,1.227152,-0.2095408,0.2434128
2021-02-19,JPM,1.078034,0.8627158,-0.1966155
2021-02-19,TSLA,1.580984,-0.8257303,-0.04556624
2021-02-19,XOM,1.010056,0.08664023,-0.8056191
2021-02-22,AAPL,1.228656,-0.2147034,0.2421435
2021-02-22,JPM,1.088596,0.8243849,-0.2060654
2021-02-22,TSLA,1.619925,-0.9555697,-0.07714939
2021-02-22,XOM,0.9940536,0.1397732,-0.7925682
2021-02-23,AAPL,1.228559,-0.214013,0.2384201
2021-02-23,JPM,1.089397,0.8252725,-0.2012938
2021-02-23,TSLA,1.619619,-0.9565024,-0.07236154
2021-02-23,XOM,0.9936552,0.1395656,-0.7946624
2021-02-24,AAPL,1.217848,-0.2566048,0.2086624
2021-02-24,JPM,1.086514,0.807834,-0.2134761
2021-02-24,TSLA,1.635566,-0.8187411,0.02412399
2021-02-24,XOM,0.9968216,0.1750354,-0.7697799
2021-02-25,AAPL,1.212864,-0.2560144,0.2068963
2021-02-25,JPM,1.082911,0.8020052,-0.21836
2021-02-25,TSLA,1.674547,-0.8146547,0.04331408
2021-02-25,XOM,1.00266,0.1821824,-0.7630725
2021-02-26,AAPL,1.207433,-0.2604064,0.2019178
2021-02-26,JPM,1.084656,0.8087839,-0.2186356
2021-02-26,TSLA,1.676237,-0.7895297,0.03726092
2021-02-26,XOM,1.000927,0.1864631,-0.7664065
2021-03-01,AAPL,1.239004,-0.205985,0.2500393
2021-03-01,JPM,1.08016,0.8009453,-0.225513
2021-03-01,TSLA,1.694414,-0.7635407,0.05903411
2021-03-01,XOM,1.025991,0.2322682,-0.7253968
2021-03-02,AAPL,1.242368,-0.2109112,0.2488051
2021-03-02,JPM,1.086778,0.7877425,-0.2288811
2021-03-02,TSLA,1.710457,-0.7795426,0.05514452
2021-03-02,XOM,1.030192,0.2238783,-0.7274283
2021-03-03,AAPL,1.233547,-0.1740193,0.26274
2021-03-03,JPM,1.087214,0.7849608,-0.2299908
2021-03-03,TSLA,1.705107,-0.7532094,0.06533202
2021-03-03,XOM,1.036822,0.1954667,-0.7381183
2021-03-04,AAPL,1.223063,-0.171381,0.2523468
2021-03-04,JPM,1.102562,0.7782322,-0.2149619
2021-03-04,TSLA,1.701344,-0.754753,0.06154157
2021-03-04,XOM,1.005558,0.1966638,-0.7699509
2021-03-05,AAPL,1.212244,-0.1692267,0.2569176
2021-03-05,JPM,1.069259,0.7852117,-0.2005621
2021-03-05,TSLA,1.605683,-0.7443535,0.09627669
2021-03-05,XOM,1.012042,0.1916154,-0.7752787
2021-03-08,AAPL,1.217371,-0.2392706,0.2263574
2021-03-08,JPM,1.07114,0.7286332,-0.2257127
2021-03-08,TSLA,1.613159,-0.8331134,0.05779398
2021-03-08,XOM,1.02439,0.09020896,-0.8185064
2021-03-09,AAPL,1.223643,-0.2398791,0.229649
2021-03-09,JPM,1.079214,0.7201586,-0.218338
2021-03-09,TSLA,1.70315,-0.9543942,0.1536999
2021-03-09,XOM,1.030011,0.09097694,-0.8159473
2021-03-10,AAPL,1.225377,-0.2720273,0.20837
2021-03-10,JPM,1.091463,0.7291633,-0.2131896
2021-03-10,TSLA,1.713827,-0.9874603,0.1312482
2021-03-10,XOM,1.030539,0.1366522,-0.7858854
2021-03-11,AAPL,1.214428,-0.2728999,0.1987498
2021-03-11,JPM,1.066316,0.7006896,-0.2275502
2021-03-11,TSLA,1.76472,-0.9134069,0.1555507
2021-03-11,XOM,1.064375,0.1729935,-0.7658398
2021-03-12,AAPL,1.225642,-0.2678928,0.2029157
2021-03-12,JPM,1.052614,0.6888287,-0.2352413
2021-03-12,TSLA,1.777925,-0.9039886,0.1621186
2021-03-12,XOM,1.073737,0.1778327,-0.7620099
2021-03-15,AAPL,1.237503,-0.2803905,0.1978428
2021-03-15,JPM,1.049984,0.6904068,-0.2346977
2021-03-15,TSLA,1.817696,-0.8841108,0.1746945
2021-03-15,XOM,1.062148,0.2103806,-0.7472536
2021-03-16,AAPL,1.23861,-0.3209657,0.164831
2021-03-16,JPM,1.045995,0.6967059,-0.2284591
2021-03-16,TSLA,1.812989,-0.8044617,0.2401013
2021-03-16,XOM,1.061215,0.2710171,-0.6981895
2021-03-17,AAPL,1.235159,-0.3560581,0.1356832
2021-03-17,JPM,1.047889,0.7206098,-0.2084283
2021-03-17,TSLA,1.823253,-0.7303966,0.2998518
2021-03-17,XOM,1.063631,0.2973436,-0.6763139
2021-03-18,AAPL,1.233135,-0.3603673,0.134464
2021-03-18,JPM,1.044134,0.73027,-0.2121361
2021-03-18,TSLA,1.835575,-0.7106614,0.3087547
2021-03-18,XOM,1.10667,0.2855032,-0.6405497
2021-03-19,AAPL,1.239122,-0.3454214,0.140082
2021-03-19,JPM,1.048951,0.7418277,-0.2076244
2021-03-19,TSLA,1.853625,-0.6677514,0.3260576
2021-03-19,XOM,1.107898,0.2888264,-0.6392891
2021-03-22,AAPL,1.248108,-0.3857002,0.1133901
2021-03-22,JPM,1.04318,0.8151057,-0.1594939
2021-03-22,TSLA,1.846468,-0.6966036,0.3074986
2021-03-22,XOM,1.092809,0.2924435,-0.6362741
2021-03-23,AAPL,1.249474,-0.3825784,0.1152487
2021-03-23,JPM,1.039828,0.7988267,-0.1720198
2021-03-23,TSLA,1.820512,-0.8280886,0.2057357
2021-03-23,XOM,1.088275,0.2806346,-0.6440755
2021-03-24,AAPL,1.25786,-0.3771271,0.120835
2021-03-24,JPM,1.040546,0.7985711,-0.1712588
2021-03-24,TSLA,1.868914,-0.7863384,0.231422
2021-03-24,XOM,1.096777,0.2971271,-0.6447372
2021-03-25,AAPL,1.25806,-0.3668203,0.1284734
2021-03-25,JPM,1.033909,0.7906668,-0.1757617
2021-03-25,TSLA,1.874938,-0.7917956,0.2260264
2021-03-25,XOM,1.092014,0.2506123,-0.6785055
2021-03-26,AAPL,1.243275,-0.3815737,0.12147
2021-03-26,JPM,1.022433,0.7839516,-0.1793994
2021-03-26,TSLA,1.792875,-0.870784,0.1882462
2021-03-26,XOM,1.100289,0.2569345,-0.6752702
2021-03-29,AAPL,1.247195,-0.3870191,0.1153215
2021-03-29,JPM,1.016176,0.8145679,-0.1499974
2021-03-29,TSLA,1.804308,-0.8928055,0.1648603
2021-03-29,XOM,1.101439,0.2807133,-0.6543386
2021-03-30,AAPL,1.247533,-0.4169888,0.09077955
2021-03-30,JPM,1.011771,0.846677,-0.122836
2021-03-30,TSLA,1.795472,-0.7706853,0.2663141
2021-03-30,XOM,1.115631,0.2706793,-0.665613
2021-03-31,AAPL,1.247993,-0.4230732,0.08757128
2021-03-31,JPM,1.00808,0.8401311,-0.1257492
2021-03-31,TSLA,1.804601,-0.790303,0.2549968
2021-03-31,XOM,1.112505,0.2950634,-0.652618
2021-04-01,AAPL,1.236492,-0.4327043,0.07975127
2021-04-01,JPM,1.005084,0.8373154,-0.1278427
2021-04-01,TSLA,1.764615,-0.8205043,0.2276269
2021-04-01,XOM,1.134107,0.3132818,-0.6375541
2021-04-05,AAPL,1.240342,-0.4372137,0.07640429
2021-04-05,JPM,1.005375,0.8411361,-0.1253249
2021-04-05,TSLA,1.813826,-0.8348996,0.2137101
2021-04-05,XOM,1.119661,0.3508952,-0.6112363
2021-04-06,AAPL,1.240462,-0.4347183,0.07852685
2021-04-06,JPM,1.004275,0.8316557,-0.1338614
2021-04-06,TSLA,1.811165,-0.8464253,0.2083756
2021-04-06,XOM,1.119792,0.3539657,-0.6082522
2021-04-07,AAPL,1.249668,-0.4215006,0.08558763
2021-04-07,JPM,1.012387,0.8434131,-0.1275439
2021-04-07,TSLA,1.81328,-0.8574259,0.1999811
2021-04-07,XOM,1.121036,0.3588024,-0.6051205
2021-04-08,AAPL,1.248816,-0.4310266,0.08210633
2021-04-08,JPM,1.007217,0.822449,-0.1373369
2021-04-08,TSLA,1.810533,-0.8505105,0.2007936
2021-04-08,XOM,1.126684,0.3819851,-0.5941671
2021-04-09,AAPL,1.261314,-0.4171714,0.09061972
2021-04-09,JPM,1.004359,0.817926,-0.1398261
2021-04-09,TSLA,1.80603,-0.8383013,0.204855
2021-04-09,XOM,1.119711,0.377918,-0.5973302
2021-04-12,AAPL,1.258448,-0.4349694,0.07867897
2021-04-12,JPM,1.006813,0.8030824,-0.1488217
2021-04-12,TSLA,1.817432,-0.7721557,0.2495863
2021-04-12,XOM,1.120147,0.3657367,-0.6049959
2021-04-13,AAPL,1.258512,-0.4536067,0.07041615
2021-04-13,JPM,1.00589,0.8061986,-0.1472828
2021-04-13,TSLA,1.824677,-0.8813225,0.1995527
2021-04-13,XOM,1.121006,0.3441903,-0.6147184
2021-04-14,AAPL,1.261476,-0.4646999,0.06467305
2021-04-14,JPM,1.019787,0.7561366,-0.1780618
2021-04-14,TSLA,1.840356,-0.9372324,0.1659081
2021-04-14,XOM,1.107725,0.390662,-0.5846975
2021-04-15,AAPL,1.26561,-0.4638018,0.06182295
2021-04-15,JPM,1.016427,0.7497861,-0.1789579
2021-04-15,TSLA,1.827306,-0.8841965,0.2037234
2021-04-15,XOM,1.09112,0.4344664,-0.5489647
2021-04-16,AAPL,1.262461,-0.469699,0.05830035
2021-04-16,JPM,1.014162,0.7476338,-0.1799179
2021-04-16,TSLA,1.828607,-0.8801622,0.2062974
2021-04-16,XOM,1.081335,0.4169261,-0.5591843
2021-04-19,AAPL,1.255473,-0.4613347,0.05991906
2021-04-19,JPM,1.017599,0.7453882,-0.1801434
2021-04-19,TSLA,1.824944,-0.8878052,0.2035107
2021-04-19,XOM,1.088602,0.4193023,-0.5573488
2021-04-20,AAPL,1.273602,-0.4118329,0.09618674
2021-04-20,JPM,1.02692,0.7698027,-0.1621998
2021-04-20,TSLA,1.792079,-0.9796985,0.1362826
2021-04-20,XOM,1.103515,0.472415,-0.51866
2021-04-21,AAPL,1.266819,-0.4274808,0.08118843
2021-04-21,JPM,1.027158,0.7702363,-0.161692
2021-04-21,TSLA,1.790331,-0.985389,0.1308245
2021-04-21,XOM,1.10867,0.4857018,-0.5058779
2021-04-22,AAPL,1.27223,-0.4191381,0.08626905
2021-04-22,JPM,1.038627,0.7856273,-0.152283
2021-04-22,TSLA,1.853366,-0.9021108,0.1817205
2021-04-22,XOM,1.114287,0.4926361,-0.5015886
2021-04-23,AAPL,1.279337,-0.4036783,0.09832956
2021-04-23,JPM,1.044264,0.7986086,-0.141654
2021-04-23,TSLA,1.82543,-0.9502032,0.1498796
2021-04-23,XOM,1.112248,0.4819009,-0.5135649
2021-04-26,AAPL,1.28013,-0.4040636,0.09687079
2021-04-26,JPM,1.042371,0.7991057,-0.1396884
2021-04-26,TSLA,1.827104,-0.9505511,0.1442154
2021-04-26,XOM,1.110849,0.4823134,-0.5111443
2021-04-27,AAPL,1.277801,-0.4010114,0.1005591
2021-04-27,JPM,1.045988,0.7925078,-0.1470545
2021-04-27,TSLA,1.824231,-1.015015,0.09974126
2021-04-27,XOM,1.11432,0.4984599,-0.5020285
2021-04-28,AAPL,1.280973,-0.3990975,0.1008248
2021-04-28,JPM,1.04408,0.7924808,-0.1472622
2021-04-28,TSLA,1.82812,-1.015185,0.1001673
2021-04-28,XOM,1.104611,0.4982839,-0.5026344
2021-04-29,AAPL,1.279012,-0.407813,0.09497959
2021-04-29,JPM,1.052792,0.8004037,-0.1445673
2021-04-29,TSLA,1.79853,-1.038158,0.09378345
2021-04-29,XOM,1.105084,0.5075798,-0.4958923
2021-04-30,AAPL,1.287054,-0.4006215,0.09911997
2021-04-30,JPM,1.050801,0.797821,-0.1460697
2021-04-30,TSLA,1.723469,-1.09226,0.06314946
2021-04-30,XOM,1.127334,0.5317125,-0.4818224
2021-05-03,AAPL,1.290041,-0.3691022,0.1169706
2021-05-03,JPM,1.046559,0.7571591,-0.1690091
2021-05-03,TSLA,1.719465,-1.148325,0.03350356
2021-05-03,XOM,1.129616,0.5629384,-0.4648751
2021-05-04,AAPL,1.299896,-0.4322122,0.07358084
2021-05-04,JPM,1.043833,0.784542,-0.1510825
2021-05-04,TSLA,1.705024,-1.060837,0.09384934
2021-05-04,XOM,1.127057,0.5889948,-0.4478055
2021-05-05,AAPL,1.302362,-0.413603,0.08668176
2021-05-05,JPM,1.045707,0.7928546,-0.1455898
2021-05-05,TSLA,1.710773,-1.030638,0.1143605
2021-05-05,XOM,1.137347,0.6557245,-0.4012031
2021-05-06,AAPL,1.312022,-0.3991772,0.09392827
2021-05-06,JPM,1.052833,0.7972754,-0.1466033
2021-05-06,TSLA,1.702855,-1.034045,0.1167598
2021-05-06,XOM,1.131602,0.6471146,-0.4057083
2021-05-07,AAPL,1.307138,-0.4048909,0.08779359
2021-05-07,JPM,1.051343,0.7962753,-0.1484347
2021-05-07,TSLA,1.692056,-1.055238,0.1034876
2021-05-07,XOM,1.140019,0.6607184,-0.3945725
2021-05-10,AAPL,1.311519,-0.4090251,0.0865715
2021-05-10,JPM,1.054882,0.7910891,-0.1498515
2021-05-10,TSLA,1.705729,-1.067503,0.09991703
2021-05-10,XOM,1.141545,0.6652244,-0.3938399
2021-05-11,AAPL,1.311526,-0.4085432,0.08696445
2021-05-11,JPM,1.05887,0.7951738,-0.1479732
2021-05-11,TSLA,1.751565,-1.004903,0.1391293
2021-05-11,XOM,1.18022,0.7157518,-0.3631844
2021-05-12,AAPL,1.294074,-0.4161909,0.07884301
2021-05-12,JPM,1.037615,0.7847939,-0.1573545
2021-05-12,TSLA,1.713507,-1.022493,0.1221158
2021-05-12,XOM,1.127764,0.6920104,-0.3876018
2021-05-13,AAPL,1.306595,-0.4033742,0.08478258
2021-05-13,JPM,1.045404,0.7923138,-0.1539386
2021-05-13,TSLA,1.65853,-1.087687,0.09024815
2021-05-13,XOM,1.083387,0.641798,-0.4117718
2021-05-14,AAPL,1.298717,-0.4070179,0.08293898
2021-05-14,JPM,1.055232,0.7951478,-0.1562258
2021-05-14,TSLA,1.640624,-1.097798,0.08126612
2021-05-14,XOM,1.106063,0.6544448,-0.4015274
2021-05-17,AAPL,1.299504,-0.4086892,0.0817481
2021-05-17,JPM,1.054615,0.7964698,-0.1554151
2021-05-17,TSLA,1.65052,-1.112907,0.06997568
2021-05-17,XOM,1.09054,0.675101,-0.3853216
2021-05-18,AAPL,1.305997,-0.3973184,0.08874562
2021-05-18,JPM,1.053407,0.7946719,-0.1564656
2021-05-18,TSLA,1.651754,-1.112874,0.06921182
2021-05-18,XOM,1.113477,0.7100292,-0.3651163
2021-05-19,AAPL,1.305898,-0.397792,0.08859592
2021-05-19,JPM,1.053243,0.7958706,-0.1558707
2021-05-19,TSLA,1.664201,-1.082174,0.08993307
2021-05-19,XOM,1.120465,0.7316327,-0.3513678
2021-05-20,AAPL,1.305571,-0.3976081,0.08872424
2021-05-20,JPM,1.050562,0.7994878,-0.1536196
2021-05-20,TSLA,1.671457,-1.096136,0.08214781
2021-05-20,XOM,1.116326,0.7382544,-0.3474429
2021-05-21,AAPL,1.307564,-0.4124416,0.07801646
2021-05-21,JPM,1.047133,0.8042206,-0.1479032
2021-05-21,TSLA,1.666448,-1.102919,0.08251462
2021-05-21,XOM,1.12233,0.736181,-0.3541808
2021-05-24,AAPL,1.30176,-0.4140563,0.07509121
2021-05-24,JPM,1.047982,0.8029316,-0.1467212
2021-05-24,TSLA,1.688551,-1.099377,0.09607504
2021-05-24,XOM,1.141678,0.74675,-0.3462448
2021-05-25,AAPL,1.303673,-0.4076759,0.07820975
2021-05-25,JPM,1.046783,0.7995275,-0.1487591
2021-05-25,TSLA,1.692159,-1.087196,0.1029246
2021-05-25,XOM,1.146021,0.7588302,-0.3423183
2021-05-26,AAPL,1.303992,-0.4091288,0.078355
2021-05-26,JPM,1.049266,0.7925479,-0.1546079
2021-05-26,TSLA,1.687923,-1.076867,0.1129698
2021-05-26,XOM,1.142888,0.7662301,-0.3370484
2021-05-27,AAPL,1.305433,-0.4336598,0.05718451
2021-05-27,JPM,1.04733,0.8125499,-0.1369323
2021-05-27,TSLA,1.681268,-1.034583,0.1527348
2021-05-27,XOM,1.144974,0.7372641,-0.3622803
2021-05-28,AAPL,1.30553,-0.427849,0.06090214
2021-05-28,JPM,1.04793,0.8116153,-0.1379648
2021-05-28,TSLA,1.683039,-1.025716,0.1575773
2021-05-28,XOM,1.144444,0.7383327,-0.3613251
2021-06-01,AAPL,1.301786,-0.415606,0.07016796
2021-06-01,JPM,1.045054,0.8150031,-0.1337201
2021-06-01,TSLA,1.680112,-1.020986,0.1625475
2021-06-01,XOM,1.131783,0.7925211,-0.323427
2021-06-02,AAPL,1.302497,-0.417929,0.06766675
2021-06-02,JPM,1.044102,0.8163036,-0.1318047
2021-06-02,TSLA,1.674909,-1.015517,0.1761615
2021-06-02,XOM,1.132489,0.7941916,-0.3259836
2021-06-03,AAPL,1.300359,-0.4181895,0.07064848
2021-06-03,JPM,1.047039,0.8152947,-0.1337001
2021-06-03,TSLA,1.686435,-1.023862,0.1823731
2021-06-03,XOM,1.12813,0.7951379,-0.3235107
2021-06-04,AAPL,1.302826,-0.4200997,0.07023778
2021-06-04,JPM,1.049152,0.8136864,-0.1375846
2021-06-04,TSLA,1.700768,-1.034816,0.1924617
2021-06-04,XOM,1.134794,0.7903885,-0.3286364
2021-06-07,AAPL,1.308549,-0.417671,0.06688316
2021-06-07,JPM,1.044958,0.8040125,-0.1437699
2021-06-07,TSLA,1.712832,-1.002795,0.2141213
2021-06-07,XOM,1.138564,0.7929245,-0.3298083
2021-06-08,AAPL,1.305808,-0.4234577,0.06148507
2021-06-08,JPM,1.046437,0.8056218,-0.1440629
2021-06-08,TSLA,1.7291,-0.9839642,0.2145289
2021-06-08,XOM,1.128698,0.7756798,-0.3412236
2021-06-09,AAPL,1.310758,-0.4309248,0.05261656
2021-06-09,JPM,1.054361,0.8163368,-0.1383866
2021-06-09,TSLA,1.741875,-0.9664147,0.2238348
2021-06-09,XOM,1.134048,0.741865,-0.3731373
2021-06-10,AAPL,1.293057,-0.3471024,0.1175031
2021-06-10,JPM,1.050578,0.8380581,-0.1224664
2021-06-10,TSLA,1.747638,-0.9692987,0.216463
2021-06-10,XOM,1.143405,0.7109675,-0.3999896
2021-06-11,AAPL,1.292776,-0.3448948,0.1202313
2021-06-11,JPM,1.05003,0.8369633,-0.1238443
2021-06-11,TSLA,1.746344,-0.9711531,0.2135662
2021-06-11,XOM,1.143616,0.7059489,-0.4057678
2021-06-14,AAPL,1.290977,-0.3926593,0.08719451
2021-06-14,JPM,1.052577,0.8534012,-0.1132534
2021-06-14,TSLA,1.752468,-0.965827,0.2149463
2021-06-14,XOM,1.144563,0.6916471,-0.4162011
2021-06-15,AAPL,1.288905,-0.3883836,0.09124965
2021-06-15,JPM,1.062632,0.8152267,-0.1396097
2021-06-15,TSLA,1.757581,-0.9862577,0.2011261
2021-06-15,XOM,1.129929,0.7440781,-0.379561
2021-06-16,AAPL,1.274022,-0.3876886,0.09542124
2021-06-16,JPM,1.047428,0.8158426,-0.1353786
2021-06-16,TSLA,1.736989,-0.9847354,0.2072705
2021-06-16,XOM,1.129946,0.7443099,-0.3794121
2021-06-17,AAPL,1.273787,-0.3839656,0.09826758
2021-06-17,JPM,1.048141,0.826672,-0.1277338
2021-06-17,TSLA,1.739888,-0.9406002,0.2386737
2021-06-17,XOM,1.134119,0.8046404,-0.3364796
2021-06-18,AAPL,1.274656,-0.3823647,0.09855723
2021-06-18,JPM,1.050207,0.8281113,-0.1271058
2021-06-18,TSLA,1.689435,-0.9818049,0.2250611
2021-06-18,XOM,1.136381,0.8073805,-0.3358262
2021-06-21,AAPL,1.275762,-0.3803541,0.09989194
2021-06-21,JPM,1.044089,0.8225882,-0.1313373
2021-06-21,TSLA,1.648912,-1.023127,0.1944291
2021-06-21,XOM,1.161919,0.8339127,-0.3160728
2021-06-22,AAPL,1.279562,-0.3808552,0.09928338
2021-06-22,JPM,1.044891,0.8228287,-0.1332837
2021-06-22,TSLA,1.637519,-1.021424,0.1955997
2021-06-22,XOM,1.173583,0.8314082,-0.3145305
2021-06-23,AAPL,1.281523,-0.3810043,0.09718927
2021-06-23,JPM,1.033985,0.8228377,-0.1249729
2021-06-23,TSLA,1.601313,-1.019727,0.2272421
2021-06-23,XOM,1.164763,0.8318703,-0.306448
2021-06-24,AAPL,1.274448,-0.3851736,0.09397954
2021-06-24,JPM,1.030233,0.8224577,-0.1232778
2021-06-24,TSLA,1.610453,-1.011773,0.2355223
2021-06-24,XOM,1.163663,0.8299508,-0.3091656
2021-06-25,AAPL,1.266613,-0.3886916,0.09527253
2021-06-25,JPM,1.036559,0.8240193,-0.1266512
2021-06-25,TSLA,1.596977,-1.016332,0.2402502
2021-06-25,XOM,1.162325,0.8262617,-0.3140358
2021-06-28,AAPL,1.268412,-0.3916836,0.09463035
2021-06-28,JPM,1.038794,0.8064362,-0.1326746
2021-06-28,TSLA,1.592706,-1.029338,0.2345982
2021-06-28,XOM,1.160563,0.8463076,-0.3067908
2021-06-29,AAPL,1.266907,-0.393729,0.09827279
2021-06-29,JPM,1.038172,0.8066597,-0.1331569
2021-06-29,TSLA,1.594697,-1.027414,0.2312963
2021-06-29,XOM,1.160833,0.8467103,-0.3076933
2021-06-30,AAPL,1.266274,-0.3861386,0.1057145
2021-06-30,JPM,1.037567,0.8110862,-0.1287417
2021-06-30,TSLA,1.591437,-1.022853,0.2355715
2021-06-30,XOM,1.160187,0.8495165,-0.3048494
2021-07-01,AAPL,1.264668,-0.386568,0.1057809
2021-07-01,JPM,1.037472,0.8111674,-0.1291696
2021-07-01,TSLA,1.565507,-1.030849,0.2356637
2021-07-01,XOM,1.158436,0.8483479,-0.3031984
2021-07-02,AAPL,1.275582,-0.3890692,0.1032121
2021-07-02,JPM,1.031824,0.8121512,-0.1276791
2021-07-02,TSLA,1.560501,-1.029267,0.2358913
2021-07-02,XOM,1.156118,0.8489743,-0.3033815
2021-07-06,AAPL,1.270703,-0.4147913,0.08421719
2021-07-06,JPM,1.031193,0.8120968,-0.1277387
2021-07-06,TSLA,1.57749,-0.9331734,0.3070359
2021-07-06,XOM,1.161069,0.879606,-0.2806895
2021-07-07,AAPL,1.280208,-0.4140317,0.07923978
2021-07-07,JPM,1.030201,0.8121662,-0.1279469
2021-07-07,TSLA,1.567852,-0.9338671,0.3121421
2021-07-07,XOM,1.147644,0.8782322,-0.2733181
2021-07-08,AAPL,1.282103,-0.412776,0.07992654
2021-07-08,JPM,1.031523,0.8126992,-0.1260869
2021-07-08,TSLA,1.507263,-0.9712934,0.3120444
2021-07-08,XOM,1.127864,0.8670164,-0.2791491
2021-07-09,AAPL,1.288663,-0.4067791,0.08517811
2021-07-09,JPM,1.045934,0.8323221,-0.1107291
2021-07-09,TSLA,1.497706,-0.9886858,0.2993897
2021-07-09,XOM,1.116344,0.8517461,-0.2909267
2021-07-12,AAPL,1.288307,-0.4141547,0.07708184
2021-07-12,JPM,1.046545,0.8414657,-0.1005303
2021-07-12,TSLA,1.50095,-0.9383419,0.3548559
2021-07-12,XOM,1.113552,0.845343,-0.2978743
2021-07-13,AAPL,1.282003,-0.4182328,0.07476989
2021-07-13,JPM,1.051124,0.8440837,-0.09963705
2021-07-13,TSLA,1.504221,-0.9331369,0.3610694
2021-07-13,XOM,1.114476,0.840954,-0.3063998
2021-07-14,AAPL,1.287816,-0.40933,0.06938074
2021-07-14,JPM,1.049393,0.8419998,-0.09830667
2021-07-14,TSLA,1.502262,-0.933043,0.3631087
2021-07-14,XOM,1.107911,0.8337216,-0.3003942
2021-07-15,AAPL,1.285922,-0.4083939,0.07060486
2021-07-15,JPM,1.049621,0.8407939,-0.09811987
2021-07-15,TSLA,1.493651,-0.9250197,0.3673633
2021-07-15,XOM,1.115039,0.8247859,-0.3027346
2021-07-16,AAPL,1.298551,-0.3888138,0.08712737
2021-07-16,JPM,1.056357,0.8520054,-0.08952351
2021-07-16,TSLA,1.495723,-0.9157659,0.3681237
2021-07-16,XOM,1.130639,0.8490434,-0.2826217
2021-07-19,AAPL,1.339928,-0.3576201,0.1010303
2021-07-19,JPM,1.064012,0.8580105,-0.08870215
2021-07-19,TSLA,1.473339,-0.9320106,0.3594344
2021-07-19,XOM,1.146291,0.8607398,-0.2760332
2021-07-20,AAPL,1.349899,-0.3549539,0.1043766
2021-07-20,JPM,1.067801,0.8589704,-0.08722813
2021-07-20,TSLA,1.444625,-0.9391507,0.3509656
2021-07-20,XOM,1.132017,0.8571721,-0.279465
2021-07-21,AAPL,1.338737,-0.3746218,0.08045426
2021-07-21,JPM,1.070966,0.867637,-0.07751825
2021-07-21,TSLA,1.428293,-0.9727955,0.3117251
2021-07-21,XOM,1.141319,0.8825157,-0.2515149
2021-07-22,AAPL,1.338476,-0.3745698,0.08021305
2021-07-22,JPM,1.065784,0.8715848,-0.07628788
2021-07-22,TSLA,1.417689,-0.9646967,0.3161693
2021-07-22,XOM,1.140288,0.8830963,-0.2513306
2021-07-23,AAPL,1.331758,-0.372948,0.08124563
2021-07-23,JPM,1.051751,0.8738701,-0.07361227
2021-07-23,TSLA,1.371671,-0.9526385,0.3231252
2021-07-23,XOM,1.126821,0.8875406,-0.2498492
2021-07-26,AAPL,1.329903,-0.3654855,0.08800626
2021-07-26,JPM,1.053567,0.8628635,-0.08350817
2021-07-26,TSLA,1.361069,-0.8964843,0.3742499
2021-07-26,XOM,1.121149,0.9150395,-0.2248142
2021-07-27,AAPL,1.333879,-0.3684648,0.08856734
2021-07-27,JPM,1.053393,0.8625071,-0.08333982
2021-07-27,TSLA,1.357729,-0.8951317,0.3746554
2021-07-27,XOM,1.131675,0.9106,-0.2257352
2021-07-28,AAPL,1.34204,-0.354187,0.09491683
2021-07-28,JPM,1.049192,0.8559447,-0.08604235
2021-07-28,TSLA,1.363312,-0.8787479,0.3872175
2021-07-28,XOM,1.124384,0.9015813,-0.2272827
2021-07-29,AAPL,1.336669,-0.3549778,0.08823172
2021-07-29,JPM,1.048627,0.8523926,-0.0887901
2021-07-29,TSLA,1.375532,-0.8166534,0.4454541
2021-07-29,XOM,1.123642,0.9025739,-0.227066
2021-07-30,AAPL,1.321848,-0.3561397,0.09047376
2021-07-30,JPM,1.047588,0.8519617,-0.08847252
2021-07-30,TSLA,1.341236,-0.8203701,0.4514113
2021-07-30,XOM,1.144811,0.9050139,-0.2307699
2021-08-02,AAPL,1.322664,-0.3547688,0.09078814
2021-08-02,JPM,1.047186,0.8510254,-0.08917543
2021-08-02,TSLA,1.327773,-0.8325494,0.4518003
2021-08-02,XOM,1.14095,0.9030632,-0.2291083
2021-08-03,AAPL,1.326577,-0.3496226,0.09469494
2021-08-03,JPM,1.042586,0.8460421,-0.09252059
2021-08-03,TSLA,1.324632,-0.8365016,0.4483194
2021-08-03,XOM,1.138093,0.8985181,-0.2335817
2021-08-04,AAPL,1.329176,-0.3412705,0.09556265
2021-08-04,JPM,1.037573,0.8370916,-0.09376379
2021-08-04,TSLA,1.327238,-0.8322437,0.4491723
2021-08-04,XOM,1.140134,0.9028201,-0.2328951
2021-08-05,AAPL,1.326366,-0.3390528,0.09544988
2021-08-05,JPM,1.040658,0.8349568,-0.09461182
2021-08-05,TSLA,1.319272,-0.827329,0.4511564
2021-08-05,XOM,1.139569,0.9055137,-0.2357769
2021-08-06,AAPL,1.32444,-0.3391049,0.09937678
2021-08-06,JPM,1.035975,0.8604061,-0.07944493
2021-08-06,TSLA,1.323633,-0.8497073,0.4360819
2021-08-06,XOM,1.141454,0.8948994,-0.2427881
2021-08-09,AAPL,1.324892,-0.3389518,0.09567187
2021-08-09,JPM,1.036304,0.8593172,-0.07659024
2021-08-09,TSLA,1.31643,-0.8473928,0.4513055
2021-08-09,XOM,1.143759,0.8939081,-0.2478984
2021-08-10,AAPL,1.323192,-0.3356801,0.0972077
2021-08-10,JPM,1.038621,0.8520222,-0.08014926
2021-08-10,TSLA,1.302536,-0.8332312,0.4521668
2021-08-10,XOM,1.142558,0.8970858,-0.2460191
2021-08-11,AAPL,1.324749,-0.3298665,0.09750724
2021-08-11,JPM,1.038118,0.8490243,-0.08123001
2021-08-11,TSLA,1.305388,-0.8240842,0.4524517
2021-08-11,XOM,1.138373,0.8809118,-0.2485607
2021-08-12,AAPL,1.329033,-0.3308264,0.1048731
2021-08-12,JPM,1.03977,0.8489089,-0.07888699
2021-08-12,TSLA,1.309651,-0.8259327,0.461605
2021-08-12,XOM,1.138841,0.8809428,-0.247777
2021-08-13,AAPL,1.326634,-0.3311935,0.1071071
2021-08-13,JPM,1.033789,0.8504893,-0.07404175
2021-08-13,TSLA,1.310577,-0.8195683,0.4574824
2021-08-13,XOM,1.135103,0.8828981,-0.24528
2021-08-16,AAPL,1.32871,-0.3290715,0.1094363
2021-08-16,JPM,1.031811,0.8488532,-0.0747252
2021-08-16,TSLA,1.301713,-0.826975,0.4509812
2021-08-16,XOM,1.13198,0.8804527,-0.2485694
2021-08-17,AAPL,1.325324,-0.330257,0.1075983
2021-08-17,JPM,1.036565,0.85038,-0.07236315
2021-08-17,TSLA,1.318261,-0.8210163,0.4597884
2021-08-17,XOM,1.127773,0.8791953,-0.2501387
2021-08-18,AAPL,1.361892,-0.3289388,0.09462301
2021-08-18,JPM,1.028272,0.8500546,-0.0695818
2021-08-18,TSLA,1.202938,-0.8215353,0.4955511
2021-08-18,XOM,1.146691,0.8796245,-0.2565723
2021-08-19,AAPL,1.360249,-0.3282691,0.09231074
2021-08-19,JPM,1.027887,0.850272,-0.06942838
2021-08-19,TSLA,1.197929,-0.8045919,0.5055271
2021-08-19,XOM,1.142091,0.8966048,-0.2451872
2021-08-20,AAPL,1.35826,-0.3292367,0.09364712
2021-08-20,JPM,1.026277,0.8523437,-0.06833545
2021-08-20,TSLA,1.17826,-0.7932656,0.521134
2021-08-20,XOM,1.133648,0.9044889,-0.2385967
2021-08-23,AAPL,1.35286,-0.3259645,0.09635925
2021-08-23,JPM,1.039424,0.8427899,-0.07408052
2021-08-23,TSLA,1.190068,-0.8020521,0.5167651
2021-08-23,XOM,1.182981,0.8683087,-0.2577123
2021-08-24,AAPL,1.353601,-0.3286996,0.09445749
2021-08-24,JPM,1.039788,0.8424521,-0.07307902
2021-08-24,TSLA,1.187175,-0.8051075,0.5064738
2021-08-24,XOM,1.183202,0.8693253,-0.2548177
2021-08-25,AAPL,1.354089,-0.3363283,0.08203126
2021-08-25,JPM,1.037773,0.8522189,-0.05594691
2021-08-25,TSLA,1.182448,-0.8065268,0.5118812
2021-08-25,XOM,1.184492,0.8684242,-0.2586079
2021-08-26,AAPL,1.35354,-0.3369594,0.08129902
2021-08-26,JPM,1.016678,0.8473691,-0.05367479
2021-08-26,TSLA,1.192678,-0.8052756,0.5092071
2021-08-26,XOM,1.184901,0.869436,-0.2573841
2021-08-27,AAPL,1.354926,-0.3355291,0.07862866
2021-08-27,JPM,1.011377,0.8468241,-0.05101117
2021-08-27,TSLA,1.18924,-0.79913,0.5020115
2021-08-27,XOM,1.185618,0.8695905,-0.2580254
2021-08-30,AAPL,1.378931,-0.3712754,0.042341
2021-08-30,JPM,1.000533,0.8617877,-0.03589644
2021-08-30,TSLA,1.216131,-0.8312506,0.4735544
2021-08-30,XOM,1.181485,0.8761701,-0.2505675
2021-08-31,AAPL,1.389623,-0.3704945,0.04286638
2021-08-31,JPM,1.000259,0.8622571,-0.03499831
2021-08-31,TSLA,1.225092,-0.8343045,0.4682901
2021-08-31,XOM,1.192136,0.8794279,-0.2460939
2021-09-01,AAPL,1.381258,-0.3720854,0.03861097
2021-09-01,JPM,1.003818,0.8530432,-0.04231647
2021-09-01,TSLA,1.223047,-0.8143674,0.4866831
2021-09-01,XOM,1.197576,0.8919756,-0.2319286
2021-09-02,AAPL,1.383281,-0.3736269,0.04057632
2021-09-02,JPM,1.004783,0.8520386,-0.04125055
2021-09-02,TSLA,1.223558,-0.8202421,0.490589
2021-09-02,XOM,1.204843,0.8939525,-0.2299523
2021-09-03,AAPL,1.370848,-0.3745222,0.04300494
2021-09-03,JPM,1.004216,0.851917,-0.04324767
2021-09-03,TSLA,1.140032,-0.826479,0.5007935
2021-09-03,XOM,1.210047,0.8942857,-0.2295651
2021-09-07,AAPL,1.345134,-0.3730038,0.05532412
2021-09-07,JPM,0.9992945,0.8523568,-0.04242085
2021-09-07,TSLA,1.092086,-0.8214039,0.5127914
2021-09-07,XOM,1.209329,0.8940129,-0.2282129
2021-09-08,AAPL,1.34352,-0.3739798,0.05820332
2021-09-08,JPM,1.001325,0.8520026,-0.042262
2021-09-08,TSLA,1.096594,-0.8197101,0.5077726
2021-09-08,XOM,1.208606,0.8934531,-0.2268244
2021-09-09,AAPL,1.347374,-0.3739153,0.05566104
2021-09-09,JPM,0.9898312,0.8538608,-0.03422426
2021-09-09,TSLA,1.099703,-0.821566,0.5046131
2021-09-09,XOM,1.199608,0.8956886,-0.2200566
2021-09-10,AAPL,1.394705,-0.3729417,0.0494158
2021-09-10,JPM,0.9980106,0.8541656,-0.03504962
2021-09-10,TSLA,1.116914,-0.8139437,0.5100608
2021-09-10,XOM,1.187159,0.8938197,-0.2200119
2021-09-13,AAPL,1.395944,-0.3633262,0.05395093
2021-09-13,JPM,0.9992373,0.8569724,-0.03221706
2021-09-13,TSLA,1.117401,-0.7829704,0.5179225
2021-09-13,XOM,1.188922,0.913874,-0.2125442
2021-09-14,AAPL,1.405173,-0.3576096,0.04954818
2021-09-14,JPM,1.003538,0.8594937,-0.03378911
2021-09-14,TSLA,1.111147,-0.7862697,0.5200085
2021-09-14,XOM,1.181908,0.9094054,-0.2062723
2021-09-15,AAPL,1.398191,-0.3623803,0.04456627
2021-09-15,JPM,0.9915446,0.8510122,-0.04258224
2021-09-15,TSLA,1.112157,-0.782038,0.5240452
2021-09-15,XOM,1.211666,0.9315372,-0.1828311
2021-09-16,AAPL,1.395226,-0.3605997,0.04642556
2021-09-16,JPM,0.9912633,0.8475514,-0.04441532
2021-09-16,TSLA,1.121858,-0.7789426,0.5224674
2021-09-16,XOM,1.212222,0.9347238,-0.1812248
2021-09-17,AAPL,1.408876,-0.3577819,0.04212264
2021-09-17,JPM,0.9793295,0.8441246,-0.04922329
2021-09-17,TSLA,1.103364,-0.784668,0.5097118
2021-09-17,XOM,1.231766,0.9394515,-0.1799345
2021-09-20,AAPL,1.393932,-0.356994,0.04551656
2021-09-20,JPM,1.038619,0.8392175,-0.05987657
2021-09-20,TSLA,1.157346,-0.7936784,0.508461
2021-09-20,XOM,1.253434,0.9366989,-0.182238
2021-09-21,AAPL,1.388788,-0.3588936,0.04626831
2021-09-21,JPM,1.038805,0.8338063,-0.06260173
2021-09-21,TSLA,1.130555,-0.7926478,0.5181913
2021-09-21,XOM,1.25126,0.9326065,-0.1834658
2021-09-22,AAPL,1.395724,-0.3534439,0.0531638
2021-09-22,JPM,1.045304,0.8387473,-0.05655807
2021-09-22,TSLA,1.13211,-0.7912545,0.5203714
2021-09-22,XOM,1.271195,0.9475063,-0.1652113
2021-09-23,AAPL,1.378745,-0.3609985,0.04833902
2021-09-23,JPM,1.072425,0.8548129,-0.0464688
2021-09-23,TSLA,1.099147,-0.8069047,0.5103672
2021-09-23,XOM,1.291485,0.9594795,-0.1576038
2021-09-24,AAPL,1.376303,-0.3613725,0.04940045
2021-09-24,JPM,1.072005,0.8593303,-0.04228709
2021-09-24,TSLA,1.095176,-0.7728783,0.5427254
2021-09-24,XOM,1.29483,0.962733,-0.1570642
2021-09-27,AAPL,1.367119,-0.3497738,0.05387741
2021-09-27,JPM,1.065744,0.8702003,-0.03939523
2021-09-27,TSLA,1.041813,-0.7027087,0.5695544
2021-09-27,XOM,1.284383,0.9742723,-0.1518019
2021-09-28,AAPL,1.317345,-0.3314463,0.06832545
2021-09-28,JPM,1.056661,0.87339,-0.03674963
2021-09-28,TSLA,0.9397172,-0.6658569,0.5984861
2021-09-28,XOM,1.18408,1.012031,-0.1219412
2021-09-29,AAPL,1.320284,-0.3254344,0.06708504
2021-09-29,JPM,1.052387,0.8664201,-0.03524739
2021-09-29,TSLA,0.9444319,-0.6553825,0.596184
2021-09-29,XOM,1.180637,1.002835,-0.1196563
2021-09-30,AAPL,1.311626,-0.3283524,0.06608372
2021-09-30,JPM,1.042489,0.8625436,-0.03578545
2021-09-30,TSLA,0.9576795,-0.6453515,0.5888135
2021-09-30,XOM,1.176189,1.003481,-0.1240031
2021-10-01,AAPL,1.302018,-0.3302422,0.06626402
2021-10-01,JPM,1.051233,0.8650688,-0.03512762
2021-10-01,TSLA,0.9268541,-0.654256,0.5867481
2021-10-01,XOM,1.209077,1.01255,-0.1221571
2021-10-04,AAPL,1.296126,-0.3274573,0.06839815
2021-10-04,JPM,1.072639,0.8492427,-0.04606003
2021-10-04,TSLA,0.8149887,-0.575958,0.6417756
2021-10-04,XOM,1.189262,1.026601,-0.112166
2021-10-05,AAPL,1.290807,-0.3282922,0.06600855
2021-10-05,JPM,1.085326,0.8508899,-0.04190028
2021-10-05,TSLA,0.7827737,-0.5803345,0.6311732
2021-10-05,XOM,1.168785,1.022913,-0.1227563
2021-10-06,AAPL,1.287241,-0.3266112,0.06725927
2021-10-06,JPM,1.087762,0.8497217,-0.04320117
2021-10-06,TSLA,0.7879379,-0.5830859,0.6292701
2021-10-06,XOM,1.140712,1.029379,-0.105304
2021-10-07,AAPL,1.282412,-0.3259227,0.06781718
2021-10-07,JPM,1.082614,0.8502149,-0.04230957
2021-10-07,TSLA,0.7809806,-0.5825269,0.6313059
2021-10-07,XOM,1.128141,1.030774,-0.1030209
2021-10-08,AAPL,1.273407,-0.3244128,0.06904507
2021-10-08,JPM,1.085602,0.841809,-0.04870478
2021-10-08,TSLA,0.7798946,-0.5838315,0.6302558
2021-10-08,XOM,1.123633,1.055875,-0.08329435
2021-10-11,AAPL,1.251181,-0.3320306,0.07596054
2021-10-11,JPM,1.108327,0.8486893,-0.0518811
2021-10-11,TSLA,0.762692,-0.589453,0.6346353
2021-10-11,XOM,1.125434,1.056867,-0.0853884
2021-10-12,AAPL,1.255788,-0.325661,0.08100187
2021-10-12,JPM,1.110027,0.8514311,-0.04957279
2021-10-12,TSLA,0.7601935,-0.596791,0.628826
2021-10-12,XOM,1.12665,1.058553,-0.08387007
2021-10-13,AAPL,1.243413,-0.309018,0.09755735
2021-10-13,JPM,1.087718,0.8818573,-0.0196858
2021-10-13,TSLA,0.7566829,-0.5912843,0.6311067
2021-10-13,XOM,1.128721,1.055289,-0.08758075
2021-10-14,AAPL,1.233303,-0.3088217,0.09931475
2021-10-14,JPM,1.087402,0.8817325,-0.01960463
2021-10-14,TSLA,0.7324827,-0.5907617,0.6351468
2021-10-14,XOM,1.129533,1.055158,-0.08748956
2021-10-15,AAPL,1.224619,-0.3122706,0.09525763
2021-10-15,JPM,1.102036,0.8885953,-0.0110335
2021-10-15,TSLA,0.780532,-0.5680681,0.6627404
2021-10-15,XOM,1.132115,1.056965,-0.08488124
2021-10-18,AAPL,1.222954,-0.3115727,0.1056003
2021-10-18,JPM,1.102767,0.8875732,-0.02081633
2021-10-18,TSLA,0.7804215,-0.5613167,0.6978713
2021-10-18,XOM,1.132791,1.056325,-0.09230386
2021-10-19,AAPL,1.231323,-0.3128691,0.1004153
2021-10-19,JPM,1.114346,0.8857957,-0.02806916
2021-10-19,TSLA,0.7627031,-0.5587298,0.7085675
2021-10-19,XOM,1.151709,1.053519,-0.1040187
2021-10-20,AAPL,1.234171,-0.3091633,0.09859528
2021-10-20,JPM,1.110494,0.8842481,-0.02314298
2021-10-20,TSLA,0.760444,-0.555989,0.7151392
2021-10-20,XOM,1.139779,1.037911,-0.0991321
2021-10-21,AAPL,1.231939,-0.3025834,0.1014702
2021-10-21,JPM,1.108928,0.8876954,-0.02136411
2021-10-21,TSLA,0.7689295,-0.5814011,0.7031115
2021-10-21,XOM,1.134941,1.05374,-0.09221811
2021-10-22,AAPL,1.237597,-0.3026159,0.097776
2021-10-22,JPM,1.102563,0.8959747,-0.01336197
2021-10-22,TSLA,0.7522541,-0.5568553,0.7255753
2021-10-22,XOM,1.135699,1.053396,-0.09288649
2021-10-25,AAPL,1.237204,-0.3011508,0.08942111
2021-10-25,JPM,1.101595,0.8973791,-0.02399454
2021-10-25,TSLA,0.7648291,-0.5705059,0.8417644
2021-10-25,XOM,1.139717,1.053568,-0.08128073
2021-10-26,AAPL,1.235798,-0.3012234,0.08987557
2021-10-26,JPM,1.104486,0.8960241,-0.02389135
2021-10-26,TSLA,0.7527602,-0.5681747,0.8435797
2021-10-26,XOM,1.142662,1.046105,-0.07566228
2021-10-27,AAPL,1.231277,-0.3009006,0.09355244
2021-10-27,JPM,1.109853,0.8989043,-0.02655549
2021-10-27,TSLA,0.7174337,-0.5923074,0.8567646
2021-10-27,XOM,1.144406,1.050914,-0.0740502
2021-10-28,AAPL,1.24706,-0.3062896,0.08667027
2021-10-28,JPM,1.122817,0.8925502,-0.02808784
2021-10-28,TSLA,0.7313074,-0.5976407,0.8524248
2021-10-28,XOM,1.132737,1.056456,-0.07350082
2021-10-29,AAPL,1.255277,-0.2836596,0.07490285
2021-10-29,JPM,1.121593,0.889831,-0.02676381
2021-10-29,TSLA,0.7197376,-0.6150103,0.8659174
2021-10-29,XOM,1.126915,1.047606,-0.06686402
2021-11-01,AAPL,1.25724,-0.2838718,0.07550915
2021-11-01,JPM,1.121646,0.8896569,-0.02232674
2021-11-01,TSLA,0.689928,-0.612204,0.8471172
2021-11-01,XOM,1.134267,1.046745,-0.07211605
2021-11-02,AAPL,1.258834,-0.2874829,0.08000487
2021-11-02,JPM,1.125211,0.8831827,-0.01794842
2021-11-02,TSLA,0.6832547,-0.6094999,0.8828676
2021-11-02,XOM,1.126505,1.059095,-0.08283919
2021-11-03,AAPL,1.262087,-0.291994,0.06857184
2021-11-03,JPM,1.114299,0.8862641,-0.004145469
2021-11-03,TSLA,0.6973412,-0.6199108,0.8521749
2021-11-03,XOM,1.102906,1.07726,-0.03023392
2021-11-04,AAPL,1.251157,-0.2713702,0.084732
2021-11-04,JPM,1.109323,0.8948254,0.003177359
2021-11-04,TSLA,0.69624,-0.6214777,0.8560015
2021-11-04,XOM,1.117577,1.046348,-0.05221527
2021-11-05,AAPL,1.24745,-0.2663345,0.09515564
2021-11-05,JPM,1.049363,0.8474836,0.1095234
2021-11-05,TSLA,0.584795,-0.6977208,1.061465
2021-11-05,XOM,1.08422,1.01977,0.006576881
2021-11-08,AAPL,1.248195,-0.2687295,0.09295689
2021-11-08,JPM,1.048865,0.8493164,0.1081847
2021-11-08,TSLA,0.59917,-0.7042996,1.009496
2021-11-08,XOM,1.08207,1.020606,0.0129658
2021-11-09,AAPL,1.246231,-0.2643455,0.07795625
2021-11-09,JPM,1.049506,0.8449539,0.1230181
2021-11-09,TSLA,0.6248678,-0.7531564,1.171752
2021-11-09,XOM,1.079397,1.023875,0.002029334
2021-11-10,AAPL,1.256843,-0.2692694,0.07806422
2021-11-10,JPM,1.046871,0.8472435,0.1210788
2021-11-10,TSLA,0.4883864,-0.6894167,1.167311
2021-11-10,XOM,1.108216,1.005305,0.009697307
2021-11-11,AAPL,1.259002,-0.2685796,0.07510879
2021-11-11,JPM,1.054026,0.8467394,0.1101555
2021-11-11,TSLA,0.5025648,-0.6967847,1.140389
2021-11-11,XOM,1.112526,1.003923,0.002091207
2021-11-12,AAPL,1.260222,-0.2709057,0.07615347
2021-11-12,JPM,1.043132,0.8504406,0.1166016
2021-11-12,TSLA,0.4159366,-0.6645402,1.192457
2021-11-12,XOM,1.091063,1.006945,0.0202306
2021-11-15,AAPL,1.259811,-0.2700013,0.07643157
2021-11-15,JPM,1.041776,0.8432068,0.1137599
2021-11-15,TSLA,0.4182131,-0.6748257,1.193187
2021-11-15,XOM,1.091598,1.009667,0.02227981
2021-11-16,AAPL,1.259211,-0.2696199,0.07644684
2021-11-16,JPM,1.038647,0.8478264,0.1134024
2021-11-16,TSLA,0.4520323,-0.6963991,1.185102
2021-11-16,XOM,1.092756,0.9991284,0.02534818
2021-11-17,AAPL,1.233401,-0.2769073,0.09766193
2021-11-17,JPM,1.037376,0.8477059,0.1141536
2021-11-17,TSLA,0.4082529,-0.7081078,1.221289
2021-11-17,XOM,1.096725,1.000534,0.02179119
2021-11-18,AAPL,1.216834,-0.2753099,0.1638111
2021-11-18,JPM,1.04497,0.8468241,0.08218182
2021-11-18,TSLA,0.4069513,-0.7110917,1.20299
2021-11-18,XOM,1.103636,0.9992788,-0.01050607
2021-11-19,AAPL,1.204097,-0.299923,0.1573799
2021-11-19,JPM,1.039826,0.8435372,0.08818727
2021-11-19,TSLA,0.345892,-0.7663099,1.258826
2021-11-19,XOM,1.131685,1.049221,-0.004257411
2021-11-22,AAPL,1.180413,-0.2567912,0.1947005
2021-11-22,JPM,1.029402,0.8507186,0.1021094
2021-11-22,TSLA,0.2329322,-0.6927563,1.412746
2021-11-22,XOM,1.131295,1.020229,-0.009848664
2021-11-23,AAPL,1.181488,-0.2493084,0.1971013
2021-11-23,JPM,1.032434,0.8683256,0.1080328
2021-11-23,TSLA,0.2197763,-0.7597406,1.391174
2021-11-23,XOM,1.132939,1.038676,-0.0001623789
2021-11-24,AAPL,1.179785,-0.2466868,0.1984157
2021-11-24,JPM,1.031623,0.871456,0.1077036
2021-11-24,TSLA,0.2159435,-0.7547495,1.395991
2021-11-24,XOM,1.134802,1.026139,0.0002392758
2021-11-26,AAPL,1.254463,-0.2244513,0.1678904
2021-11-26,JPM,1.028112,0.8697539,0.1126831
2021-11-26,TSLA,0.3033531,-0.7361205,1.403399
2021-11-26,XOM,1.117278,1.019404,0.0161216
2021-11-29,AAPL,1.247657,-0.2247022,0.167385
2021-11-29,JPM,1.006188,0.876134,0.0801492
2021-11-29,TSLA,0.3424935,-0.7528714,1.483272
2021-11-29,XOM,1.122966,1.018034,0.02277151
2021-11-30,AAPL,0.9536248,-0.3242579,0.2228456
2021-11-30,JPM,0.918696,0.8462478,0.09938146
2021-11-30,TSLA,0.3355017,-0.7553717,1.487092
2021-11-30,XOM,1.096228,1.008395,0.03540936
2021-12-01,AAPL,0.9141786,-0.312363,0.2426889
2021-12-01,JPM,0.9208447,0.8453995,0.09761102
2021-12-01,TSLA,0.4232787,-0.7819962,1.44677
2021-12-01,XOM,1.073284,1.015064,0.0476499
2021-12-02,AAPL,0.8617157,-0.3337462,0.2839481
2021-12-02,JPM,0.9138207,0.8424,0.1023241
2021-12-02,TSLA,0.3813519,-0.7980819,1.486949
2021-12-02,XOM,1.051015,1.006497,0.06934855
2021-12-03,AAPL,0.8624849,-0.3339988,0.2834451
2021-12-03,JPM,0.9323743,0.8246187,0.1114301
2021-12-03,TSLA,0.4228277,-0.8322569,1.499956
2021-12-03,XOM,1.052755,1.002675,0.07298595
2021-12-06,AAPL,0.9177454,-0.3218596,0.2117684
2021-12-06,JPM,0.9252801,0.8232195,0.1204954
2021-12-06,TSLA,0.4274139,-0.8314746,1.49356
2021-12-06,XOM,1.027226,0.9989745,0.1073263
2021-12-07,AAPL,0.9399083,-0.3324648,0.2114506
2021-12-07,JPM,0.9554374,0.8085962,0.1203563
2021-12-07,TSLA,0.4241224,-0.8283148,1.48816
2021-12-07,XOM,1.045124,0.9895313,0.1095232
2021-12-08,AAPL,0.9528354,-0.350368,0.1720033
2021-12-08,JPM,0.9499205,0.8156911,0.1363291
2021-12-08,TSLA,0.4306333,-0.8358814,1.47116
2021-12-08,XOM,1.049931,0.9837625,0.09749336
2021-12-09,AAPL,0.9434849,-0.340963,0.1854613
2021-12-09,JPM,0.9564008,0.8077085,0.1265875
2021-12-09,TSLA,0.4798936,-0.8994975,1.400624
2021-12-09,XOM,1.050229,0.9834219,0.09665308
2021-12-10,AAPL,0.9646549,-0.330041,0.2170507
2021-12-10,JPM,0.9355274,0.7968472,0.09786346
2021-12-10,TSLA,0.4898482,-0.8935634,1.409216
2021-12-10,XOM,1.039375,0.9768307,0.08875456
2021-12-13,AAPL,0.9711168,-0.3147909,0.2619615
2021-12-13,JPM,0.9267027,0.7859839,0.07425016
2021-12-13,TSLA,0.5209706,-0.8553253,1.491794
2021-12-13,XOM,1.038306,0.9758242,0.08721392
2021-12-14,AAPL,0.9700959,-0.3136416,0.2629166
2021-12-14,JPM,0.9244237,0.7901171,0.07472138
2021-12-14,TSLA,0.5078174,-0.8303508,1.498926
2021-12-14,XOM,1.045157,0.9623517,0.08318515
2021-12-15,AAPL,0.981623,-0.3232853,0.2610205
2021-12-15,JPM,0.9089849,0.8016751,0.07868189
2021-12-15,TSLA,0.4672083,-0.7967926,1.505034
2021-12-15,XOM,1.03651,0.9684999,0.08568766
2021-12-16,AAPL,0.9815449,-0.3853624,0.278235
2021-12-16,JPM,0.9087779,0.8149883,0.07492315
2021-12-16,TSLA,0.4704715,-0.7909904,1.49919
2021-12-16,XOM,1.036706,0.9434114,0.09219799
2021-12-17,AAPL,0.9818268,-0.3858668,0.2752987
2021-12-17,JPM,0.9048478,0.8053757,0.04974978
2021-12-17,TSLA,0.459117,-0.7956989,1.506572
2021-12-17,XOM,1.026159,0.9318856,0.07453207
2021-12-20,AAPL,0.9810047,-0.38495,0.2722288
2021-12-20,JPM,0.9105546,0.806848,0.04862683
2021-12-20,TSLA,0.5264362,-0.7797661,1.49893
2021-12-20,XOM,1.017158,0.9288731,0.07810055
2021-12-21,AAPL,0.9770969,-0.3863172,0.2749646
2021-12-21,JPM,0.8898935,0.8010638,0.05880228
2021-12-21,TSLA,0.5753383,-0.7755824,1.49743
2021-12-21,XOM,1.010858,0.9281697,0.07850961
2021-12-22,AAPL,0.9777346,-0.3866172,0.2762751
2021-12-22,JPM,0.8885301,0.80135,0.05721053
2021-12-22,TSLA,0.6119869,-0.7900568,1.553137
2021-12-22,XOM,1.010959,0.9278382,0.07921827
2021-12-23,AAPL,0.968475,-0.3853736,0.282313
2021-12-23,JPM,0.8903784,0.8005659,0.0559277
2021-12-23,TSLA,0.6560815,-0.8042338,1.523614
2021-12-23,XOM,1.00803,0.9286823,0.08111646
2021-12-27,AAPL,0.9711647,-0.384628,0.2975906
2021-12-27,JPM,0.8854789,0.7990751,0.03053355
2021-12-27,TSLA,0.6479747,-0.806333,1.479466
2021-12-27,XOM,1.006501,0.9281043,0.07402471
2021-12-28,AAPL,0.9703822,-0.3860737,0.2986589
2021-12-28,JPM,0.8851603,0.7987734,0.03089592
2021-12-28,TSLA,0.6510488,-0.7983976,1.473132
2021-12-28,XOM,1.004321,0.9231489,0.0793451
2021-12-29,AAPL,0.9725838,-0.3858236,0.2952555
2021-12-29,JPM,0.8848523,0.7983876,0.02999134
2021-12-29,TSLA,0.6529474,-0.7994203,1.464708
2021-12-29,XOM,1.010206,0.9229241,0.06813318
2021-12-30,AAPL,0.9687135,-0.3843726,0.3059015
2021-12-30,JPM,0.8869315,0.7966442,0.01741305
2021-12-30,TSLA,0.6591856,-0.7986956,1.471431
2021-12-30,XOM,1.013048,0.9223909,0.06603117
2021-12-31,AAPL,0.9688478,-0.3854908,0.3063426
2021-12-31,JPM,0.8890381,0.7963593,0.01483935
2021-12-31,TSLA,0.6798729,-0.8047506,1.451194
2021-12-31,XOM,1.00286,0.9217596,0.07833884
2022-01-03,AAPL,1.030284,-0.3510622,0.2203567
2022-01-03,JPM,0.9103908,0.8054978,-0.01281573
2022-01-03,TSLA,1.023693,-0.6410406,0.9953459
2022-01-03,XOM,1.067503,0.959381,-0.013377
2022-01-04,AAPL,1.028878,-0.3584202,0.2174523
2022-01-04,JPM,0.9086925,0.844682,-0.004851605
2022-01-04,TSLA,1.018454,-0.6982994,0.9763555
2022-01-04,XOM,1.06829,0.9837464,-0.006288804
2022-01-05,AAPL,1.025276,-0.3572898,0.2192708
2022-01-05,JPM,0.9612029,0.8164938,-0.01913653
2022-01-05,TSLA,1.011499,-0.6889384,0.9708676
2022-01-05,XOM,1.027201,1.008,0.00152828
2022-01-06,AAPL,1.031403,-0.3756467,0.203275
2022-01-06,JPM,0.962382,0.8116228,-0.02086555
2022-01-06,TSLA,1.022111,-0.7179832,0.9382869
2022-01-06,XOM,1.02459,1.013815,0.009966318
2022-01-07,AAPL,1.037398,-0.3633195,0.1977537
2022-01-07,JPM,0.9614176,0.8101716,-0.01975133
2022-01-07,TSLA,1.016911,-0.7276184,0.9483086
2022-01-07,XOM,1.020955,1.007099,0.01366362
2022-01-10,AAPL,1.037663,-0.3620273,0.1969415
2022-01-10,JPM,0.9595248,0.8076665,-0.0197611
2022-01-10,TSLA,1.008048,-0.7418884,0.9498194
2022-01-10,XOM,1.02119,1.008651,0.01216686
2022-01-11,AAPL,1.043892,-0.3619706,0.1931431
2022-01-11,JPM,0.9448677,0.8082407,-0.0127139
2022-01-11,TSLA,0.985555,-0.7397389,0.9584266
2022-01-11,XOM,1.098592,1.003079,-0.02169124
2022-01-12,AAPL,1.043667,-0.3619896,0.182732
2022-01-12,JPM,0.9434856,0.8075088,-0.007525718
2022-01-12,TSLA,0.966704,-0.7497926,1.061052
2022-01-12,XOM,1.097303,1.002235,-0.04098851
2022-01-13,AAPL,1.028663,-0.3521848,0.1840171
2022-01-13,JPM,0.9568483,0.7981763,-0.00832745
2022-01-13,TSLA,1.072208,-0.8205067,1.053027
2022-01-13,XOM,1.137475,0.975157,-0.04416529
2022-01-14,AAPL,1.028834,-0.3488539,0.1798035
2022-01-14,JPM,0.9438907,0.7649302,0.03061357
2022-01-14,TSLA,1.077664,-0.8145577,1.047387
2022-01-14,XOM,1.138654,0.981018,-0.05138719
2022-01-18,AAPL,1.024065,-0.3460065,0.178903
2022-01-18,JPM,1.054745,0.7624161,-0.04099942
2022-01-18,TSLA,1.018804,-0.8159129,1.088958
2022-01-18,XOM,1.037918,0.9813323,0.01596415
2022-01-19,AAPL,1.055874,-0.3277537,0.1713514
2022-01-19,JPM,1.049517,0.759502,-0.03967193
2022-01-19,TSLA,1.070698,-0.7821996,1.078067
2022-01-19,XOM,1.001026,0.9599076,0.0246143
2022-01-20,AAPL,1.059642,-0.3247286,0.1692851
2022-01-20,JPM,1.037582,0.752461,-0.03525398
2022-01-20,TSLA,1.042725,-0.7968852,1.086326
2022-01-20,XOM,0.9733797,0.9439631,0.03433852
2022-01-21,AAPL,1.017719,-0.3287359,0.1925093
2022-01-21,JPM,1.024459,0.7510922,-0.02796979
2022-01-21,TSLA,1.21273,-0.7802584,0.9913039
2022-01-21,XOM,0.9756104,0.9437973,0.03345308
2022-01-24,AAPL,1.025437,-0.3326885,0.2026367
2022-01-24,JPM,1.021451,0.7511779,-0.02588337
2022-01-24,TSLA,1.222524,-0.7920194,1.036145
2022-01-24,XOM,0.974036,0.9445336,0.03081963
2022-01-25,AAPL,1.019112,-0.3212315,0.2149026
2022-01-25,JPM,1.009091,0.764016,-0.01965204
2022-01-25,TSLA,1.192184,-0.7525339,1.064376
2022-01-25,XOM,0.9453606,0.9765264,0.04841307
2022-01-26,AAPL,1.020761,-0.3164363,0.1960854
2022-01-26,JPM,0.9964092,0.7519781,0.029141
2022-01-26,TSLA,1.175093,-0.761504,1.10288
2022-01-26,XOM,0.9499967,0.9838657,0.01855755
2022-01-27,AAPL,1.021143,-0.3168014,0.1961218
2022-01-27,JPM,1.003254,0.7548205,0.002416609
2022-01-27,TSLA,1.222822,-0.7429168,0.9275042
2022-01-27,XOM,0.9436307,0.9811139,0.04190016
2022-01-28,AAPL,1.164249,-0.3615195,0.1319394
2022-01-28,JPM,1.006381,0.7535534,4.366132e-05
2022-01-28,TSLA,1.126774,-0.7129508,0.9701403
2022-01-28,XOM,0.9351558,0.9834884,0.0452926
2022-01-31,AAPL,1.148121,-0.3555895,0.1553373
2022-01-31,JPM,1.045343,0.7394146,-0.05811023
2022-01-31,TSLA,1.313379,-0.7760442,0.6895009
2022-01-31,XOM,0.971231,0.9685028,-0.006889396
2022-02-01,AAPL,1.129279,-0.3660804,0.1640646
2022-02-01,JPM,1.052111,0.7433565,-0.06059911
2022-02-01,TSLA,1.289002,-0.7900691,0.6988236
2022-02-01,XOM,1.048731,1.012699,-0.04035946
2022-02-02,AAPL,1.123244,-0.3616251,0.1265519
2022-02-02,JPM,1.042478,0.7507551,-0.1228724
2022-02-02,TSLA,1.267011,-0.772938,0.5556921
2022-02-02,XOM,1.040847,1.019524,-0.09533244
2022-02-03,AAPL,1.066103,-0.3545727,0.1677576
2022-02-03,JPM,1.025547,0.7523955,-0.1106557
2022-02-03,TSLA,1.184079,-0.7614772,0.6154634
2022-02-03,XOM,1.072383,1.013978,-0.118077
2022-02-04,AAPL,1.042654,-0.3599218,0.213514
2022-02-04,JPM,1.06665,0.7617097,-0.1924434
2022-02-04,TSLA,1.248805,-0.746669,0.4860858
2022-02-04,XOM,1.099462,1.020016,-0.1725358
2022-02-07,AAPL,1.042711,-0.3598277,0.2133824
2022-02-07,JPM,1.064008,0.7626815,-0.1956409
2022-02-07,TSLA,1.261994,-0.7492044,0.4960368
2022-02-07,XOM,1.094173,1.021654,-0.1781462
2022-02-08,AAPL,1.050442,-0.3584474,0.2087324
2022-02-08,JPM,1.075179,0.7654849,-0.2032781
2022-02-08,TSLA,1.252807,-0.7517517,0.5023776
2022-02-08,XOM,1.052811,1.010257,-0.1495387
2022-02-09,AAPL,1.025941,-0.3442425,0.2333477
2022-02-09,JPM,1.075821,0.7644849,-0.2046818
2022-02-09,TSLA,1.211322,-0.7278134,0.5437438
2022-02-09,XOM,1.043127,1.01535,-0.1403005
2022-02-10,AAPL,1.037758,-0.3437322,0.2282929
2022-02-10,JPM,1.059861,0.7638943,-0.1981002
2022-02-10,TSLA,1.219973,-0.7280401,0.5403519
2022-02-10,XOM,1.053854,1.013332,-0.1435243
2022-02-11,AAPL,1.024985,-0.3380388,0.232227
2022-02-11,JPM,1.076654,0.7570619,-0.2051003
2022-02-11,TSLA,1.276621,-0.7511711,0.5182219
2022-02-11,XOM,0.9990761,1.03385,-0.1196231
2022-02-14,AAPL,1.02265,-0.3402975,0.2323609
2022-02-14,JPM,1.076457,0.7573882,-0.2044436
2022-02-14,TSLA,1.262262,-0.7638672,0.5217103
2022-02-14,XOM,1.006961,1.040818,-0.1216016
2022-02-15,AAPL,1.02903,-0.3405096,0.2249983
2022-02-15,JPM,1.081726,0.7567263,-0.2102924
2022-02-15,TSLA,1.275858,-0.7620612,0.5047945
2022-02-15,XOM,0.9713687,1.040419,-0.08098031
2022-02-16,AAPL,1.029522,-0.3395577,0.2204689
2022-02-16,JPM,1.081654,0.7581166,-0.2107398
2022-02-16,TSLA,1.278103,-0.7540082,0.4909224
2022-02-16,XOM,0.9703241,1.03753,-0.07605843
2022-02-17,AAPL,1.027093,-0.340153,0.2222897
2022-02-17,JPM,1.090043,0.7598915,-0.2169824
2022-02-17,TSLA,1.336287,-0.7405739,0.4474651
2022-02-17,XOM,0.9429827,1.030739,-0.0550008
2022-02-18,AAPL,1.030043,-0.3388112,0.2180598
2022-02-18,JPM,1.079395,0.760171,-0.1992718
2022-02-18,TSLA,1.343322,-0.7462529,0.4314749
2022-02-18,XOM,0.9568372,1.030913,-0.07796324
2022-02-22,AAPL,1.044954,-0.328675,0.2060788
2022-02-22,JPM,1.059833,0.7468861,-0.1835402
2022-02-22,TSLA,1.381078,-0.7200018,0.3990694
2022-02-22,XOM,0.9587926,1.032142,-0.07952022
2022-02-23,AAPL,1.056896,-0.3281423,0.1987699
2022-02-23,JPM,1.073807,0.746846,-0.1915271
2022-02-23,TSLA,1.462941,-0.7176572,0.3509315
2022-02-23,XOM,0.9361446,1.028929,-0.06412251
2022-02-24,AAPL,1.050283,-0.318982,0.2190287
2022-02-24,JPM,1.066537,0.7875261,-0.1080248
2022-02-24,TSLA,1.457388,-0.6983772,0.3909393
2022-02-24,XOM,0.9357229,1.022075,-0.07714662
2022-02-25,AAPL,1.01019,-0.3392956,0.2163869
2022-02-25,JPM,1.040728,0.774122,-0.1091377
2022-02-25,TSLA,1.407047,-0.7240923,0.387964
2022-02-25,XOM,0.9133161,1.010883,-0.07920246
2022-02-28,AAPL,1.009387,-0.3417903,0.2191903
2022-02-28,JPM,1.058485,0.7824228,-0.09616373
2022-02-28,TSLA,1.375533,-0.7445582,0.3739065
2022-02-28,XOM,0.909256,1.012987,-0.08810341
2022-03-01,AAPL,1.012405,-0.3401239,0.2197401
2022-03-01,JPM,1.088381,0.8081876,-0.1139966
2022-03-01,TSLA,1.362517,-0.7560952,0.3824825
2022-03-01,XOM,0.8334163,0.9468808,-0.04128535
2022-03-02,AAPL,1.021248,-0.3337608,0.2226431
2022-03-02,JPM,1.078114,0.8011972,-0.1229217
2022-03-02,TSLA,1.34948,-0.7645374,0.3642961
2022-03-02,XOM,0.8022735,0.9248398,-0.05163468
2022-03-03,AAPL,1.019307,-0.327293,0.2255727
2022-03-03,JPM,1.081611,0.8029919,-0.1369435
2022-03-03,TSLA,1.362811,-0.7649324,0.3169323
2022-03-03,XOM,0.8046176,0.9358741,-0.06628398
2022-03-04,AAPL,1.032103,-0.3155411,0.1959605
2022-03-04,JPM,1.100893,0.8209889,-0.1821307
2022-03-04,TSLA,1.347669,-0.7467691,0.3028021
2022-03-04,XOM,0.7610833,0.8997316,0.02780126
2022-03-07,AAPL,0.9951545,-0.3193971,0.203703
2022-03-07,JPM,1.128496,0.8245929,-0.1884685
2022-03-07,TSLA,1.353494,-0.7440033,0.3000649
2022-03-07,XOM,0.5897362,0.8745154,0.06876268
2022-03-08,AAPL,0.9965341,-0.3229808,0.2103495
2022-03-08,JPM,1.130098,0.8227044,-0.1852181
2022-03-08,TSLA,1.337156,-0.7244906,0.2640097
2022-03-08,XOM,0.5876989,0.8753464,0.06702319
2022-03-09,AAPL,1.000467,-0.3238251,0.2080611
2022-03-09,JPM,1.187707,0.8033052,-0.2109026
2022-03-09,TSLA,1.3049,-0.7135476,0.2780824
2022-03-09,XOM,0.4650474,0.9162282,0.1214965
2022-03-10,AAPL,1.004461,-0.33483,0.1859874
2022-03-10,JPM,1.189664,0.7969242,-0.2218222
2022-03-10,TSLA,1.307862,-0.7226456,0.2629665
2022-03-10,XOM,0.4614348,0.9242644,0.1420516
2022-03-11,AAPL,1.011699,-0.3370624,0.1761405
2022-03-11,JPM,1.201776,0.791643,-0.2405956
2022-03-11,TSLA,1.325397,-0.7317154,0.232488
2022-03-11,XOM,0.4761665,0.9176406,0.1187296
2022-03-14,AAPL,1.012582,-0.3412461,0.1546724
2022-03-14,JPM,1.200786,0.7946899,-0.2241608
2022-03-14,TSLA,1.32516,-0.7315015,0.2284213
2022-03-14,XOM,0.4785357,0.906773,0.05929083
2022-03-15,AAPL,1.011988,-0.3392923,0.1517365
2022-03-15,JPM,1.215892,0.7746991,-0.2200739
2022-03-15,TSLA,1.327204,-0.7329384,0.2261599
2022-03-15,XOM,0.4154374,0.9849164,0.0495127
2022-03-16,AAPL,1.012376,-0.33986,0.1516368
2022-03-16,JPM,1.262361,0.7884071,-0.2892161
2022-03-16,TSLA,1.314511,-0.7386943,0.2466981
2022-03-16,XOM,0.4135644,0.9837701,0.05264069
2022-03-17,AAPL,1.002268,-0.3358951,0.1573994
2022-03-17,JPM,1.264873,0.7849021,-0.2895581
2022-03-17,TSLA,1.321226,-0.7383312,0.2411328
2022-03-17,XOM,0.4406235,0.9811389,0.03275781
2022-03-18,AAPL,1.003193,-0.3389391,0.1553323
2022-03-18,JPM,1.263519,0.7886521,-0.286509
2022-03-18,TSLA,1.324233,-0.740669,0.2426818
2022-03-18,XOM,0.4438191,0.9762849,0.03211683
2022-03-21,AAPL,1.011095,-0.3342737,0.1689167
2022-03-21,JPM,1.256459,0.7850725,-0.2999114
2022-03-21,TSLA,1.354056,-0.7263825,0.3031363
2022-03-21,XOM,0.4704593,0.9863256,0.09434343
2022-03-22,AAPL,1.014247,-0.3362449,0.1654005
2022-03-22,JPM,1.267387,0.7803229,-0.3107615
2022-03-22,TSLA,1.396704,-0.7439425,0.2608283
2022-03-22,XOM,0.4717983,0.989973,0.09462568
2022-03-23,AAPL,0.9942495,-0.3543358,0.1862316
2022-03-23,JPM,1.272056,0.7846536,-0.3153797
2022-03-23,TSLA,1.372898,-0.7651011,0.2873343
2022-03-23,XOM,0.4491803,0.9690717,0.1175783
2022-03-24,AAPL,0.9992024,-0.3556612,0.1868296
2022-03-24,JPM,1.267446,0.7858546,-0.3192921
2022-03-24,TSLA,1.357424,-0.761494,0.2917872
2022-03-24,XOM,0.4526172,0.96774,0.1208008
2022-03-25,AAPL,1.004034,-0.3488782,0.1900003
2022-03-25,JPM,1.257415,0.7724058,-0.3245492
2022-03-25,TSLA,1.369742,-0.7462134,0.2901145
2022-03-25,XOM,0.4503753,0.9659939,0.1273371
2022-03-28,AAPL,1.003501,-0.3301908,0.1876099
2022-03-28,JPM,1.257274,0.7793767,-0.3261275
2022-03-28,TSLA,1.373489,-0.8522871,0.2980642
2022-03-28,XOM,0.449154,0.9878731,0.1268567
2022-03-29,AAPL,1.004699,-0.3291554,0.1775504
2022-03-29,JPM,1.256397,0.7782775,-0.3160466
2022-03-29,TSLA,1.369064,-0.8596669,0.3852859
2022-03-29,XOM,0.4478203,0.9874577,0.126491
2022-03-30,AAPL,1.005747,-0.3249701,0.1727759
2022-03-30,JPM,1.253233,0.7696576,-0.3060468
2022-03-30,TSLA,1.362402,-0.8718896,0.4008673
2022-03-30,XOM,0.438711,0.9622438,0.1560486
2022-03-31,AAPL,1.015097,-0.3189385,0.1676202
2022-03-31,JPM,1.260955,0.774372,-0.3099601
2022-03-31,TSLA,1.38135,-0.8597971,0.3905759
2022-03-31,XOM,0.4600135,0.9755267,0.1448169
2022-04-01,AAPL,1.015737,-0.3171937,0.1676502
2022-04-01,JPM,1.261251,0.7754793,-0.3094089
2022-04-01,TSLA,1.383609,-0.8561936,0.3864622
2022-04-01,XOM,0.4587477,0.9736144,0.146874
2022-04-04,AAPL,1.017124,-0.3251872,0.1521848
2022-04-04,JPM,1.261792,0.7722439,-0.3172041
2022-04-04,TSLA,1.387717,-0.8849166,0.3444525
2022-04-04,XOM,0.4607121,0.9587736,0.1265144
2022-04-05,AAPL,1.02369,-0.3188537,0.1422941
2022-04-05,JPM,1.25456,0.7656947,-0.3072104
2022-04-05,TSLA,1.413411,-0.8621513,0.3090013
2022-04-05,XOM,0.4670343,0.9642022,0.1178407
2022-04-06,AAPL,1.029367,-0.3143713,0.1287642
2022-04-06,JPM,1.255317,0.766296,-0.3093466
2022-04-06,TSLA,1.426864,-0.8531673,0.2775219
2022-04-06,XOM,0.4629207,0.9613359,0.1271678
2022-04-07,AAPL,1.026796,-0.3055404,0.114129
2022-04-07,JPM,1.254433,0.7676975,-0.3122452
2022-04-07,TSLA,1.428843,-0.8456513,0.2720333
2022-04-07,XOM,0.4697605,0.9463389,0.1564937
2022-04-08,AAPL,1.021368,-0.3141379,0.1145202
2022-04-08,JPM,1.263104,0.7864489,-0.3154717
2022-04-08,TSLA,1.423453,-0.8515847,0.270814
2022-04-08,XOM,0.4714308,0.9480119,0.1569896
2022-04-11,AAPL,1.028857,-0.3213602,0.1271338
2022-04-11,JPM,1.253531,0.7950995,-0.3303339
2022-04-11,TSLA,1.451157,-0.8779541,0.3141396
2022-04-11,XOM,0.5233018,0.8984934,0.2413158
2022-04-12,AAPL,1.023169,-0.322104,0.1485179
2022-04-12,JPM,1.255456,0.7952982,-0.3382303
2022-04-12,TSLA,1.447086,-0.8787555,0.3286518
2022-04-12,XOM,0.5191368,0.8982556,0.2578305
2022-04-13,AAPL,1.023939,-0.3228963,0.1510026
2022-04-13,JPM,1.217772,0.7868888,-0.3481705
2022-04-13,TSLA,1.447802,-0.8777117,0.3268634
2022-04-13,XOM,0.5263751,0.8999207,0.2592992
2022-04-14,AAPL,1.035295,-0.3327965,0.1440163
2022-04-14,JPM,1.21693,0.78622,-0.3488719
2022-04-14,TSLA,1.458845,-0.8834046,0.3248884
2022-04-14,XOM,0.5255483,0.9012211,0.2608341
2022-04-18,AAPL,1.036914,-0.3315864,0.1478251
2022-04-18,JPM,1.227403,0.7967271,-0.3344023
2022-04-18,TSLA,1.488535,-0.8543539,0.3670453
2022-04-18,XOM,0.517283,0.8927508,0.2502837
2022-04-19,AAPL,1.029525,-0.3359967,0.1569712
2022-04-19,JPM,1.23475,0.800997,-0.3445949
2022-04-19,TSLA,1.467999,-0.8670192,0.3908684
2022-04-19,XOM,0.5024407,0.8836729,0.2693896
2022-04-20,AAPL,1.029163,-0.3363316,0.1620901
2022-04-20,JPM,1.234582,0.799847,-0.3245547
2022-04-20,TSLA,1.464065,-0.8619009,0.2495039
2022-04-20,XOM,0.5020444,0.885561,0.2234802
2022-04-21,AAPL,1.010277,-0.3479181,0.1646253
2022-04-21,JPM,1.214473,0.7883228,-0.3241646
2022-04-21,TSLA,1.362434,-0.9236743,0.2609836
2022-04-21,XOM,0.510455,0.8902402,0.2233676
2022-04-22,AAPL,1.011856,-0.3471567,0.1646954
2022-04-22,JPM,1.190069,0.778051,-0.3261892
2022-04-22,TSLA,1.274878,-0.958005,0.2513078
2022-04-22,XOM,0.5373212,0.9010501,0.2260129
2022-04-25,AAPL,1.012918,-0.3414964,0.1683335
2022-04-25,JPM,1.188758,0.7724621,-0.3294347
2022-04-25,TSLA,1.283911,-0.9149761,0.2802199
2022-04-25,XOM,0.5425077,0.9246443,0.2436763
2022-04-26,AAPL,1.025116,-0.3393376,0.1630953
2022-04-26,JPM,1.195483,0.7729873,-0.3315982
2022-04-26,TSLA,1.436436,-0.8908352,0.2189751
2022-04-26,XOM,0.5457011,0.9242077,0.2434006
2022-04-27,AAPL,1.021905,-0.3353091,0.1523154
2022-04-27,JPM,1.189909,0.782024,-0.35291
2022-04-27,TSLA,1.440951,-0.8913616,0.2281671
2022-04-27,XOM,0.5546097,0.9065993,0.2818094
2022-04-28,AAPL,1.063806,-0.3223519,0.1419617
2022-04-28,JPM,1.167115,0.7763765,-0.3482458
2022-04-28,TSLA,1.335975,-0.9244604,0.2543357
2022-04-28,XOM,0.6033867,0.9223264,0.2692649
2022-04-29,AAPL,1.053327,-0.3219738,0.139774
2022-04-29,JPM,1.139982,0.7687389,-0.3453372
2022-04-29,TSLA,1.215968,-0.9544515,0.2635107
2022-04-29,XOM,0.638996,0.9312097,0.2664011
2022-05-02,AAPL,1.051896,-0.3251117,0.1566465
2022-05-02,JPM,1.140482,0.7701869,-0.3576852
2022-05-02,TSLA,1.217802,-0.9497138,0.2318086
2022-05-02,XOM,0.6415144,0.9375253,0.2201056
2022-05-03,AAPL,1.060521,-0.311755,0.1581289
2022-05-03,JPM,1.150236,0.7854227,-0.357432
2022-05-03,TSLA,1.234178,-0.9238534,0.2308567
2022-05-03,XOM,0.6408143,0.9364771,0.2198286
2022-05-04,AAPL,1.082817,-0.2988969,0.1511915
2022-05-04,JPM,1.1409,0.7798784,-0.3542785
2022-05-04,TSLA,1.270495,-0.9027602,0.2190845
2022-05-04,XOM,0.6912189,0.9662171,0.2017716
2022-05-05,AAPL,1.108002,-0.3018028,0.1477566
2022-05-05,JPM,1.130868,0.7823068,-0.3560285
2022-05-05,TSLA,1.299795,-0.9044213,0.211414
2022-05-05,XOM,0.7196765,0.9608048,0.2020808
2022-05-06,AAPL,1.111328,-0.2965615,0.1566661
2022-05-06,JPM,1.130337,0.7815037,-0.3568824
2022-05-06,TSLA,1.303785,-0.8975485,0.227089
2022-05-06,XOM,0.7188748,0.9601172,0.2051076
2022-05-09,AAPL,1.096392,-0.2968972,0.1500232
2022-05-09,JPM,1.09638,0.7804447,-0.3716991
2022-05-09,TSLA,1.376233,-0.8968238,0.2631059
2022-05-09,XOM,0.8645843,0.959751,0.2830816
2022-05-10,AAPL,1.093303,-0.3160987,0.1697866
2022-05-10,JPM,1.099881,0.8120125,-0.4057798
2022-05-10,TSLA,1.379898,-0.8851415,0.2531746
2022-05-10,XOM,0.8625047,0.9288868,0.3179223
2022-05-11,AAPL,1.100548,-0.3370263,0.1329209
2022-05-11,JPM,1.098681,0.8135081,-0.4045223
2022-05-11,TSLA,1.388467,-0.9087063,0.2131114
2022-05-11,XOM,0.8602964,0.9345791,0.3281614
2022-05-12,AAPL,1.114445,-0.3595097,0.2170358
2022-05-12,JPM,1.098081,0.8137432,-0.406897
2022-05-12,TSLA,1.402534,-0.9303029,0.2973921
2022-05-12,XOM,0.8507895,0.9486388,0.2722256
2022-05-13,AAPL,1.112642,-0.3594765,0.2178182
2022-05-13,JPM,1.090786,0.8163471,-0.4029626
2022-05-13,TSLA,1.396957,-0.9282402,0.3000964
2022-05-13,XOM,0.87976,0.9362216,0.2568669
2022-05-16,AAPL,1.111984,-0.3603662,0.2107539
2022-05-16,JPM,1.090153,0.8153299,-0.4083722
2022-05-16,TSLA,1.390283,-0.9389021,0.2244343
2022-05-16,XOM,0.8807293,0.9378827,0.2742947
2022-05-17,AAPL,1.122788,-0.3429295,0.1948182
2022-05-17,JPM,1.101425,0.8330997,-0.4246582
2022-05-17,TSLA,1.416849,-0.8954976,0.1848306
2022-05-17,XOM,0.8699843,0.9207342,0.2897721
2022-05-18,AAPL,1.136854,-0.3440786,0.2
2022-05-18,JPM,1.060023,0.8382935,-0.4404178
2022-05-18,TSLA,1.417388,-0.8951826,0.184801
2022-05-18,XOM,0.8648613,0.9220604,0.2875517
2022-05-19,AAPL,1.149589,-0.3418935,0.2327299
2022-05-19,JPM,1.065189,0.8398814,-0.4272677
2022-05-19,TSLA,1.42013,-0.8922678,0.1903129
2022-05-19,XOM,0.8544322,0.9203145,0.2610871
2022-05-20,AAPL,1.14919,-0.3430649,0.2329422
2022-05-20,JPM,1.065694,0.8423794,-0.4271634
2022-05-20,TSLA,1.425738,-0.8661424,0.1941135
2022-05-20,XOM,0.8531717,0.9153125,0.261271
2022-05-23,AAPL,1.184904,-0.3182408,0.2343159
2022-05-23,JPM,1.137921,0.8921904,-0.4252452
2022-05-23,TSLA,1.437536,-0.8579281,0.1927793
2022-05-23,XOM,0.8408914,0.9067801,0.2630714
2022-05-24,AAPL,1.185744,-0.3156005,0.2169258
2022-05-24,JPM,1.136104,0.8861744,-0.3792209
2022-05-24,TSLA,1.439215,-0.84912,0.1081974
2022-05-24,XOM,0.8419568,0.909035,0.2525353
2022-05-25,AAPL,1.177939,-0.3308876,0.2279267
2022-05-25,JPM,1.127397,0.8690981,-0.3664157
2022-05-25,TSLA,1.465343,-0.7976672,0.06911187
2022-05-25,XOM,0.8465894,0.9181613,0.2455174
2022-05-26,AAPL,1.175005,-0.3327327,0.2299777
2022-05-26,JPM,1.122261,0.8656455,-0.3624574
2022-05-26,TSLA,1.511673,-0.7719773,0.02948449
2022-05-26,XOM,0.8327413,0.9091473,0.2559768
2022-05-27,AAPL,1.185755,-0.3350443,0.230141
2022-05-27,JPM,1.116926,0.8666606,-0.3626026
2022-05-27,TSLA,1.537534,-0.7750694,0.02545278
2022-05-27,XOM,0.8302717,0.9091505,0.2564692
2022-05-31,AAPL,1.184624,-0.3333379,0.2240665
2022-05-31,JPM,1.113746,0.8707459,-0.3789009
2022-05-31,TSLA,1.533046,-0.7663724,-0.003473788
2022-05-31,XOM,0.8344305,0.9028996,0.2795732
2022-06-01,AAPL,1.182605,-0.3345714,0.2383669
2022-06-01,JPM,1.115904,0.8725067,-0.3966473
2022-06-01,TSLA,1.534915,-0.7621336,-0.02300837
2022-06-01,XOM,0.8314783,0.9007673,0.3007455
2022-06-02,AAPL,1.179086,-0.3317766,0.2493391
2022-06-02,JPM,1.118976,0.8705633,-0.4074519
2022-06-02,TSLA,1.530644,-0.7596574,-0.009008126
2022-06-02,XOM,0.83109,0.8997915,0.3023259
2022-06-03,AAPL,1.196722,-0.3260195,0.2207293
2022-06-03,JPM,1.112059,0.8682118,-0.3967826
2022-06-03,TSLA,1.602676,-0.7370754,-0.1217058
2022-06-03,XOM,0.8159864,0.8950115,0.3250885
2022-06-06,AAPL,1.198388,-0.3224478,0.2192333
2022-06-06,JPM,1.105649,0.8550743,-0.3900643
2022-06-06,TSLA,1.609701,-0.7218835,-0.1315459
2022-06-06,XOM,0.8096636,0.8812537,0.3350572
2022-06-07,AAPL,1.200944,-0.3255405,0.2225124
2022-06-07,JPM,1.102773,0.8536858,-0.3943991
2022-06-07,TSLA,1.598955,-0.7214587,-0.1480241
2022-06-07,XOM,0.8320156,0.8826782,0.3702845
2022-06-08,AAPL,1.193653,-0.3306555,0.2132346
2022-06-08,JPM,1.105406,0.8554374,-0.3907718
2022-06-08,TSLA,1.574681,-0.7389376,-0.1771764
2022-06-08,XOM,0.8045739,0.8626227,0.3382285
2022-06-09,AAPL,1.207059,-0.3158002,0.1978433
2022-06-09,JPM,1.087727,0.8372798,-0.3696417
2022-06-09,TSLA,1.523156,-0.7898356,-0.1145696
2022-06-09,XOM,0.8263325,0.8850356,0.3123037
2022-06-10,AAPL,1.215207,-0.3050333,0.1807806
2022-06-10,JPM,1.101838,0.8572445,-0.3992382
2022-06-10,TSLA,1.490526,-0.8310262,-0.04770919
2022-06-10,XOM,0.8420935,0.903694,0.2798922
2022-06-13,AAPL,1.201538,-0.3214775,0.1941916
2022-06-13,JPM,1.060856,0.80769,-0.35817
2022-06-13,TSLA,1.497377,-0.8228653,-0.05509196
2022-06-13,XOM,0.8906177,0.962038,0.2309807
2022-06-14,AAPL,1.201052,-0.3222487,0.1994026
2022-06-14,JPM,1.060816,0.8072347,-0.364439
2022-06-14,TSLA,1.494872,-0.8292576,-0.04233317
2022-06-14,XOM,0.8909926,0.9632933,0.2309599
2022-06-15,AAPL,1.20094,-0.3228928,0.1957773
2022-06-15,JPM,1.06071,0.8059806,-0.3700321
2022-06-15,TSLA,1.497006,-0.830623,-0.07397905
2022-06-15,XOM,0.8902524,0.9656593,0.2517617
2022-06-16,AAPL,1.211339,-0.3089798,0.1934828
2022-06-16,JPM,1.016799,0.7480901,-0.3612587
2022-06-16,TSLA,1.557594,-0.7512074,-0.08384358
2022-06-16,XOM,0.8993028,0.9776745,0.2492124
2022-06-17,AAPL,1.201613,-0.3161437,0.1678677
2022-06-17,JPM,1.011981,0.7441817,-0.3736038
2022-06-17,TSLA,1.580103,-0.7343864,-0.02403019
2022-06-17,XOM,0.9367947,1.007383,0.3486167
2022-06-21,AAPL,1.199128,-0.3157388,0.1657811
2022-06-21,JPM,1.016255,0.7439511,-0.3710071
2022-06-21,TSLA,1.687682,-0.7556847,0.07962174
2022-06-21,XOM,0.9990437,0.9932771,0.411961
2022-06-22,AAPL,1.202925,-0.3087747,0.1713257
2022-06-22,JPM,1.011454,0.7352052,-0.3774998
2022-06-22,TSLA,1.700696,-0.7301045,0.09666548
2022-06-22,XOM,1.01256,1.018105,0.430986
2022-06-23,AAPL,1.198635,-0.3193073,0.1587373
2022-06-23,JPM,1.014873,0.7438271,-0.3677272
2022-06-23,TSLA,1.743681,-0.6222541,0.2119321
2022-06-23,XOM,1.005336,1.000067,0.4112819
2022-06-24,AAPL,1.173604,-0.3389014,0.1772705
2022-06-24,JPM,1.004518,0.737053,-0.3605662
2022-06-24,TSLA,1.730536,-0.6308861,0.2208221
2022-06-24,XOM,0.9904554,0.9862881,0.4230942
2022-06-27,AAPL,1.175738,-0.3380286,0.1909157
2022-06-27,JPM,1.003123,0.7366805,-0.368687
2022-06-27,TSLA,1.730271,-0.6314732,0.219987
2022-06-27,XOM,0.9903839,0.9858882,0.4234024
2022-06-28,AAPL,1.176547,-0.3398698,0.1818367
2022-06-28,JPM,1.000985,0.7399162,-0.3510926
2022-06-28,TSLA,1.731266,-0.6334172,0.2099433
2022-06-28,XOM,0.9879643,0.9903945,0.4459753
2022-06-29,AAPL,1.172882,-0.3597044,0.1889034
2022-06-29,JPM,0.998101,0.7244432,-0.3454508
2022-06-29,TSLA,1.740713,-0.5809613,0.1909507
2022-06-29,XOM,0.9970858,1.040895,0.4277418
2022-06-30,AAPL,1.176552,-0.3505398,0.1764228
2022-06-30,JPM,1.001446,0.7315437,-0.356997
2022-06-30,TSLA,1.744028,-0.5734881,0.1792452
2022-06-30,XOM,1.008962,1.068929,0.3878232
2022-07-01,AAPL,1.179914,-0.3419665,0.1686739
2022-07-01,JPM,0.999421,0.7265868,-0.352573
2022-07-01,TSLA,1.738558,-0.5869941,0.1885965
2022-07-01,XOM,1.016543,1.087298,0.3672297
2022-07-05,AAPL,1.161188,-0.3408811,0.1183866
2022-07-05,JPM,0.9927788,0.7271443,-0.3714902
2022-07-05,TSLA,1.742496,-0.5866712,0.1974732
2022-07-05,XOM,1.008166,1.088101,0.3428184
2022-07-06,AAPL,1.161047,-0.3428532,0.1190736
2022-07-06,JPM,0.9925753,0.7327007,-0.3734879
2022-07-06,TSLA,1.743239,-0.5657901,0.189868
2022-07-06,XOM,1.008486,1.107337,0.3357748
2022-07-07,AAPL,1.164133,-0.3412202,0.1188445
2022-07-07,JPM,1.002385,0.7371032,-0.3743933
2022-07-07,TSLA,1.755393,-0.5581672,0.191192
2022-07-07,XOM,1.026085,1.118169,0.3380545
2022-07-08,AAPL,1.16437,-0.3431141,0.1224405
2022-07-08,JPM,1.002033,0.7363796,-0.3739455
2022-07-08,TSLA,1.754936,-0.5691778,0.2073726
2022-07-08,XOM,1.02629,1.1185,0.3378219
2022-07-11,AAPL,1.164596,-0.3405932,0.1191522
2022-07-11,JPM,1.001653,0.7394088,-0.3818856
2022-07-11,TSLA,1.755201,-0.540164,0.151003
2022-07-11,XOM,1.026823,1.130686,0.3164412
2022-07-12,AAPL,1.154925,-0.308938,0.1001823
2022-07-12,JPM,0.9985253,0.7499895,-0.3906275
2022-07-12,TSLA,1.751392,-0.5272327,0.1408625
2022-07-12,XOM,1.033024,1.10957,0.3291707
2022-07-13,AAPL,1.154505,-0.3094979,0.1007554
2022-07-13,JPM,0.998614,0.75033,-0.3910651
2022-07-13,TSLA,1.745572,-0.5368728,0.1503814
2022-07-13,XOM,1.030123,1.106107,0.3320933
2022-07-14,AAPL,1.145775,-0.3551937,0.1284075
2022-07-14,JPM,1.006614,0.7978731,-0.422278
2022-07-14,TSLA,1.742701,-0.5519257,0.1596029
2022-07-14,XOM,1.032848,1.121968,0.321815
2022-07-15,AAPL,1.130988,-0.3757756,0.1407693
2022-07-15,JPM,1.033444,0.8344572,-0.4462276
2022-07-15,TSLA,1.711063,-0.5947012,0.1880533
2022-07-15,XOM,1.02129,1.105993,0.3319209
2022-07-18,AAPL,1.131482,-0.388359,0.1444098
2022-07-18,JPM,1.033596,0.8223635,-0.4431917
2022-07-18,TSLA,1.710265,-0.5722575,0.1820142
2022-07-18,XOM,1.021465,1.119891,0.3297067
2022-07-19,AAPL,1.128137,-0.3926373,0.1489599
2022-07-19,JPM,1.027778,0.8167088,-0.4423964
2022-07-19,TSLA,1.661786,-0.6267781,0.2163945
2022-07-19,XOM,1.022209,1.120692,0.32885
2022-07-20,AAPL,1.126668,-0.3849173,0.1362556
2022-07-20,JPM,1.028782,0.8087007,-0.431753
2022-07-20,TSLA,1.665637,-0.6498693,0.2525835
2022-07-20,XOM,1.018961,1.138884,0.2999853
2022-07-21,AAPL,1.12649,-0.3823461,0.1362295
2022-07-21,JPM,1.029606,0.7986365,-0.4311095
2022-07-21,TSLA,1.67404,-0.7579075,0.2559405
2022-07-21,XOM,1.018344,1.149194,0.2999994
2022-07-22,AAPL,1.126364,-0.3839686,0.1396631
2022-07-22,JPM,1.029643,0.7963167,-0.4256721
2022-07-22,TSLA,1.673777,-0.7764772,0.2960476
2022-07-22,XOM,1.017726,1.156538,0.2809317
2022-07-25,AAPL,1.119796,-0.3887576,0.1273962
2022-07-25,JPM,1.028126,0.7953951,-0.4285917
2022-07-25,TSLA,1.665007,-0.7837493,0.2806084
2022-07-25,XOM,1.023638,1.161988,0.2908529
2022-07-26,AAPL,1.118454,-0.3935463,0.1445697
2022-07-26,JPM,1.027757,0.7950815,-0.4275116
2022-07-26,TSLA,1.668044,-0.7747991,0.2472074
2022-07-26,XOM,1.026152,1.16986,0.2609178
2022-07-27,AAPL,1.120581,-0.3927767,0.142919
2022-07-27,JPM,1.01916,0.7919314,-0.421522
2022-07-27,TSLA,1.674817,-0.7740791,0.2401932
2022-07-27,XOM,1.036349,1.17339,0.2541035
2022-07-28,AAPL,1.113255,-0.378401,0.1316918
2022-07-28,JPM,1.014831,0.7998052,-0.4277787
2022-07-28,TSLA,1.671674,-0.7665099,0.2347392
2022-07-28,XOM,1.04,1.164807,0.2602726
2022-07-29,AAPL,1.127733,-0.3607084,0.1056371
2022-07-29,JPM,0.9971993,0.7782496,-0.3963348
2022-07-29,TSLA,1.71065,-0.7177962,0.1651611
2022-07-29,XOM,1.070157,1.201644,0.2063394
2022-08-01,AAPL,1.128691,-0.3613908,0.1071991
2022-08-01,JPM,0.998907,0.777391,-0.3940007
2022-08-01,TSLA,1.710953,-0.7172917,0.1649876
2022-08-01,XOM,1.077142,1.199177,0.2146543
2022-08-02,AAPL,1.132987,-0.357026,0.1071186
2022-08-02,JPM,0.9994273,0.7784018,-0.3940178
2022-08-02,TSLA,1.704706,-0.7247955,0.1652767
2022-08-02,XOM,1.064994,1.184904,0.2153201
2022-08-03,AAPL,1.1343,-0.3524061,0.07186868
2022-08-03,JPM,0.9988105,0.7782358,-0.3950728
2022-08-03,TSLA,1.703845,-0.729837,0.2062308
2022-08-03,XOM,1.063443,1.177597,0.2709939
2022-08-04,AAPL,1.137122,-0.3479829,0.07252424
2022-08-04,JPM,0.9982248,0.7756013,-0.394118
2022-08-04,TSLA,1.710149,-0.7188882,0.2069405
2022-08-04,XOM,1.08089,1.204935,0.2745505
2022-08-05,AAPL,1.137031,-0.3476435,0.07320431
2022-08-05,JPM,0.9973904,0.7928994,-0.37933
2022-08-05,TSLA,1.711478,-0.7531107,0.1753561
2022-08-05,XOM,1.080584,1.208893,0.2793018
2022-08-08,AAPL,1.136954,-0.3479479,0.07333755
2022-08-08,JPM,0.9990881,0.7784426,-0.3716106
2022-08-08,TSLA,1.710195,-0.7460245,0.171346
2022-08-08,XOM,1.080397,1.212731,0.2773607
2022-08-09,AAPL,1.139262,-0.3482855,0.07720352
2022-08-09,JPM,1.00262,0.7785937,-0.3663783
2022-08-09,TSLA,1.708902,-0.7464945,0.1699446
2022-08-09,XOM,1.080966,1.215228,0.2760383
2022-08-10,AAPL,1.13875,-0.3478865,0.07776574
2022-08-10,JPM,1.007288,0.7870032,-0.3793799
2022-08-10,TSLA,1.701769,-0.7573792,0.1882422
2022-08-10,XOM,1.083707,1.2199,0.2682478
2022-08-11,AAPL,1.138223,-0.3494562,0.07786452
2022-08-11,JPM,1.009694,0.79761,-0.3837305
2022-08-11,TSLA,1.693988,-0.7881679,0.1966404
2022-08-11,XOM,1.087001,1.233726,0.2637838
2022-08-12,AAPL,1.138664,-0.3493791,0.07884092
2022-08-12,JPM,1.013666,0.7974072,-0.3819426
2022-08-12,TSLA,1.703205,-0.7880129,0.1987688
2022-08-12,XOM,1.082752,1.233415,0.2606018
2022-08-15,AAPL,1.138491,-0.3484145,0.07810774
2022-08-15,JPM,1.013699,0.7927447,-0.3790753
2022-08-15,TSLA,1.704292,-0.8052013,0.2108389
2022-08-15,XOM,1.081084,1.249642,0.2480612
2022-08-16,AAPL,1.136617,-0.3522721,0.08063176
2022-08-16,JPM,1.014711,0.795186,-0.3806139
2022-08-16,TSLA,1.703184,-0.8095424,0.2130294
2022-08-16,XOM,1.073638,1.231033,0.2594833
2022-08-17,AAPL,1.137342,-0.3719805,0.1056386
2022-08-17,JPM,1.014492,0.7943189,-0.3803324
2022-08-17,TSLA,1.702871,-0.8243174,0.2279845
2022-08-17,XOM,1.073298,1.224997,0.2646966
2022-08-18,AAPL,1.134111,-0.3710796,0.09638106
2022-08-18,JPM,1.009678,0.7953261,-0.3939948
2022-08-18,TSLA,1.698194,-0.8231002,0.2144665
2022-08-18,XOM,1.078723,1.223168,0.2809917
2022-08-19,AAPL,1.135469,-0.3657118,0.09115952
2022-08-19,JPM,1.012492,0.8108431,-0.4110961
2022-08-19,TSLA,1.695275,-0.8320656,0.2228172
2022-08-19,XOM,1.077784,1.227282,0.2740271
2022-08-22,AAPL,1.13694,-0.3638519,0.08978555
2022-08-22,JPM,1.001705,0.7974395,-0.3986309
2022-08-22,TSLA,1.682536,-0.8478506,0.2384269
2022-08-22,XOM,1.063015,1.208449,0.2925193
2022-08-23,AAPL,1.137141,-0.3641893,0.09040263
2022-08-23,JPM,1.000888,0.7931315,-0.3980805
2022-08-23,TSLA,1.683042,-0.8374502,0.2352368
2022-08-23,XOM,1.064021,1.223515,0.2883275
2022-08-24,AAPL,1.137151,-0.3645669,0.09094304
2022-08-24,JPM,1.001152,0.7937195,-0.3978859
2022-08-24,TSLA,1.683295,-0.8389506,0.2371994
2022-08-24,XOM,1.063418,1.22401,0.2867293
2022-08-25,AAPL,1.135618,-0.3662325,0.09182504
2022-08-25,JPM,1.007578,0.8016569,-0.4035914
2022-08-25,TSLA,1.658259,-0.8697349,0.2578934
2022-08-25,XOM,1.053793,1.211645,0.2964867
2022-08-26,AAPL,1.134241,-0.3641717,0.09284433
2022-08-26,JPM,1.014413,0.799767,-0.4048121
2022-08-26,TSLA,1.599304,-0.8649347,0.2647556
2022-08-26,XOM,1.056631,1.211675,0.296385
2022-08-29,AAPL,1.13648,-0.3615326,0.09435421
2022-08-29,JPM,1.013377,0.7985874,-0.4052746
2022-08-29,TSLA,1.599108,-0.8650353,0.264484
2022-08-29,XOM,1.049509,1.204595,0.2918366
2022-08-30,AAPL,1.141822,-0.3610908,0.10281
2022-08-30,JPM,1.002612,0.7980569,-0.4222281
2022-08-30,TSLA,1.608244,-0.8650409,0.2795702
2022-08-30,XOM,1.073706,1.205153,0.3306654
2022-08-31,AAPL,1.144147,-0.3587377,0.1026026
2022-08-31,JPM,0.9985944,0.7943166,-0.4220312
2022-08-31,TSLA,1.608772,-0.8645304,0.2796702
2022-08-31,XOM,1.07101,1.202933,0.3302035
2022-09-01,AAPL,1.144132,-0.3558288,0.1036047
2022-09-01,JPM,0.9982219,0.7839114,-0.4256314
2022-09-01,TSLA,1.608593,-0.8665439,0.2787489
2022-09-01,XOM,1.071255,1.216684,0.3355795
2022-09-02,AAPL,1.144431,-0.355878,0.1034769
2022-09-02,JPM,0.9987611,0.7816021,-0.4250049
2022-09-02,TSLA,1.609923,-0.86955,0.2791101
2022-09-02,XOM,1.067496,1.229455,0.3325291
2022-09-06,AAPL,1.147313,-0.3425848,0.09850834
2022-09-06,JPM,0.9941127,0.7639879,-0.4208882
2022-09-06,TSLA,1.602907,-0.8982301,0.2880846
2022-09-06,XOM,1.065229,1.220645,0.3348414
2022-09-07,AAPL,1.138387,-0.3400528,0.1073931
2022-09-07,JPM,0.9975632,0.7631079,-0.4251982
2022-09-07,TSLA,1.598341,-0.8966658,0.2919919
2022-09-07,XOM,1.058515,1.222122,0.3415673
2022-09-08,AAPL,1.132458,-0.358834,0.1386028
2022-09-08,JPM,1.000405,0.7746344,-0.4452686
2022-09-08,TSLA,1.599623,-0.8893874,0.2791886
2022-09-08,XOM,1.059717,1.226305,0.3340451
2022-09-09,AAPL,1.133041,-0.3589126,0.1385901
2022-09-09,JPM,0.9901599,0.7645006,-0.439747
2022-09-09,TSLA,1.60435,-0.8868239,0.2775929
2022-09-09,XOM,1.062587,1.22804,0.3328718
2022-09-12,AAPL,1.153252,-0.3549007,0.153297
2022-09-12,JPM,0.9923969,0.7642206,-0.4376958
2022-09-12,TSLA,1.600697,-0.8871998,0.2747783
2022-09-12,XOM,1.061516,1.228194,0.3319411
2022-09-13,AAPL,1.17266,-0.3534224,0.15188
2022-09-13,JPM,0.9822131,0.7633595,-0.4364892
2022-09-13,TSLA,1.52264,-0.8922196,0.2811
2022-09-13,XOM,1.06571,1.227899,0.3306679
2022-09-14,AAPL,1.173192,-0.355225,0.1539076
2022-09-14,JPM,0.981362,0.765429,-0.4388712
2022-09-14,TSLA,1.531742,-0.9157518,0.3091542
2022-09-14,XOM,1.073724,1.2065,0.3557148
2022-09-15,AAPL,1.175272,-0.3599789,0.1570357
2022-09-15,JPM,0.9687364,0.7922794,-0.4564388
2022-09-15,TSLA,1.518431,-0.8867893,0.290043
2022-09-15,XOM,1.090828,1.168818,0.3801627
2022-09-16,AAPL,1.175292,-0.3583129,0.1548581
2022-09-16,JPM,0.96703,0.7917448,-0.4580621
2022-09-16,TSLA,1.516718,-0.8949966,0.2996773
2022-09-16,XOM,1.091367,1.180248,0.3642309
2022-09-19,AAPL,1.191471,-0.3466412,0.1666433
2022-09-19,JPM,0.9670165,0.7920839,-0.4584399
2022-09-19,TSLA,1.525187,-0.888569,0.3055687
2022-09-19,XOM,1.071602,1.166191,0.3496437
2022-09-20,AAPL,1.178941,-0.3901534,0.208563
2022-09-20,JPM,0.9677321,0.7976035,-0.4653433
2022-09-20,TSLA,1.520473,-0.9049091,0.3214861
2022-09-20,XOM,1.071648,1.167755,0.347173
2022-09-21,AAPL,1.180929,-0.3885859,0.2081639
2022-09-21,JPM,0.9756229,0.8019605,-0.4736844
2022-09-21,TSLA,1.526834,-0.9002848,0.319356
2022-09-21,XOM,1.076087,1.170294,0.3437448
2022-09-22,AAPL,1.181025,-0.387185,0.2074569
2022-09-22,JPM,0.9752762,0.8002793,-0.4727399
2022-09-22,TSLA,1.5333,-0.8512761,0.2972482
2022-09-22,XOM,1.075089,1.164004,0.3464523
2022-09-23,AAPL,1.174911,-0.3920531,0.2022665
2022-09-23,JPM,0.9725866,0.7948288,-0.4741088
2022-09-23,TSLA,1.574973,-0.8297107,0.3352011
2022-09-23,XOM,1.113385,1.194427,0.3792231
2022-09-26,AAPL,1.169345,-0.4150496,0.2205372
2022-09-26,JPM,0.9734147,0.7988808,-0.477391
2022-09-26,TSLA,1.572669,-0.8523879,0.3548129
2022-09-26,XOM,1.118152,1.203736,0.3729058
2022-09-27,AAPL,1.168415,-0.4217479,0.2268026
2022-09-27,JPM,0.9732301,0.7985224,-0.4771512
2022-09-27,TSLA,1.569835,-0.8734345,0.3743169
2022-09-27,XOM,1.112758,1.163957,0.4094367
2022-09-28,AAPL,1.128926,-0.4839173,0.2527171
2022-09-28,JPM,0.9711156,0.7950601,-0.4755904
2022-09-28,TSLA,1.547889,-0.9077335,0.3884503
2022-09-28,XOM,1.129809,1.190847,0.3980001
2022-09-29,AAPL,1.156347,-0.4917687,0.2682109
2022-09-29,JPM,0.9706947,0.7941043,-0.4759948
2022-09-29,TSLA,1.582624,-0.9165235,0.408521
2022-09-29,XOM,1.118795,1.193046,0.3914367
2022-09-30,AAPL,1.165616,-0.4930305,0.2604317
2022-09-30,JPM,0.970206,0.7952222,-0.476377
2022-09-30,TSLA,1.577266,-0.928698,0.4216137
2022-09-30,XOM,1.126324,1.192437,0.3844893
2022-10-03,AAPL,1.171678,-0.4869799,0.2589313
2022-10-03,JPM,0.9675277,0.7933027,-0.4761753
2022-10-03,TSLA,1.338368,-1.172442,0.4859529
2022-10-03,XOM,1.159564,1.224342,0.3767199
2022-10-04,AAPL,1.164761,-0.5009131,0.2682726
2022-10-04,JPM,0.9780713,0.8148503,-0.4914515
2022-10-04,TSLA,1.326158,-1.197083,0.5026852
2022-10-04,XOM,1.160588,1.226219,0.3739309
2022-10-05,AAPL,1.164968,-0.5017291,0.2691432
2022-10-05,JPM,0.977113,0.820636,-0.4952866
2022-10-05,TSLA,1.323807,-1.175366,0.4899238
2022-10-05,XOM,1.164525,1.198879,0.3921
2022-10-06,AAPL,1.162049,-0.4997028,0.2699734
2022-10-06,JPM,0.9828608,0.8166338,-0.497141
2022-10-06,TSLA,1.32406,-1.176297,0.490377
2022-10-06,XOM,1.147644,1.209861,0.3974513
2022-10-07,AAPL,1.16547,-0.501351,0.2685393
2022-10-07,JPM,0.9790435,0.818184,-0.4954967
2022-10-07,TSLA,1.336858,-1.183252,0.4854246
2022-10-07,XOM,1.15154,1.206893,0.3960734
2022-10-10,AAPL,1.16699,-0.5001037,0.2854254
2022-10-10,JPM,0.9788874,0.8178245,-0.4960419
2022-10-10,TSLA,1.33857,-1.181182,0.5026013
2022-10-10,XOM,1.147039,1.202904,0.3525188
2022-10-11,AAPL,1.166842,-0.5008935,0.2822571
2022-10-11,JPM,0.9782524,0.8177899,-0.5263233
2022-10-11,TSLA,1.337683,-1.178667,0.4618256
2022-10-11,XOM,1.146418,1.204762,0.3275305
2022-10-12,AAPL,1.166942,-0.5008532,0.282289
2022-10-12,JPM,0.9719602,0.8287216,-0.5464878
2022-10-12,TSLA,1.334833,-1.171938,0.4493689
2022-10-12,XOM,1.144098,1.20853,0.3199838
2022-10-13,AAPL,1.184733,-0.4806495,0.2814216
2022-10-13,JPM,1.01627,0.8789569,-0.5470219
2022-10-13,TSLA,1.346626,-1.156844,0.4504351
2022-10-13,XOM,1.116384,1.177158,0.3208414
2022-10-14,AAPL,1.187579,-0.4829384,0.2837904
2022-10-14,JPM,0.9759708,0.9134021,-0.5831404
2022-10-14,TSLA,1.381924,-1.185931,0.479824
2022-10-14,XOM,1.135884,1.159463,0.339393
2022-10-17,AAPL,1.184254,-0.481656,0.2847084
2022-10-17,JPM,0.9968266,0.9058707,-0.5870266
2022-10-17,TSLA,1.405204,-1.193716,0.4736758
2022-10-17,XOM,1.135136,1.159356,0.3404956
2022-10-18,AAPL,1.180098,-0.4832033,0.2852264
2022-10-18,JPM,1.005523,0.9082344,-0.5877352
2022-10-18,TSLA,1.396078,-1.197475,0.4748561
2022-10-18,XOM,1.126105,1.158392,0.3405555
2022-10-19,AAPL,1.181539,-0.4867277,0.2890004
2022-10-19,JPM,1.000871,0.9165942,-0.5976813
2022-10-19,TSLA,1.404214,-1.211604,0.4921635
2022-10-19,XOM,1.133007,1.143124,0.3571552
2022-10-20,AAPL,1.177961,-0.4890048,0.2831037
2022-10-20,JPM,0.9977671,0.9134971,-0.6020461
2022-10-20,TSLA,1.45403,-1.179063,0.5765272
2022-10-20,XOM,1.118017,1.132749,0.3321987
2022-10-21,AAPL,1.174626,-0.4893387,0.2820039
2022-10-21,JPM,1.048603,0.9107054,-0.5647813
2022-10-21,TSLA,1.451189,-1.170962,0.5584243
2022-10-21,XOM,1.098618,1.133777,0.3173355
2022-10-24,AAPL,1.173435,-0.4889121,0.2811434
2022-10-24,JPM,1.035206,0.9137312,-0.5731304
2022-10-24,TSLA,1.424706,-1.164394,0.5407247
2022-10-24,XOM,1.087121,1.13784,0.3112154
2022-10-25,AAPL,1.173002,-0.4857511,0.273296
2022-10-25,JPM,1.035531,0.8994971,-0.5455464
2022-10-25,TSLA,1.424561,-1.141961,0.5013668
2022-10-25,XOM,1.087291,1.129411,0.3275714
2022-10-26,AAPL,1.172719,-0.4968692,0.2677692
2022-10-26,JPM,1.033661,0.921939,-0.5428076
2022-10-26,TSLA,1.422476,-1.103987,0.5090333
2022-10-26,XOM,1.087833,1.131997,0.3312921
2022-10-27,AAPL,1.172233,-0.5361423,0.2691573
2022-10-27,JPM,1.033631,0.9283509,-0.5430181
2022-10-27,TSLA,1.422755,-1.069821,0.5078554
2022-10-27,XOM,1.08727,1.116993,0.3297192
2022-10-28,AAPL,1.242927,-0.5632735,0.3284137
2022-10-28,JPM,1.018147,0.933888,-0.555919
2022-10-28,TSLA,1.38619,-1.060509,0.4647046
2022-10-28,XOM,1.096366,1.113676,0.33873
2022-10-31,AAPL,1.243023,-0.5669776,0.3246307
2022-10-31,JPM,1.017929,0.9367444,-0.5530807
2022-10-31,TSLA,1.385824,-1.056834,0.4714628
2022-10-31,XOM,1.096529,1.107241,0.333739
2022-11-01,AAPL,1.24418,-0.5834489,0.3337684
2022-11-01,JPM,1.015694,0.9621637,-0.5679154
2022-11-01,TSLA,1.382689,-1.029442,0.452657
2022-11-01,XOM,1.096917,1.112543,0.3338011
2022-11-02,AAPL,1.251842,-0.5844544,0.3328761
2022-11-02,JPM,1.006712,0.9592433,-0.565704
2022-11-02,TSLA,1.387545,-1.028944,0.4514974
2022-11-02,XOM,1.107798,1.116849,0.3309683
2022-11-03,AAPL,1.264538,-0.5829984,0.3146167
2022-11-03,JPM,1.001613,0.9593949,-0.5571476
2022-11-03,TSLA,1.380896,-1.028903,0.460762
2022-11-03,XOM,1.100933,1.117452,0.3422908
2022-11-04,AAPL,1.249851,-0.6150112,0.3313724
2022-11-04,JPM,1.00374,0.9641367,-0.55968
2022-11-04,TSLA,1.343388,-1.113094,0.5057288
2022-11-04,XOM,1.08387,1.080621,0.3608152
2022-11-07,AAPL,1.245168,-0.6214231,0.3366991
2022-11-07,JPM,0.9955884,0.9570675,-0.5563473
2022-11-07,TSLA,1.302677,-1.142573,0.5153546
2022-11-07,XOM,1.081217,1.07601,0.3646001
2022-11-08,AAPL,1.24446,-0.6146286,0.339853
2022-11-08,JPM,0.9945974,0.9626834,-0.5555052
2022-11-08,TSLA,1.304839,-1.119906,0.5541359
2022-11-08,XOM,1.080509,1.074039,0.3590153
2022-11-09,AAPL,1.253528,-0.5949961,0.3238019
2022-11-09,JPM,0.9855167,0.9432602,-0.5395898
2022-11-09,TSLA,1.336394,-1.05322,0.5001805
2022-11-09,XOM,1.105963,1.127019,0.3164594
2022-11-10,AAPL,1.270112,-0.5482761,0.1933026
2022-11-10,JPM,0.9751812,0.9131275,-0.4580366
2022-11-10,TSLA,1.328811,-1.080674,0.5639867
2022-11-10,XOM,1.103864,1.120436,0.3324013
2022-11-11,AAPL,1.25621,-0.5252216,0.1380288
2022-11-11,JPM,1.003126,0.8668628,-0.3463044
2022-11-11,TSLA,1.290481,-1.016669,0.4103979
2022-11-11,XOM,1.044112,1.219097,0.09375169
2022-11-14,AAPL,1.256104,-0.5242491,0.1368883
2022-11-14,JPM,1.003221,0.8646295,-0.344174
2022-11-14,TSLA,1.288813,-0.9950043,0.386609
2022-11-14,XOM,1.044342,1.210353,0.1040761
2022-11-15,AAPL,1.256356,-0.5224926,0.1366187
2022-11-15,JPM,1.003649,0.8577517,-0.332589
2022-11-15,TSLA,1.289626,-0.991413,0.3868375
2022-11-15,XOM,1.044108,1.210297,0.1030385
2022-11-16,AAPL,1.253943,-0.5100623,0.1262001
2022-11-16,JPM,1.009651,0.8227147,-0.3022064
2022-11-16,TSLA,1.280979,-0.9422846,0.3438709
2022-11-16,XOM,1.041161,1.226924,0.08798137
2022-11-17,AAPL,1.260573,-0.5205148,0.1460778
2022-11-17,JPM,1.008825,0.8237772,-0.3043646
2022-11-17,TSLA,1.278329,-0.9292002,0.3311115
2022-11-17,XOM,1.039355,1.22291,0.08647558
2022-11-18,AAPL,1.256873,-0.5218975,0.1409977
2022-11-18,JPM,1.015024,0.8133826,-0.2887842
2022-11-18,TSLA,1.260601,-0.9226645,0.2989859
2022-11-18,XOM,1.025751,1.24616,0.05233448
2022-11-21,AAPL,1.250125,-0.5276224,0.1254223
2022-11-21,JPM,1.012488,0.8099424,-0.2935954
2022-11-21,TSLA,1.238241,-0.9331506,0.2397888
2022-11-21,XOM,1.017693,1.239721,0.03307156
2022-11-22,AAPL,1.246873,-0.530882,0.1273752
2022-11-22,JPM,1.008118,0.8054384,-0.2909546
2022-11-22,TSLA,1.245016,-0.9273716,0.2360657
2022-11-22,XOM,1.027158,1.249148,0.02729055
2022-11-23,AAPL,1.247291,-0.530802,0.1331532
2022-11-23,JPM,1.00422,0.8010303,-0.3012593
2022-11-23,TSLA,1.208542,-0.9643311,0.1206918
2022-11-23,XOM,1.028073,1.24992,0.02976742
2022-11-25,AAPL,1.241875,-0.5386428,0.1184523
2022-11-25,JPM,1.00485,0.7990933,-0.2995601
2022-11-25,TSLA,1.207132,-0.9544641,0.1185054
2022-11-25,XOM,1.023853,1.245948,0.01891961
2022-11-28,AAPL,1.257905,-0.5066618,0.1122594
2022-11-28,JPM,1.005851,0.8003818,-0.2997836
2022-11-28,TSLA,1.188739,-0.9947821,0.1256269
2022-11-28,XOM,1.03528,1.270322,0.01437137
2022-11-29,AAPL,1.256646,-0.5365838,0.1195559
2022-11-29,JPM,1.0076,0.8227436,-0.3033874
2022-11-29,TSLA,1.188546,-0.9895471,0.123595
2022-11-29,XOM,1.034187,1.255644,0.01711064
2022-11-30,AAPL,1.260554,-0.539826,0.1165774
2022-11-30,JPM,0.9994874,0.8418283,-0.2955348
2022-11-30,TSLA,1.20647,-1.022146,0.1075981
2022-11-30,XOM,1.033986,1.259486,0.01784964
2022-12-01,AAPL,1.260444,-0.5409166,0.1174527
2022-12-01,JPM,1.002125,0.8557777,-0.3010585
2022-12-01,TSLA,1.20647,-1.01118,0.09946048
2022-12-01,XOM,1.03272,1.257933,0.01663778
2022-12-02,AAPL,1.259748,-0.543587,0.1180189
2022-12-02,JPM,1.002301,0.8573236,-0.3020869
2022-12-02,TSLA,1.206725,-1.00009,0.08457844
2022-12-02,XOM,1.032919,1.266143,0.005313569
2022-12-05,AAPL,1.245651,-0.5730739,0.1197965
2022-12-05,JPM,1.005221,0.868811,-0.3052531
2022-12-05,TSLA,1.263567,-0.8838364,0.07933368
2022-12-05,XOM,1.03048,1.265497,0.003149503
2022-12-06,AAPL,1.246664,-0.5744092,0.1172611
2022-12-06,JPM,1.001716,0.8758226,-0.3001665
2022-12-06,TSLA,1.257793,-0.8705254,0.08622672
2022-12-06,XOM,1.039197,1.245091,-0.008469071
2022-12-07,AAPL,1.246957,-0.5527952,0.1050646
2022-12-07,JPM,1.001292,0.8684483,-0.2965305
2022-12-07,TSLA,1.256453,-0.8190373,0.05153069
2022-12-07,XOM,1.038984,1.239203,-0.005291712
2022-12-08,AAPL,1.246248,-0.5509727,0.1052818
2022-12-08,JPM,1.000125,0.8555228,-0.2996863
2022-12-08,TSLA,1.259942,-0.7891033,0.05919041
2022-12-08,XOM,1.036505,1.221033,-0.01000637
2022-12-09,AAPL,1.239321,-0.5460346,0.08996429
2022-12-09,JPM,1.003916,0.8513825,-0.2901462
2022-12-09,TSLA,1.206811,-0.7422858,-0.0658192
2022-12-09,XOM,1.040258,1.216849,-0.000601263
2022-12-12,AAPL,1.235147,-0.5451554,0.08869544
2022-12-12,JPM,1.005243,0.8507342,-0.2894956
2022-12-12,TSLA,1.122429,-0.7038548,-0.1112378
2022-12-12,XOM,1.052448,1.21289,0.004342749
2022-12-13,AAPL,1.235617,-0.5432861,0.09089247
2022-12-13,JPM,1.00661,0.851157,-0.2839704
2022-12-13,TSLA,1.133389,-0.6819594,-0.06885662
2022-12-13,XOM,1.05019,1.206852,-0.0039721
2022-12-14,AAPL,1.238255,-0.5168461,0.07372815
2022-12-14,JPM,1.004547,0.8446427,-0.2814678
2022-12-14,TSLA,1.140078,-0.648824,-0.08634513
2022-12-14,XOM,1.047896,1.209607,-0.009160025
2022-12-15,AAPL,1.250945,-0.5284861,0.07727997
2022-12-15,JPM,1.013122,0.8361855,-0.278814
2022-12-15,TSLA,1.081405,-0.5930758,-0.1038024
2022-12-15,XOM,1.048183,1.210522,-0.009759726
2022-12-16,AAPL,1.249698,-0.5274597,0.07896504
2022-12-16,JPM,1.010542,0.8363714,-0.2767298
2022-12-16,TSLA,1.099796,-0.6005755,-0.1242488
2022-12-16,XOM,1.049067,1.209994,-0.010337
2022-12-19,AAPL,1.2485,-0.5278036,0.07605891
2022-12-19,JPM,1.014422,0.8378996,-0.2672745
2022-12-19,TSLA,1.10669,-0.5963536,-0.1031979
2022-12-19,XOM,1.049758,1.209842,-0.008907606
2022-12-20,AAPL,1.248401,-0.5272787,0.07600803
2022-12-20,JPM,1.015755,0.8374991,-0.2638339
2022-12-20,TSLA,1.060888,-0.5891916,-0.2088953
2022-12-20,XOM,1.05382,1.209394,0.000851579
2022-12-21,AAPL,1.255208,-0.5271055,0.08133262
2022-12-21,JPM,1.010304,0.8369799,-0.2676705
2022-12-21,TSLA,1.040798,-0.5866189,-0.2267344
2022-12-21,XOM,1.048954,1.208516,-0.002372096
2022-12-22,AAPL,1.25601,-0.5251957,0.07786159
2022-12-22,JPM,1.008907,0.8351403,-0.2646125
2022-12-22,TSLA,1.082684,-0.5586153,-0.275537
2022-12-22,XOM,1.056741,1.212081,-0.008794823
2022-12-23,AAPL,1.248467,-0.5378114,0.0791566
2022-12-23,JPM,0.9988407,0.8182259,-0.2631841
2022-12-23,TSLA,1.075735,-0.5721047,-0.2728242
2022-12-23,XOM,1.063331,1.225391,-0.01190147
2022-12-27,AAPL,1.243516,-0.5410325,0.07198304
2022-12-27,JPM,0.9992295,0.8182067,-0.262323
2022-12-27,TSLA,1.00399,-0.6231024,-0.3778366
2022-12-27,XOM,1.06532,1.226183,-0.008632587
2022-12-28,AAPL,1.266444,-0.5271497,0.09381917
2022-12-28,JPM,0.9753471,0.8039398,-0.2849901
2022-12-28,TSLA,0.9372825,-0.6613739,-0.4426377
2022-12-28,XOM,1.066297,1.22641,-0.007529846
2022-12-29,AAPL,1.26743,-0.5113185,0.07972061
2022-12-29,JPM,0.974105,0.7871972,-0.2702153
2022-12-29,TSLA,0.9424516,-0.5867665,-0.5087534
2022-12-29,XOM,1.065666,1.218726,-0.001137908
2022-12-30,AAPL,1.264743,-0.5147403,0.07949306
2022-12-30,JPM,0.9713043,0.787523,-0.2729194
2022-12-30,TSLA,0.9354045,-0.6120944,-0.4997781
2022-12-30,XOM,1.061506,1.216633,-0.003741434
2023-01-03,AAPL,1.294909,-0.5503887,0.1459889
2023-01-03,JPM,0.9618709,0.791455,-0.2892752
2023-01-03,TSLA,1.056383,-0.7390596,-0.2433555
2023-01-03,XOM,1.091933,1.184972,0.06058166
2023-01-04,AAPL,1.293847,-0.5319438,0.1306254
2023-01-04,JPM,0.9604141,0.7852091,-0.285763
2023-01-04,TSLA,1.042278,-0.6027605,-0.3643233
2023-01-04,XOM,1.095785,1.153996,0.08853888
2023-01-05,AAPL,1.292417,-0.5164702,0.1306867
2023-01-05,JPM,0.9598072,0.7903654,-0.2855118
2023-01-05,TSLA,1.042038,-0.5994917,-0.3645017
2023-01-05,XOM,1.092253,1.183154,0.08937333
2023-01-06,AAPL,1.309393,-0.516297,0.1418492
2023-01-06,JPM,0.9518812,0.7906446,-0.2910477
2023-01-06,TSLA,1.054973,-0.5932631,-0.3618116
2023-01-06,XOM,1.067319,1.17875,0.07682415
2023-01-09,AAPL,1.304836,-0.5188058,0.1357269
2023-01-09,JPM,0.9524547,0.7908282,-0.2899895
2023-01-09,TSLA,1.000172,-0.6255988,-0.4362988
2023-01-09,XOM,1.073969,1.182446,0.08608251
2023-01-10,AAPL,1.304198,-0.5189447,0.1344565
2023-01-10,JPM,0.9536129,0.791006,-0.2873573
2023-01-10,TSLA,0.9955777,-0.6302868,-0.4480197
2023-01-10,XOM,1.074328,1.185496,0.09010078
2023-01-11,AAPL,1.30435,-0.518693,0.1280004
2023-01-11,JPM,0.9533198,0.7906153,-0.281643
2023-01-11,TSLA,0.9940219,-0.6272796,-0.4728434
2023-01-11,XOM,1.074928,1.184766,0.07941911
2023-01-12,AAPL,1.305516,-0.5249692,0.1331785
2023-01-12,JPM,0.9522362,0.7910507,-0.2865284
2023-01-12,TSLA,0.9904389,-0.6166352,-0.4890126
2023-01-12,XOM,1.075585,1.200737,0.08751172
2023-01-13,AAPL,1.306706,-0.5283725,0.1366358
2023-01-13,JPM,0.958535,0.7861899,-0.274734
2023-01-13,TSLA,0.9868579,-0.6125702,-0.4961419
2023-01-13,XOM,1.07418,1.201761,0.08500094
2023-01-17,AAPL,1.301007,-0.5386717,0.1343757
2023-01-17,JPM,0.962382,0.8025876,-0.2780784
2023-01-17,TSLA,0.9431022,-0.6747718,-0.5240263
2023-01-17,XOM,1.073535,1.192564,0.08906487
2023-01-18,AAPL,1.280662,-0.565327,0.1296939
2023-01-18,JPM,0.9807732,0.826478,-0.2741032
2023-01-18,TSLA,0.9539256,-0.6609406,-0.5224924
2023-01-18,XOM,1.069566,1.187534,0.08883171
2023-01-19,AAPL,1.275399,-0.5446623,0.1185618
2023-01-19,JPM,0.9850015,0.8090375,-0.2646736
2023-01-19,TSLA,0.9513904,-0.6453755,-0.528468
2023-01-19,XOM,1.06931,1.194688,0.08789201
2023-01-20,AAPL,1.274191,-0.5521206,0.1313669
2023-01-20,JPM,0.9768153,0.7868035,-0.2257394
2023-01-20,TSLA,0.9579258,-0.621229,-0.5701624
2023-01-20,XOM,1.07154,1.200903,0.07611531
2023-01-23,AAPL,1.273491,-0.551724,0.1215748
2023-01-23,JPM,0.9760082,0.7865796,-0.2364602
2023-01-23,TSLA,0.9523173,-0.620028,-0.6591415
2023-01-23,XOM,1.072494,1.200289,0.09074737
2023-01-24,AAPL,1.280068,-0.5765613,0.1467422
2023-01-24,JPM,0.9814292,0.7701688,-0.2170482
2023-01-24,TSLA,0.9619162,-0.6552391,-0.623049
2023-01-24,XOM,1.076806,1.183326,0.1075305
2023-01-25,AAPL,1.279869,-0.5791779,0.147788
2023-01-25,JPM,0.9808948,0.7688254,-0.2165286
2023-01-25,TSLA,0.9626402,-0.6235233,-0.6360456
2023-01-25,XOM,1.074888,1.151272,0.1204079
2023-01-26,AAPL,1.279806,-0.5792021,0.1484097
2023-01-26,JPM,0.9783818,0.7557963,-0.1958194
2023-01-26,TSLA,0.9760663,-0.4795428,-0.8963359
2023-01-26,XOM,1.080885,1.195055,0.0442543
2023-01-27,AAPL,1.265282,-0.5658481,0.1204808
2023-01-27,JPM,0.9752705,0.7558809,-0.2013916
2023-01-27,TSLA,0.8806212,-0.4608626,-1.077305
2023-01-27,XOM,1.093361,1.191167,0.06833138
2023-01-30,AAPL,1.266161,-0.5693328,0.1220664
2023-01-30,JPM,0.9740567,0.7592834,-0.2027512
2023-01-30,TSLA,0.8902857,-0.4404127,-1.11697
2023-01-30,XOM,1.098258,1.195051,0.05389374
2023-01-31,AAPL,1.260506,-0.5767073,0.1176829
2023-01-31,JPM,0.9621291,0.7415122,-0.2106627
2023-01-31,TSLA,0.9170933,-0.4008606,-1.098573
2023-01-31,XOM,1.097406,1.19127,0.0558256
2023-02-01,AAPL,1.264364,-0.568482,0.1229668
2023-02-01,JPM,0.9662646,0.7453953,-0.2049597
2023-02-01,TSLA,0.9152061,-0.4090868,-1.101154
2023-02-01,XOM,1.101551,1.196069,0.06159527
2023-02-02,AAPL,1.243008,-0.5530486,0.0681101
2023-02-02,JPM,0.9786718,0.7324306,-0.173787
2023-02-02,TSLA,0.9505559,-0.4511207,-1.015363
2023-02-02,XOM,1.129423,1.170743,0.1323343
2023-02-03,AAPL,1.240665,-0.5172681,0.1143019
2023-02-03,JPM,0.9782255,0.7474914,-0.1463756
2023-02-03,TSLA,0.9488731,-0.4176909,-0.9666505
2023-02-03,XOM,1.129751,1.171717,0.1409944
2023-02-06,AAPL,1.242624,-0.5065036,0.1145799
2023-02-06,JPM,0.9766203,0.7386702,-0.1464562
2023-02-06,TSLA,0.941012,-0.4554679,-0.9682495
2023-02-06,XOM,1.129734,1.169912,0.1412864
2023-02-07,AAPL,1.243603,-0.5045359,0.1109267
2023-02-07,JPM,0.9737753,0.7364664,-0.1434608
2023-02-07,TSLA,0.9332059,-0.4627553,-0.9549693
2023-02-07,XOM,1.142647,1.179706,0.1242301
2023-02-08,AAPL,1.246612,-0.5114967,0.1159966
2023-02-08,JPM,0.974768,0.7358661,-0.1421947
2023-02-08,TSLA,0.9055845,-0.4551068,-0.9835258
2023-02-08,XOM,1.145931,1.177394,0.1281647
2023-02-09,AAPL,1.246106,-0.5151814,0.1175596
2023-02-09,JPM,0.9774955,0.7506562,-0.147974
2023-02-09,TSLA,0.8905035,-0.5415921,-0.949005
2023-02-09,XOM,1.142165,1.159516,0.1348778
2023-02-10,AAPL,1.251585,-0.5179009,0.1238937
2023-02-10,JPM,0.9667035,0.7465767,-0.1588776
2023-02-10,TSLA,0.8509492,-0.5655931,-0.9882998
2023-02-10,XOM,1.1729,1.172743,0.1664992
2023-02-13,AAPL,1.252858,-0.5203796,0.1256907
2023-02-13,JPM,0.9700115,0.7378244,-0.1530533
2023-02-13,TSLA,0.8266382,-0.5045045,-1.029247
2023-02-13,XOM,1.164034,1.191783,0.1531275
2023-02-14,AAPL,1.256633,-0.5122068,0.1290802
2023-02-14,JPM,0.9663988,0.7323021,-0.1568108
2023-02-14,TSLA,0.7946497,-0.5630363,-1.060243
2023-02-14,XOM,1.167984,1.193673,0.1592004
2023-02-15,AAPL,1.252982,-0.5115709,0.1279506
2023-02-15,JPM,0.9645707,0.7321115,-0.1571382
2023-02-15,TSLA,0.7931608,-0.5627516,-1.06081
2023-02-15,XOM,1.167179,1.193193,0.1591724
2023-02-16,AAPL,1.249484,-0.5034882,0.1337723
2023-02-16,JPM,0.9666807,0.7264336,-0.1612764
2023-02-16,TSLA,0.8038195,-0.586035,-1.076611
2023-02-16,XOM,1.168891,1.189455,0.1584171
2023-02-17,AAPL,1.248843,-0.499053,0.1252439
2023-02-17,JPM,0.9676429,0.716569,-0.1445643
2023-02-17,TSLA,0.8094622,-0.635151,-0.985101
2023-02-17,XOM,1.163735,1.232771,0.07934726
2023-02-21,AAPL,1.251083,-0.4981777,0.1271998
2023-02-21,JPM,0.9738074,0.7188196,-0.1394357
2023-02-21,TSLA,0.8369815,-0.6266847,-0.9612944
2023-02-21,XOM,1.149106,1.227042,0.06750145
2023-02-22,AAPL,1.249919,-0.4997465,0.1278818
2023-02-22,JPM,0.9749026,0.7226384,-0.1413436
2023-02-22,TSLA,0.8298324,-0.6250873,-0.9625652
2023-02-22,XOM,1.152554,1.2283,0.06704972
2023-02-23,AAPL,1.246256,-0.5011031,0.1224101
2023-02-23,JPM,0.9790787,0.7015877,-0.1255808
2023-02-23,TSLA,0.8345485,-0.6436371,-0.9468836
2023-02-23,XOM,1.15676,1.226425,0.07515239
2023-02-24,AAPL,1.248561,-0.5030288,0.1239002
2023-02-24,JPM,0.9771927,0.7262985,-0.1332209
2023-02-24,TSLA,0.8332901,-0.6417001,-0.947823
2023-02-24,XOM,1.160687,1.216528,0.07968188
2023-02-27,AAPL,1.248906,-0.50491,0.1248202
2023-02-27,JPM,0.9778312,0.7191555,-0.1282093
2023-02-27,TSLA,0.8408129,-0.6694366,-0.9355095
2023-02-27,XOM,1.1602,1.218455,0.07811874
2023-02-28,AAPL,1.249825,-0.5008454,0.1225137
2023-02-28,JPM,0.9687009,0.6872036,-0.1100612
2023-02-28,TSLA,0.8480936,-0.6428627,-0.9516713
2023-02-28,XOM,1.160626,1.217618,0.08179168
2023-03-01,AAPL,1.24392,-0.4987675,0.1037095
2023-03-01,JPM,0.9659692,0.689621,-0.1218165
2023-03-01,TSLA,0.8490278,-0.6502018,-0.9360496
2023-03-01,XOM,1.166588,1.220074,0.09328848
2023-03-02,AAPL,1.239898,-0.4873965,0.1028018
2023-03-02,JPM,0.9580002,0.7181577,-0.1252879
2023-03-02,TSLA,0.8132136,-0.5223933,-0.9509814
2023-03-02,XOM,1.166908,1.218626,0.09336179
2023-03-03,AAPL,1.256146,-0.4982499,0.1085601
2023-03-03,JPM,0.9635588,0.712992,-0.1223917
2023-03-03,TSLA,0.8298122,-0.532287,-0.9459203
2023-03-03,XOM,1.167072,1.219511,0.09230395
2023-03-06,AAPL,1.260492,-0.5373802,0.1057569
2023-03-06,JPM,0.9605622,0.7299165,-0.1217434
2023-03-06,TSLA,0.8281468,-0.4850151,-0.9400356
2023-03-06,XOM,1.177791,1.185217,0.09523311
2023-03-07,AAPL,1.256763,-0.5452457,0.1103906
2023-03-07,JPM,0.9758447,0.7642971,-0.1421488
2023-03-07,TSLA,0.8571862,-0.4307687,-0.9728456
2023-03-07,XOM,1.171289,1.167427,0.1053363
2023-03-08,AAPL,1.258395,-0.5568934,0.1177092
2023-03-08,JPM,0.9715602,0.7818495,-0.1531967
2023-03-08,TSLA,0.8543151,-0.381192,-1.004106
2023-03-08,XOM,1.178802,1.160061,0.1093689
2023-03-09,AAPL,1.256574,-0.5605383,0.1193409
2023-03-09,JPM,1.013863,0.9405914,-0.20027
2023-03-09,TSLA,0.891437,-0.243042,-1.045325
2023-03-09,XOM,1.146072,1.036157,0.1457683
2023-03-10,AAPL,1.251856,-0.5574699,0.1104861
2023-03-10,JPM,0.9579053,0.9799771,-0.3071303
2023-03-10,TSLA,0.8525793,-0.2144861,-1.119691
2023-03-10,XOM,1.154122,1.03299,0.1612715
2023-03-13,AAPL,1.253836,-0.5022458,0.09122744
2023-03-13,JPM,0.9509568,0.8235332,-0.2547538
2023-03-13,TSLA,0.8548495,-0.1571722,-1.139339
2023-03-13,XOM,1.141509,0.7776776,0.2431491
2023-03-14,AAPL,1.237584,-0.4983113,0.07844876
2023-03-14,JPM,0.9698793,0.8193662,-0.2398203
2023-03-14,TSLA,0.9162485,-0.1773746,-1.089113
2023-03-14,XOM,1.122731,0.7675392,0.2328771
2023-03-15,AAPL,1.231015,-0.5066814,0.07198291
2023-03-15,JPM,1.025147,0.8857654,-0.1857748
2023-03-15,TSLA,0.9775882,-0.1109453,-1.030022
2023-03-15,XOM,1.169276,0.8153852,0.2774396
2023-03-16,AAPL,1.226741,-0.5092733,0.07145845
2023-03-16,JPM,1.026293,0.8864652,-0.1855918
2023-03-16,TSLA,0.973253,-0.1099627,-1.032265
2023-03-16,XOM,1.129109,0.8090779,0.2631953
2023-03-17,AAPL,1.229852,-0.4966501,0.06999827
2023-03-17,JPM,1.038759,0.9396304,-0.1923935
2023-03-17,TSLA,0.9843264,-0.0562714,-1.040336
2023-03-17,XOM,1.11748,0.7596452,0.2696921
2023-03-20,AAPL,1.237612,-0.4979176,0.07767261
2023-03-20,JPM,1.031339,0.9412642,-0.1998061
2023-03-20,TSLA,1.027074,-0.06051693,-1.000239
2023-03-20,XOM,1.123911,0.7561614,0.2774225
2023-03-21,AAPL,1.237193,-0.4998332,0.07875281
2023-03-21,JPM,1.031168,0.9491402,-0.2042267
2023-03-21,TSLA,1.050965,0.136084,-1.113999
2023-03-21,XOM,1.138165,0.8520298,0.2214051
2023-03-22,AAPL,1.232761,-0.5097348,0.08044518
2023-03-22,JPM,1.033884,0.9551228,-0.2051231
2023-03-22,TSLA,1.057833,0.1460945,-1.114065
2023-03-22,XOM,1.143085,0.8590587,0.2213539
2023-03-23,AAPL,1.231132,-0.4946216,0.0744034
2023-03-23,JPM,1.036313,0.9297273,-0.1949934
2023-03-23,TSLA,1.058012,0.1449388,-1.113394
2023-03-23,XOM,1.14316,0.8625307,0.220309
2023-03-24,AAPL,1.234207,-0.4883316,0.07619738
2023-03-24,JPM,1.020467,0.8968088,-0.2021453
2023-03-24,TSLA,1.050902,0.128703,-1.115543
2023-03-24,XOM,1.13577,0.8472005,0.2170763
2023-03-27,AAPL,1.228538,-0.5091036,0.07165522
2023-03-27,JPM,1.030577,0.9250458,-0.1930563
2023-03-27,TSLA,1.053641,0.1607104,-1.114643
2023-03-27,XOM,1.141218,0.8547938,0.2225831
2023-03-28,AAPL,1.22834,-0.5089621,0.07151067
2023-03-28,JPM,1.030071,0.9232524,-0.1932935
2023-03-28,TSLA,1.053142,0.1514084,-1.112223
2023-03-28,XOM,1.141956,0.8595593,0.2228226
2023-03-29,AAPL,1.22706,-0.5090079,0.07255232
2023-03-29,JPM,1.020489,0.9208055,-0.182205
2023-03-29,TSLA,1.051527,0.1507779,-1.109567
2023-03-29,XOM,1.147425,0.8605753,0.2170772
2023-03-30,AAPL,1.225824,-0.5066891,0.07281368
2023-03-30,JPM,1.01735,0.9236799,-0.1802347
2023-03-30,TSLA,1.051236,0.1524258,-1.109533
2023-03-30,XOM,1.148848,0.8592261,0.2160772
2023-03-31,AAPL,1.222092,-0.5043829,0.07012617
2023-03-31,JPM,1.018831,0.9218142,-0.1781845
2023-03-31,TSLA,1.086512,0.1266272,-1.078377
2023-03-31,XOM,1.141619,0.8647374,0.2091915
2023-04-03,AAPL,1.226636,-0.501121,0.07384619
2023-04-03,JPM,1.00823,0.9173919,-0.1865373
2023-04-03,TSLA,1.03226,0.1028513,-1.12208
2023-04-03,XOM,1.185382,0.8890384,0.2449897
2023-04-04,AAPL,1.229261,-0.5020189,0.08056842
2023-04-04,JPM,1.011928,0.9156031,-0.1771634
2023-04-04,TSLA,1.05238,0.09489552,-1.072491
2023-04-04,XOM,1.180619,0.8908001,0.2341581
2023-04-05,AAPL,1.228002,-0.5208631,0.09490853
2023-04-05,JPM,1.010614,0.8973264,-0.1630723
2023-04-05,TSLA,1.049063,0.0388878,-1.029649
2023-04-05,XOM,1.180758,0.8911811,0.2334312
2023-04-06,AAPL,1.2285,-0.5216065,0.09629094
2023-04-06,JPM,1.011215,0.8963012,-0.160726
2023-04-06,TSLA,1.050333,0.03937177,-1.019182
2023-04-06,XOM,1.183208,0.8896793,0.2462275
2023-04-10,AAPL,1.223933,-0.521083,0.07249358
2023-04-10,JPM,1.010937,0.8951423,-0.1612022
2023-04-10,TSLA,1.049492,0.04301089,-1.024995
2023-04-10,XOM,1.180211,0.8900689,0.2307577
2023-04-11,AAPL,1.224502,-0.5265883,0.07347373
2023-04-11,JPM,1.011161,0.8931595,-0.1605892
2023-04-11,TSLA,1.040815,0.07152972,-1.03819
2023-04-11,XOM,1.175957,0.8986012,0.2244212
2023-04-12,AAPL,1.22417,-0.5261896,0.07133952
2023-04-12,JPM,1.012504,0.8898343,-0.1546775
2023-04-12,TSLA,1.035649,0.08219207,-1.05737
2023-04-12,XOM,1.173593,0.9029972,0.2155081
2023-04-13,AAPL,1.236681,-0.548414,0.0816884
2023-04-13,JPM,1.013881,0.8880873,-0.1495086
2023-04-13,TSLA,1.037241,0.07859931,-1.057566
2023-04-13,XOM,1.174122,0.9013606,0.2155343
2023-04-14,AAPL,1.23489,-0.5465859,0.08187719
2023-04-14,JPM,1.035013,0.8830756,-0.1711388
2023-04-14,TSLA,1.038064,0.08066554,-1.060765
2023-04-14,XOM,1.173916,0.8993773,0.2174142
2023-04-17,AAPL,1.23455,-0.5472913,0.08108195
2023-04-17,JPM,1.034373,0.882179,-0.1667662
2023-04-17,TSLA,1.036483,0.07396971,-1.058078
2023-04-17,XOM,1.174923,0.9011613,0.2095611
2023-04-18,AAPL,1.236982,-0.5526171,0.0862334
2023-04-18,JPM,1.04691,0.8492105,-0.1340961
2023-04-18,TSLA,1.035754,0.07659304,-1.060895
2023-04-18,XOM,1.192442,0.8586697,0.2511451
2023-04-19,AAPL,1.231905,-0.5342516,0.07564663
2023-04-19,JPM,1.049089,0.8399363,-0.1291276
2023-04-19,TSLA,1.045979,0.03961969,-1.038399
2023-04-19,XOM,1.195468,0.8479816,0.2584003
2023-04-20,AAPL,1.232593,-0.5311859,0.07261522
2023-04-20,JPM,1.053211,0.8169578,-0.1021941
2023-04-20,TSLA,1.012553,0.2691822,-1.306213
2023-04-20,XOM,1.193221,0.8607692,0.2432227
2023-04-21,AAPL,1.236798,-0.5068463,0.06428631
2023-04-21,JPM,1.05252,0.8108311,-0.0998473
2023-04-21,TSLA,1.015378,0.252653,-1.297582
2023-04-21,XOM,1.193599,0.8412999,0.2517958
2023-04-24,AAPL,1.237258,-0.5069917,0.06455716
2023-04-24,JPM,1.050907,0.8086364,-0.09979848
2023-04-24,TSLA,1.013065,0.2423126,-1.295101
2023-04-24,XOM,1.197188,0.8443027,0.2525442
2023-04-25,AAPL,1.229569,-0.5140586,0.06451044
2023-04-25,JPM,1.055735,0.8173004,-0.1016078
2023-04-25,TSLA,0.971059,0.2387891,-1.311139
2023-04-25,XOM,1.202574,0.8433775,0.2552641
2023-04-26,AAPL,1.228027,-0.5157191,0.06416328
2023-04-26,JPM,1.064912,0.8241742,-0.09671366
2023-04-26,TSLA,1.008577,0.2778126,-1.29754
2023-04-26,XOM,1.199201,0.8419102,0.2529973
2023-04-27,AAPL,1.231406,-0.5123689,0.06098868
2023-04-27,JPM,1.048436,0.8157244,-0.08960234
2023-04-27,TSLA,1.045589,0.2894079,-1.305765
2023-04-27,XOM,1.174487,0.8315331,0.2612078
2023-04-28,AAPL,1.234091,-0.5146169,0.06243066
2023-04-28,JPM,1.046647,0.8143282,-0.09034046
2023-04-28,TSLA,1.071087,0.2942417,-1.292165
2023-04-28,XOM,1.179152,0.8296532,0.2638432
2023-05-01,AAPL,1.228052,-0.4952308,0.0408042
2023-05-01,JPM,1.08366,0.6867529,0.04766587
2023-05-01,TSLA,1.083854,0.2507496,-1.244467
2023-05-01,XOM,1.142643,0.9564448,0.1286021
2023-05-02,AAPL,1.228111,-0.4906081,0.03787375
2023-05-02,JPM,1.080751,0.6621712,0.0591654
2023-05-02,TSLA,1.07322,0.1559532,-1.19944
2023-05-02,XOM,1.150683,1.030323,0.09326661
2023-05-03,AAPL,1.226486,-0.4918201,0.03857249
2023-05-03,JPM,1.089782,0.6765924,0.04851327
2023-05-03,TSLA,1.06248,0.1420982,-1.190035
2023-05-03,XOM,1.14942,1.028203,0.09473843
2023-05-04,AAPL,1.228693,-0.4702973,0.02958563
2023-05-04,JPM,1.089032,0.6776483,0.04769186
2023-05-04,TSLA,1.04684,0.1004514,-1.177428
2023-05-04,XOM,1.149235,1.03101,0.09338443
2023-05-05,AAPL,1.258805,-0.3823673,-0.015741
2023-05-05,JPM,1.082329,0.6597232,0.0568345
2023-05-05,TSLA,1.068191,0.1609839,-1.208486
2023-05-05,XOM,1.146488,1.023456,0.09722103
2023-05-08,AAPL,1.260433,-0.381776,-0.01462186
2023-05-08,JPM,1.086604,0.6546742,0.06161113
2023-05-08,TSLA,1.058739,0.1630552,-1.215947
2023-05-08,XOM,1.131466,1.035399,0.0825544
2023-05-09,AAPL,1.260184,-0.377922,-0.02069403
2023-05-09,JPM,1.088738,0.649904,0.06472035
2023-05-09,TSLA,1.056087,0.1715558,-1.224823
2023-05-09,XOM,1.129335,1.037009,0.08339912
2023-05-10,AAPL,1.259414,-0.3768567,-0.0192719
2023-05-10,JPM,1.091521,0.6395804,0.07360501
2023-05-10,TSLA,1.048464,0.1953892,-1.240143
2023-05-10,XOM,1.126577,1.045843,0.07531823
2023-05-11,AAPL,1.255831,-0.3755669,-0.02341984
2023-05-11,JPM,1.092467,0.6393249,0.07558297
2023-05-11,TSLA,1.042028,0.1947053,-1.254675
2023-05-11,XOM,1.130409,1.046136,0.08523877
2023-05-12,AAPL,1.256858,-0.3788077,-0.02265297
2023-05-12,JPM,1.093431,0.6282316,0.07470177
2023-05-12,TSLA,1.039381,0.1891143,-1.258906
2023-05-12,XOM,1.125849,1.049828,0.08052826
2023-05-15,AAPL,1.259683,-0.3874879,-0.01741966
2023-05-15,JPM,1.091007,0.635826,0.07108068
2023-05-15,TSLA,1.054127,0.1506057,-1.231584
2023-05-15,XOM,1.125753,1.047818,0.08028572
2023-05-16,AAPL,1.258147,-0.3958552,-0.01226248
2023-05-16,JPM,1.089479,0.6312237,0.07346213
2023-05-16,TSLA,1.049086,0.1187306,-1.211844
2023-05-16,XOM,1.129081,1.071105,0.0657467
2023-05-17,AAPL,1.260491,-0.4172546,0.001204601
2023-05-17,JPM,1.091051,0.6740018,0.04873253
2023-05-17,TSLA,1.034694,0.1741227,-1.249262
2023-05-17,XOM,1.134898,1.058897,0.07490142
2023-05-18,AAPL,1.256413,-0.4160501,-0.001948532
2023-05-18,JPM,1.08791,0.6750884,0.04706211
2023-05-18,TSLA,1.038922,0.1714283,-1.247943
2023-05-18,XOM,1.137956,1.057861,0.07763343
2023-05-19,AAPL,1.256127,-0.415643,-0.002176195
2023-05-19,JPM,1.087759,0.6742739,0.04721655
2023-05-19,TSLA,1.041714,0.1474189,-1.238257
2023-05-19,XOM,1.138901,1.0506,0.08091277
2023-05-22,AAPL,1.257775,-0.4228192,0.003738223
2023-05-22,JPM,1.097746,0.6539567,0.0666777
2023-05-22,TSLA,0.9947335,0.1952635,-1.297689
2023-05-22,XOM,1.153837,1.039448,0.09712922
2023-05-23,AAPL,1.244216,-0.4037065,-0.01320045
2023-05-23,JPM,1.112925,0.6306733,0.0857235
2023-05-23,TSLA,1.048648,0.122812,-1.228063
2023-05-23,XOM,1.107628,1.104987,0.03908689
2023-05-24,AAPL,1.242984,-0.4109421,-0.005022433
2023-05-24,JPM,1.11344,0.6332605,0.08339043
2023-05-24,TSLA,1.046742,0.1167984,-1.223677
2023-05-24,XOM,1.103734,1.085008,0.05892782
2023-05-25,AAPL,1.219281,-0.3749871,-0.04129643
2023-05-25,JPM,1.110535,0.6376632,0.07878897
2023-05-25,TSLA,1.097538,0.03422855,-1.140403
2023-05-25,XOM,1.059815,1.151958,-0.008863663
2023-05-26,AAPL,1.209558,-0.3672812,-0.04553262
2023-05-26,JPM,1.110841,0.6372507,0.07926521
2023-05-26,TSLA,1.128601,0.00804841,-1.129305
2023-05-26,XOM,1.042809,1.165396,-0.01555993
2023-05-30,AAPL,1.205689,-0.3676405,-0.05386875
2023-05-30,JPM,1.108665,0.6356944,0.07441368
2023-05-30,TSLA,1.111684,0.006899036,-1.16694
2023-05-30,XOM,1.044045,1.167166,-0.01177727
2023-05-31,AAPL,1.204642,-0.3718824,-0.05372485
2023-05-31,JPM,1.108292,0.6365746,0.07554606
2023-05-31,TSLA,1.09793,-0.04288502,-1.151496
2023-05-31,XOM,1.04385,1.164901,-0.01269853
2023-06-01,AAPL,1.210873,-0.3740257,-0.04924883
2023-06-01,JPM,1.110151,0.6375985,0.07726003
2023-06-01,TSLA,1.107145,-0.04322354,-1.14429
2023-06-01,XOM,1.045133,1.165042,-0.01143057
2023-06-02,AAPL,1.207896,-0.3819934,-0.04712162
2023-06-02,JPM,1.106352,0.6144703,0.08107897
2023-06-02,TSLA,1.099844,-0.04140268,-1.140231
2023-06-02,XOM,1.043165,1.132242,-0.007737456
2023-06-05,AAPL,1.205934,-0.3677145,-0.04200237
2023-06-05,JPM,1.105666,0.6211612,0.08272444
2023-06-05,TSLA,1.102325,-0.0659597,-1.147949
2023-06-05,XOM,1.043391,1.131674,-0.00859932
2023-06-06,AAPL,1.198216,-0.3500202,-0.04839701
2023-06-06,JPM,1.116216,0.5956253,0.09172801
2023-06-06,TSLA,1.106,-0.07452127,-1.144501
2023-06-06,XOM,1.043635,1.123134,-0.009602279
2023-06-07,AAPL,1.181677,-0.3111971,-0.07226458
2023-06-07,JPM,1.110247,0.6083953,0.08342025
2023-06-07,TSLA,1.097138,-0.05112427,-1.157569
2023-06-07,XOM,1.035517,1.148821,-0.02233406
2023-06-08,AAPL,1.183571,-0.3157734,-0.06900904
2023-06-08,JPM,1.109033,0.6107432,0.08160383
2023-06-08,TSLA,1.149898,-0.1255742,-1.106681
2023-06-08,XOM,1.036767,1.146745,-0.02102219
2023-06-09,AAPL,1.183034,-0.3154236,-0.06703312
2023-06-09,JPM,1.106101,0.6098158,0.08243959
2023-06-09,TSLA,1.159108,-0.1285562,-1.134541
2023-06-09,XOM,1.036513,1.147365,-0.01677459
2023-06-12,AAPL,1.184905,-0.314219,-0.06769381
2023-06-12,JPM,1.10473,0.6157253,0.07822912
2023-06-12,TSLA,1.16686,-0.1440061,-1.123293
2023-06-12,XOM,1.028811,1.154482,-0.02230941
2023-06-13,AAPL,1.183257,-0.3208264,-0.06068245
2023-06-13,JPM,1.104273,0.615316,0.07906028
2023-06-13,TSLA,1.169365,-0.134659,-1.134785
2023-06-13,XOM,1.027673,1.149974,-0.01762446
2023-06-14,AAPL,1.181191,-0.3170462,-0.06435952
2023-06-14,JPM,1.103137,0.6171919,0.07847147
2023-06-14,TSLA,1.167889,-0.1318567,-1.135831
2023-06-14,XOM,1.023585,1.157584,-0.02517821
2023-06-15,AAPL,1.173153,-0.32289,-0.05929134
2023-06-15,JPM,1.10279,0.6126031,0.08517382
2023-06-15,TSLA,1.119822,-0.1622432,-1.112944
2023-06-15,XOM,1.009728,1.147485,-0.01680517
2023-06-16,AAPL,1.17641,-0.3269251,-0.05176278
2023-06-16,JPM,1.099614,0.6195333,0.07729127
2023-06-16,TSLA,1.100627,-0.1495777,-1.150814
2023-06-16,XOM,1.016002,1.131253,0.0005864439
2023-06-20,AAPL,1.172836,-0.3362208,-0.04252442
2023-06-20,JPM,1.099139,0.6128066,0.08534429
2023-06-20,TSLA,1.049503,-0.2607414,-1.047885
2023-06-20,XOM,1.011534,1.146097,-0.02142702
2023-06-21,AAPL,1.171965,-0.3365395,-0.03869949
2023-06-21,JPM,1.099749,0.6135656,0.08521387
2023-06-21,TSLA,1.044973,-0.2717984,-1.112503
2023-06-21,XOM,1.010241,1.146194,-0.004780501
2023-06-22,AAPL,1.175747,-0.3479711,-0.03464116
2023-06-22,JPM,1.086844,0.646379,0.07169066
2023-06-22,TSLA,1.049492,-0.3168158,-1.111445
2023-06-22,XOM,1.012506,1.142717,-0.001708528
2023-06-23,AAPL,1.172219,-0.3435617,-0.04237613
2023-06-23,JPM,1.085616,0.6475778,0.06929152
2023-06-23,TSLA,1.077727,-0.3303797,-1.080107
2023-06-23,XOM,1.020491,1.141031,0.00376634
2023-06-26,AAPL,1.170934,-0.3430819,-0.04569446
2023-06-26,JPM,1.088226,0.6434244,0.07715037
2023-06-26,TSLA,1.142515,-0.5053379,-0.9220511
2023-06-26,XOM,1.011533,1.16008,-0.0186506
2023-06-27,AAPL,1.171051,-0.3435155,-0.04584104
2023-06-27,JPM,1.073501,0.6503126,0.06481152
2023-06-27,TSLA,1.168168,-0.5191128,-0.9018462
2023-06-27,XOM,1.00868,1.15862,-0.02407112
2023-06-28,AAPL,1.17092,-0.3488771,-0.03694633
2023-06-28,JPM,1.073489,0.6526701,0.06206857
2023-06-28,TSLA,1.166691,-0.5439438,-0.8707596
2023-06-28,XOM,1.007397,1.140834,-0.002881534
2023-06-29,AAPL,1.170497,-0.3485938,-0.03639325
2023-06-29,JPM,1.081756,0.6882352,0.0634101
2023-06-29,TSLA,1.165934,-0.5461936,-0.8706459
2023-06-29,XOM,1.006363,1.140074,-0.001225884
2023-06-30,AAPL,1.180093,-0.3532877,-0.02859958
2023-06-30,JPM,1.092753,0.6829512,0.0719648
2023-06-30,TSLA,1.178541,-0.5509291,-0.8622685
2023-06-30,XOM,1.004426,1.1398,-0.001415047
2023-07-03,AAPL,1.18469,-0.3691209,-0.009835751
2023-07-03,JPM,1.096957,0.6847265,0.07910153
2023-07-03,TSLA,1.137877,-0.4070197,-1.026886
2023-07-03,XOM,1.012202,1.110496,0.03151156
2023-07-05,AAPL,1.188122,-0.3708586,0.002184369
2023-07-05,JPM,1.098717,0.6833924,0.08517262
2023-07-05,TSLA,1.134013,-0.4055505,-1.039858
2023-07-05,XOM,1.013797,1.108817,0.03639136
2023-07-06,AAPL,1.175737,-0.3803389,-0.0007443156
2023-07-06,JPM,1.092748,0.6806798,0.08316218
2023-07-06,TSLA,1.148279,-0.3910089,-1.037384
2023-07-06,XOM,1.041314,1.13541,0.04133522
2023-07-07,AAPL,1.173014,-0.3747654,-0.002325197
2023-07-07,JPM,1.090998,0.6838417,0.0825135
2023-07-07,TSLA,1.15695,-0.4102208,-1.034443
2023-07-07,XOM,1.046443,1.123325,0.04382536
2023-07-10,AAPL,1.165903,-0.3646758,-0.0365164
2023-07-10,JPM,1.091922,0.6838883,0.08863705
2023-07-10,TSLA,1.146373,-0.3918402,-1.08545
2023-07-10,XOM,1.05523,1.111425,0.08896083
2023-07-11,AAPL,1.160988,-0.3808012,-0.02342937
2023-07-11,JPM,1.095158,0.6887748,0.08493676
2023-07-11,TSLA,1.134427,-0.4163332,-1.066492
2023-07-11,XOM,1.053626,1.110492,0.0892237
2023-07-12,AAPL,1.164296,-0.3783751,-0.02106696
2023-07-12,JPM,1.086163,0.6827022,0.0787814
2023-07-12,TSLA,1.136133,-0.4148264,-1.066151
2023-07-12,XOM,1.044982,1.104818,0.08236553
2023-07-13,AAPL,1.154027,-0.3760159,-0.02953727
2023-07-13,JPM,1.077218,0.6800925,0.07433156
2023-07-13,TSLA,1.152343,-0.4141851,-1.055209
2023-07-13,XOM,1.004322,1.104812,0.0544183
2023-07-14,AAPL,1.155964,-0.3660291,-0.03458133
2023-07-14,JPM,1.070663,0.6318391,0.09949209
2023-07-14,TSLA,1.153312,-0.4508939,-1.034219
2023-07-14,XOM,1.008155,1.149004,0.030627
2023-07-17,AAPL,1.169528,-0.3795992,0.005003801
2023-07-17,JPM,1.090211,0.6121613,0.156029
2023-07-17,TSLA,1.188939,-0.4870029,-0.936921
2023-07-17,XOM,1.013822,1.142459,0.04474277
2023-07-18,AAPL,1.164347,-0.3931076,0.008550487
2023-07-18,JPM,1.076867,0.5819646,0.163711
2023-07-18,TSLA,1.1936,-0.490025,-0.9353177
2023-07-18,XOM,0.9895152,1.090547,0.05791035
2023-07-19,AAPL,1.157563,-0.3675375,-0.02176252
2023-07-19,JPM,1.080336,0.5686146,0.1800505
2023-07-19,TSLA,1.208607,-0.5616982,-0.857929
2023-07-19,XOM,0.9975458,1.06821,0.09025192
2023-07-20,AAPL,1.158549,-0.3689823,-0.02060202
2023-07-20,JPM,1.059734,0.5895765,0.1572685
2023-07-20,TSLA,1.312607,-0.660925,-0.7351862
2023-07-20,XOM,0.9751935,1.089624,0.06461991
2023-07-21,AAPL,1.16456,-0.3682718,-0.007100729
2023-07-21,JPM,1.063276,0.5909678,0.1661479
2023-07-21,TSLA,1.325594,-0.6628595,-0.7090317
2023-07-21,XOM,0.968552,1.089557,0.05133325
2023-07-24,AAPL,1.165453,-0.364478,-0.008644434
2023-07-24,JPM,1.068377,0.6109213,0.1559603
2023-07-24,TSLA,1.335597,-0.611715,-0.7448611
2023-07-24,XOM,0.9683073,1.094302,0.04484453
2023-07-25,AAPL,1.164082,-0.3625416,-0.01400214
2023-07-25,JPM,1.060845,0.6227771,0.1423722
2023-07-25,TSLA,1.321988,-0.5893618,-0.7771828
2023-07-25,XOM,0.9739575,1.084254,0.05926012
2023-07-26,AAPL,1.151825,-0.3457615,-0.03459378
2023-07-26,JPM,1.060075,0.6238793,0.1404182
2023-07-26,TSLA,1.3377,-0.611602,-0.7497806
2023-07-26,XOM,0.9888285,1.06109,0.08843091
2023-07-27,AAPL,1.153002,-0.3468495,-0.03397693
2023-07-27,JPM,1.064025,0.6185071,0.1403244
2023-07-27,TSLA,1.342562,-0.6186828,-0.7506676
2023-07-27,XOM,0.9859125,1.063907,0.08816537
2023-07-28,AAPL,1.152022,-0.348576,-0.03150509
2023-07-28,JPM,1.054196,0.623134,0.1256606
2023-07-28,TSLA,1.387529,-0.6373227,-0.6885085
2023-07-28,XOM,0.947034,1.071531,0.04900623
2023-07-31,AAPL,1.150794,-0.3500684,-0.02829787
2023-07-31,JPM,1.052521,0.620825,0.1301801
2023-07-31,TSLA,1.38847,-0.6346493,-0.6952022
2023-07-31,XOM,0.9374902,1.054912,0.08697778
2023-08-01,AAPL,1.149615,-0.3511465,-0.02888043
2023-08-01,JPM,1.053208,0.6181248,0.126944
2023-08-01,TSLA,1.390561,-0.6408981,-0.7030183
2023-08-01,XOM,0.9413216,1.05444,0.08417089
2023-08-02,AAPL,1.142796,-0.3474973,-0.03068074
2023-08-02,JPM,1.053034,0.6191564,0.1283105
2023-08-02,TSLA,1.402998,-0.6497733,-0.7019479
2023-08-02,XOM,0.9533127,1.047605,0.08761011
2023-08-03,AAPL,1.143676,-0.3490033,-0.03167352
2023-08-03,JPM,1.050899,0.6198025,0.1288612
2023-08-03,TSLA,1.392842,-0.6505192,-0.7013534
2023-08-03,XOM,0.9447805,1.045751,0.08758505
2023-08-04,AAPL,1.185559,-0.3999577,0.01272993
2023-08-04,JPM,1.054416,0.6173254,0.1302937
2023-08-04,TSLA,1.404009,-0.6695075,-0.6835642
2023-08-04,XOM,0.9454346,1.045679,0.08709678
2023-08-07,AAPL,1.124162,-0.4450157,0.01439252
2023-08-07,JPM,1.032928,0.6017917,0.1304579
2023-08-07,TSLA,1.380082,-0.6868323,-0.6830094
2023-08-07,XOM,0.9050281,1.015572,0.08848602
2023-08-08,AAPL,1.11419,-0.447584,0.01697966
2023-08-08,JPM,1.035096,0.6017672,0.1293059
2023-08-08,TSLA,1.376136,-0.6917931,-0.6851146
2023-08-08,XOM,0.8993254,1.01584,0.0914393
2023-08-09,AAPL,1.115028,-0.4480262,0.01671728
2023-08-09,JPM,1.043651,0.6047331,0.1371996
2023-08-09,TSLA,1.416025,-0.6904765,-0.6660526
2023-08-09,XOM,0.8564834,1.01109,0.06682744
2023-08-10,AAPL,1.116161,-0.4437189,0.01992479
2023-08-10,JPM,1.042612,0.6020074,0.1355864
2023-08-10,TSLA,1.414022,-0.6958717,-0.6706672
2023-08-10,XOM,0.8520199,0.9971591,0.05809006
2023-08-11,AAPL,1.114474,-0.4405879,0.01819038
2023-08-11,JPM,1.040609,0.6048646,0.1338324
2023-08-11,TSLA,1.41629,-0.7025783,-0.6671209
2023-08-11,XOM,0.8469145,1.006507,0.05285373
2023-08-14,AAPL,1.112959,-0.4396673,0.01674051
2023-08-14,JPM,1.038499,0.6060447,0.1317338
2023-08-14,TSLA,1.391211,-0.6844055,-0.6940577
2023-08-14,XOM,0.8506737,1.002824,0.05722809
2023-08-15,AAPL,1.117235,-0.4341402,0.01330336
2023-08-15,JPM,1.056308,0.6277187,0.1180577
2023-08-15,TSLA,1.416629,-0.6530846,-0.7130931
2023-08-15,XOM,0.8630747,1.018509,0.04838179
2023-08-16,AAPL,1.111565,-0.4371284,0.00659552
2023-08-16,JPM,1.049559,0.6274073,0.113865
2023-08-16,TSLA,1.447993,-0.6511111,-0.6919046
2023-08-16,XOM,0.8774093,1.020438,0.05955828
2023-08-17,AAPL,1.117759,-0.4397169,0.01536375
2023-08-17,JPM,1.05877,0.6241986,0.1272721
2023-08-17,TSLA,1.485866,-0.6681617,-0.6403859
2023-08-17,XOM,0.8317747,1.03917,-0.002748198
2023-08-18,AAPL,1.117838,-0.4411178,0.01760702
2023-08-18,JPM,1.058237,0.6248988,0.1319172
2023-08-18,TSLA,1.484503,-0.6616298,-0.6676991
2023-08-18,XOM,0.8332888,1.030165,0.02108494
2023-08-21,AAPL,1.113406,-0.4391986,0.01573996
2023-08-21,JPM,1.056087,0.62557,0.1310087
2023-08-21,TSLA,1.588169,-0.7030324,-0.6324426
2023-08-21,XOM,0.814864,1.038257,0.01277875
2023-08-22,AAPL,1.107583,-0.4541159,0.0223284
2023-08-22,JPM,1.065259,0.6511209,0.1197509
2023-08-22,TSLA,1.581857,-0.7203342,-0.6254435
2023-08-22,XOM,0.8091745,1.021584,0.01897678
2023-08-23,AAPL,1.128975,-0.4527354,0.03910371
2023-08-23,JPM,1.051689,0.6501505,0.1092997
2023-08-23,TSLA,1.586611,-0.7208607,-0.6218731
2023-08-23,XOM,0.7685521,1.018949,-0.01251706
2023-08-24,AAPL,1.147343,-0.4591524,0.05005016
2023-08-24,JPM,1.027188,0.6578843,0.09550459
2023-08-24,TSLA,1.598386,-0.7227856,-0.6174621
2023-08-24,XOM,0.7780044,1.015726,-0.007317472
2023-08-25,AAPL,1.150743,-0.4620646,0.04820052
2023-08-25,JPM,1.020914,0.6625996,0.09835587
2023-08-25,TSLA,1.624127,-0.7437157,-0.6300124
2023-08-25,XOM,0.7894245,1.002524,-0.01631698
2023-08-28,AAPL,1.154759,-0.4581187,0.04991416
2023-08-28,JPM,1.012246,0.6553479,0.09489129
2023-08-28,TSLA,1.61634,-0.7505427,-0.6332021
2023-08-28,XOM,0.7882615,0.9996963,-0.01715237
2023-08-29,AAPL,1.164049,-0.4569645,0.05290646
2023-08-29,JPM,0.9959906,0.6534257,0.09029945
2023-08-29,TSLA,1.744751,-0.735137,-0.5891927
2023-08-29,XOM,0.7705917,0.9969198,-0.02573163
2023-08-30,AAPL,1.170417,-0.4668755,0.06661644
2023-08-30,JPM,0.9928313,0.6582456,0.08362748
2023-08-30,TSLA,1.738038,-0.7262766,-0.6018385
2023-08-30,XOM,0.7768378,0.9882072,-0.01336825
2023-08-31,AAPL,1.170229,-0.4654015,0.06689525
2023-08-31,JPM,0.9919172,0.6504636,0.08255446
2023-08-31,TSLA,1.737931,-0.7214761,-0.6007005
2023-08-31,XOM,0.7770098,0.9880197,-0.01422937
2023-09-01,AAPL,1.173638,-0.4569212,0.07845143
2023-09-01,JPM,0.9899065,0.6471778,0.07777745
2023-09-01,TSLA,1.716271,-0.7746947,-0.6726673
2023-09-01,XOM,0.7833674,0.999878,0.003791961
2023-09-05,AAPL,1.170904,-0.4601593,0.07288051
2023-09-05,JPM,0.9906595,0.6482764,0.07927442
2023-09-05,TSLA,1.67484,-0.8296613,-0.7754407
2023-09-05,XOM,0.773187,0.986285,-0.02074801
2023-09-06,AAPL,1.203458,-0.4463198,0.0446896
2023-09-06,JPM,0.9834283,0.6465725,0.08532524
2023-09-06,TSLA,1.679556,-0.8317304,-0.7800679
2023-09-06,XOM,0.7577068,0.9763354,-0.007988592
2023-09-07,AAPL,1.214539,-0.4528698,0.05650682
2023-09-07,JPM,0.9848265,0.6448231,0.09002332
2023-09-07,TSLA,1.677618,-0.8304162,-0.7829343
2023-09-07,XOM,0.7590436,0.9750141,-0.005592665
2023-09-08,AAPL,1.21682,-0.4486407,0.05504877
2023-09-08,JPM,0.9831554,0.6401858,0.09098077
2023-09-08,TSLA,1.670324,-0.8445033,-0.7787523
2023-09-08,XOM,0.762986,0.9845021,-0.008228576
2023-09-11,AAPL,1.21127,-0.4463132,0.0564101
2023-09-11,JPM,0.9838104,0.6391529,0.08985872
2023-09-11,TSLA,1.737984,-0.8955902,-0.8358085
2023-09-11,XOM,0.7505918,0.9931828,0.001581032
2023-09-12,AAPL,1.216246,-0.4563893,0.06526575
2023-09-12,JPM,0.9677778,0.6652466,0.06725078
2023-09-12,TSLA,1.773043,-0.9226184,-0.818277
2023-09-12,XOM,0.7224,1.039284,-0.03815715
2023-09-13,AAPL,1.210013,-0.4560115,0.06889684
2023-09-13,JPM,0.9680496,0.6648998,0.06734496
2023-09-13,TSLA,1.775632,-0.9219338,-0.8229389
2023-09-13,XOM,0.7168507,1.039799,-0.03695909
2023-09-14,AAPL,1.214418,-0.4488445,0.06856206
2023-09-14,JPM,0.9783254,0.6747179,0.06767485
2023-09-14,TSLA,1.788131,-0.9097767,-0.8223356
2023-09-14,XOM,0.7155501,1.044382,-0.03795219
2023-09-15,AAPL,1.179632,-0.4476844,0.04783239
2023-09-15,JPM,0.9583461,0.6758334,0.05654572
2023-09-15,TSLA,1.756026,-0.9115413,-0.8443463
2023-09-15,XOM,0.7444286,1.044867,-0.01877873
2023-09-18,AAPL,1.191271,-0.4506156,0.07168542
2023-09-18,JPM,0.9603124,0.67581,0.06016179
2023-09-18,TSLA,1.729669,-0.911201,-0.8900052
2023-09-18,XOM,0.7531465,1.045338,-0.003977043
2023-09-19,AAPL,1.188006,-0.4501577,0.06569798
2023-09-19,JPM,0.9588603,0.6754543,0.0608603
2023-09-19,TSLA,1.727866,-0.9106563,-0.8949248
2023-09-19,XOM,0.7540604,1.045033,-0.003157402
2023-09-20,AAPL,1.202231,-0.4524159,0.07484643
2023-09-20,JPM,0.9508567,0.6756064,0.05791768
2023-09-20,TSLA,1.731003,-0.9105459,-0.8938327
2023-09-20,XOM,0.7626461,1.043026,0.00312966
2023-09-21,AAPL,1.161283,-0.4506221,0.06774377
2023-09-21,JPM,0.9353491,0.6765515,0.0559389
2023-09-21,TSLA,1.712452,-0.9090823,-0.8960885
2023-09-21,XOM,0.7816375,1.04187,0.006361875
2023-09-22,AAPL,1.160111,-0.4561088,0.07468514
2023-09-22,JPM,0.9376851,0.6827486,0.05001389
2023-09-22,TSLA,1.717589,-0.8683089,-0.9494743
2023-09-22,XOM,0.7715289,1.028634,0.01110453
2023-09-25,AAPL,1.164816,-0.4511182,0.0756832
2023-09-25,JPM,0.9349643,0.6800396,0.04970023
2023-09-25,TSLA,1.723867,-0.8615728,-0.9485673
2023-09-25,XOM,0.7739655,1.03087,0.01291612
2023-09-26,AAPL,1.189988,-0.4354814,0.07139118
2023-09-26,JPM,0.9181624,0.6696411,0.05238444
2023-09-26,TSLA,1.687562,-0.8812035,-0.9428955
2023-09-26,XOM,0.7268189,1.005727,0.01992227
2023-09-27,AAPL,1.189368,-0.4364542,0.03904791
2023-09-27,JPM,0.9190055,0.6695501,0.0601814
2023-09-27,TSLA,1.689771,-0.8819276,-0.958264
2023-09-27,XOM,0.7400402,1.006472,0.1063359
2023-09-28,AAPL,1.178076,-0.4360453,0.03317954
2023-09-28,JPM,0.9246819,0.6710653,0.0653666
2023-09-28,TSLA,1.706232,-0.8763324,-0.9426014
2023-09-28,XOM,0.7231563,1.002639,0.09291651
2023-09-29,AAPL,1.169097,-0.4303108,0.01834686
2023-09-29,JPM,0.9389635,0.6585595,0.09850777
2023-09-29,TSLA,1.697657,-0.8670996,-0.9676441
2023-09-29,XOM,0.7372922,0.9896474,0.1273366
2023-10-02,AAPL,1.172773,-0.45153,0.03459417
2023-10-02,JPM,0.9371627,0.662247,0.09502894
2023-10-02,TSLA,1.737945,-0.8626394,-0.9505853
2023-10-02,XOM,0.7258637,1.000736,0.114083
2023-10-03,AAPL,1.149262,-0.4564001,0.01263252
2023-10-03,JPM,0.9094099,0.6568747,0.07928367
2023-10-03,TSLA,1.766671,-0.857721,-0.9440921
2023-10-03,XOM,0.6813742,0.9918241,0.08404069
2023-10-04,AAPL,1.141911,-0.4549115,0.005477794
2023-10-04,JPM,0.9064452,0.6574119,0.07687338
2023-10-04,TSLA,1.855466,-0.8756863,-0.8554988
2023-10-04,XOM,0.606245,1.006524,0.009125387
2023-10-05,AAPL,1.137622,-0.453763,0.005232919
2023-10-05,JPM,0.902814,0.657506,0.07691157
2023-10-05,TSLA,1.857115,-0.8758174,-0.8553819
2023-10-05,XOM,0.6204223,1.004011,0.009082704
2023-10-06,AAPL,1.132612,-0.4528087,0.001596519
2023-10-06,JPM,0.9178597,0.6541697,0.08780142
2023-10-06,TSLA,1.805967,-0.8647509,-0.8907026
2023-10-06,XOM,0.5716999,1.01794,-0.01783646
2023-10-09,AAPL,1.136029,-0.4517161,-0.0001607685
2023-10-09,JPM,0.9038332,0.6442303,0.08804098
2023-10-09,TSLA,1.788666,-0.8817908,-0.895731
2023-10-09,XOM,0.6082475,1.049595,-0.01220362
2023-10-10,AAPL,1.128692,-0.463933,0.004996411
2023-10-10,JPM,0.8983973,0.6384347,0.09383643
2023-10-10,TSLA,1.791305,-0.8758757,-0.8973675
2023-10-10,XOM,0.5927358,1.023756,-0.0004183207
2023-10-11,AAPL,1.134402,-0.4570273,0.008149096
2023-10-11,JPM,0.8954033,0.634122,0.09296722
2023-10-11,TSLA,1.787398,-0.879878,-0.8990907
2023-10-11,XOM,0.5414371,0.9650318,-0.0281314
2023-10-12,AAPL,1.121505,-0.4521165,-0.008545776
2023-10-12,JPM,0.885053,0.6301524,0.08560917
2023-10-12,TSLA,1.791456,-0.8805561,-0.8938158
2023-10-12,XOM,0.5357183,0.9656989,-0.03456824
2023-10-13,AAPL,1.126753,-0.4526762,0.001042194
2023-10-13,JPM,0.8674888,0.6287207,0.04394099
2023-10-13,TSLA,1.821367,-0.8823212,-0.8352747
2023-10-13,XOM,0.4900955,0.9736325,-0.1038263
2023-10-16,AAPL,1.107136,-0.4524713,-0.005900857
2023-10-16,JPM,0.8443446,0.6340303,0.04173799
2023-10-16,TSLA,1.802026,-0.8821509,-0.8420722
2023-10-16,XOM,0.4797412,0.975804,-0.1047819
2023-10-17,AAPL,1.109229,-0.4589147,-0.004796655
2023-10-17,JPM,0.8451097,0.6231375,0.04352843
2023-10-17,TSLA,1.802866,-0.8763855,-0.842888
2023-10-17,XOM,0.4784213,0.9818257,-0.1058735
2023-10-18,AAPL,1.093207,-0.4653512,-0.01028708
2023-10-18,JPM,0.8417596,0.6263428,0.04558028
2023-10-18,TSLA,1.858341,-0.8712045,-0.8355362
2023-10-18,XOM,0.424021,0.9631515,-0.1219904
2023-10-19,AAPL,1.084536,-0.4684203,-0.01517104
2023-10-19,JPM,0.8359403,0.6241704,0.04247152
2023-10-19,TSLA,1.976859,-0.8274814,-0.7677362
2023-10-19,XOM,0.4158654,0.9600249,-0.1264178
2023-10-20,AAPL,1.086244,-0.4676648,-0.01585801
2023-10-20,JPM,0.839495,0.6257765,0.03747352
2023-10-20,TSLA,1.999732,-0.8198941,-0.7714436
2023-10-20,XOM,0.4392191,0.9675063,-0.1323082
2023-10-23,AAPL,1.085551,-0.4660897,-0.01771802
2023-10-23,JPM,0.8427189,0.6413216,0.02734062
2023-10-23,TSLA,2.002505,-0.8258891,-0.7622342
2023-10-23,XOM,0.4405426,0.9780183,-0.1402627
2023-10-24,AAPL,1.076029,-0.4577691,-0.0313084
2023-10-24,JPM,0.8402938,0.6430215,0.02402358
2023-10-24,TSLA,2.010495,-0.83711,-0.7562605
2023-10-24,XOM,0.4317553,0.9854009,-0.1528943
2023-10-25,AAPL,1.059511,-0.4463428,-0.04328016
2023-10-25,JPM,0.8363126,0.6444154,0.01955397
2023-10-25,TSLA,1.977013,-0.817762,-0.7869915
2023-10-25,XOM,0.4361503,0.9815736,-0.1501517
2023-10-26,AAPL,1.0663,-0.4541488,-0.0352279
2023-10-26,JPM,0.8324857,0.6490834,0.01636527
2023-10-26,TSLA,1.989256,-0.8378477,-0.7794156
2023-10-26,XOM,0.4848107,0.9136032,-0.1090454
2023-10-27,AAPL,1.048976,-0.4665532,-0.01200596
2023-10-27,JPM,0.8488919,0.6814765,-0.05263366
2023-10-27,TSLA,1.984227,-0.8643087,-0.7204357
2023-10-27,XOM,0.4850616,0.9243735,-0.1339655
2023-10-30,AAPL,1.049798,-0.465404,-0.0114335
2023-10-30,JPM,0.849924,0.68199,-0.05249024
2023-10-30,TSLA,1.813458,-0.968712,-0.7435495
2023-10-30,XOM,0.4709449,0.9158422,-0.1355537
2023-10-31,AAPL,1.04538,-0.4641786,-0.007649245
2023-10-31,JPM,0.8562819,0.6799109,-0.05841113
2023-10-31,TSLA,1.814947,-0.9700663,-0.7448928
2023-10-31,XOM,0.4674793,0.9152375,-0.1324352
2023-11-01,AAPL,1.061711,-0.4548715,0.01441348
2023-11-01,JPM,0.836128,0.6695259,-0.08383722
2023-11-01,TSLA,1.867326,-0.9533476,-0.6896104
2023-11-01,XOM,0.4533058,0.9149602,-0.1419647
2023-11-02,AAPL,1.085981,-0.4197192,0.008635739
2023-11-02,JPM,0.8054129,0.6295546,-0.07562287
2023-11-02,TSLA,1.974164,-0.8220531,-0.7204954
2023-11-02,XOM,0.4792472,0.9451027,-0.1498754
2023-11-03,AAPL,1.079381,-0.4236555,0.007062768
2023-11-03,JPM,0.8030245,0.6266455,-0.07619345
2023-11-03,TSLA,1.967497,-0.8223679,-0.7219153
2023-11-03,XOM,0.4623417,0.9321239,-0.1540592
2023-11-06,AAPL,1.085022,-0.4289548,0.01324636
2023-11-06,JPM,0.8109189,0.6188666,-0.06764376
2023-11-06,TSLA,1.972343,-0.8134207,-0.7222945
2023-11-06,XOM,0.4538929,0.9405644,-0.1632777
2023-11-07,AAPL,1.086855,-0.4424222,0.01882202
2023-11-07,JPM,0.8124824,0.6063773,-0.06243278
2023-11-07,TSLA,1.974968,-0.8197712,-0.7227212
2023-11-07,XOM,0.4520277,0.9517573,-0.1680001
2023-11-08,AAPL,1.085488,-0.441804,0.02112218
2023-11-08,JPM,0.8162118,0.6033874,-0.05484999
2023-11-08,TSLA,1.974325,-0.819693,-0.7176688
2023-11-08,XOM,0.4421204,0.9574239,-0.1700047
2023-11-09,AAPL,1.074067,-0.4211766,0.03922626
2023-11-09,JPM,0.8113087,0.6099194,-0.04672007
2023-11-09,TSLA,2.034637,-0.9312486,-0.8154601
2023-11-09,XOM,0.4377392,0.9628659,-0.1625405
2023-11-10,AAPL,1.080862,-0.4194918,0.04722974
2023-11-10,JPM,0.8255676,0.6092533,-0.03883525
2023-11-10,TSLA,2.028444,-0.9415667,-0.8425624
2023-11-10,XOM,0.4562189,0.9705085,-0.1332062
2023-11-13,AAPL,1.083513,-0.4130489,0.04278201
2023-11-13,JPM,0.8258478,0.6111686,-0.03922447
2023-11-13,TSLA,2.01531,-0.972145,-0.8233126
2023-11-13,XOM,0.4519779,0.9597154,-0.1272751
2023-11-14,AAPL,1.093666,-0.4056004,0.04340326
2023-11-14,JPM,0.8202735,0.6051002,-0.04137828
2023-11-14,TSLA,2.033152,-0.9636802,-0.8263884
2023-11-14,XOM,0.4290646,0.9450942,-0.1268357
2023-11-15,AAPL,1.093901,-0.4035776,0.03297585
2023-11-15,JPM,0.8206839,0.6058126,-0.05331369
2023-11-15,TSLA,2.034542,-0.9598608,-0.8613239
2023-11-15,XOM,0.4267184,0.9390263,-0.08126071
2023-11-16,AAPL,1.096624,-0.4045711,0.03045345
2023-11-16,JPM,0.8294171,0.610292,-0.05119282
2023-11-16,TSLA,2.010929,-0.9712185,-0.865911
2023-11-16,XOM,0.4190118,0.9354372,-0.08218778
2023-11-17,AAPL,1.095573,-0.4020387,0.03168687
2023-11-17,JPM,0.8274448,0.6136684,-0.05047252
2023-11-17,TSLA,2.0121,-0.9726259,-0.8648338
2023-11-17,XOM,0.4131316,0.9525812,-0.0738281
2023-11-20,AAPL,1.094446,-0.398901,0.03405172
2023-11-20,JPM,0.8255193,0.6155504,-0.05039082
2023-11-20,TSLA,2.002195,-0.9626681,-0.8665345
2023-11-20,XOM,0.4083335,0.9569001,-0.07488861
2023-11-21,AAPL,1.095571,-0.3923643,0.03283172
2023-11-21,JPM,0.8248628,0.61281,-0.04990827
2023-11-21,TSLA,1.997425,-0.9918795,-0.8605392
2023-11-21,XOM,0.403854,0.948038,-0.07323848
2023-11-22,AAPL,1.094679,-0.3927418,0.03201268
2023-11-22,JPM,0.8236438,0.6148762,-0.04717838
2023-11-22,TSLA,1.974437,-0.9728681,-0.8439234
2023-11-22,XOM,0.4009904,0.9491882,-0.0723501
2023-11-24,AAPL,1.096592,-0.3910605,0.03329947
2023-11-24,JPM,0.8234355,0.6146405,-0.04718164
2023-11-24,TSLA,1.973629,-0.973249,-0.8444526
2023-11-24,XOM,0.3990955,0.949141,-0.07115608
2023-11-27,AAPL,1.094435,-0.3911872,0.03442163
2023-11-27,JPM,0.8226219,0.6142987,-0.04716088
2023-11-27,TSLA,1.973431,-0.9708922,-0.8274008
2023-11-27,XOM,0.3970933,0.9480542,-0.07482377
2023-11-28,AAPL,1.094187,-0.3885712,0.03295922
2023-11-28,JPM,0.8225696,0.6120208,-0.04873796
2023-11-28,TSLA,1.977379,-0.9734971,-0.8938014
2023-11-28,XOM,0.3967786,0.9480542,-0.07213285
2023-11-29,AAPL,1.092336,-0.3868012,0.03799817
2023-11-29,JPM,0.8225888,0.6118137,-0.05051897
2023-11-29,TSLA,1.990725,-1.001687,-0.8903275
2023-11-29,XOM,0.4014901,0.9288756,-0.0415267
2023-11-30,AAPL,1.089625,-0.3878934,0.03852207
2023-11-30,JPM,0.8285932,0.613246,-0.05266026
2023-11-30,TSLA,1.9689,-1.013398,-0.8872567
2023-11-30,XOM,0.4038345,0.9300528,-0.04179851
2023-12-01,AAPL,1.088228,-0.3794029,0.03573459
2023-12-01,JPM,0.8287885,0.60764,-0.050753
2023-12-01,TSLA,1.971227,-1.038817,-0.8780131
2023-12-01,XOM,0.4044912,0.9221285,-0.03919792
2023-12-04,AAPL,1.087877,-0.3786451,0.03601323
2023-12-04,JPM,0.8060328,0.6056228,-0.04655124
2023-12-04,TSLA,1.976841,-1.039879,-0.8794372
2023-12-04,XOM,0.4119752,0.9211091,-0.04105207
2023-12-05,AAPL,1.086356,-0.3992848,0.0589773
2023-12-05,JPM,0.8065869,0.5973844,-0.04182711
2023-12-05,TSLA,1.981543,-1.074126,-0.86427
2023-12-05,XOM,0.4078856,0.9427189,-0.04823577
2023-12-06,AAPL,1.08455,-0.4000214,0.05721411
2023-12-06,JPM,0.8181545,0.6002461,-0.01579898
2023-12-06,TSLA,1.977805,-1.075398,-0.8682589
2023-12-06,XOM,0.4241634,0.946676,-0.01193314
2023-12-07,AAPL,1.088618,-0.3958312,0.05793827
2023-12-07,JPM,0.8068094,0.5926437,-0.01533702
2023-12-07,TSLA,1.981741,-1.084045,-0.8763832
2023-12-07,XOM,0.4021277,0.9303411,-0.0120728
2023-12-08,AAPL,1.091988,-0.388616,0.0651366
2023-12-08,JPM,0.8100612,0.6006504,-0.008240869
2023-12-08,TSLA,1.990833,-1.072039,-0.8587509
2023-12-08,XOM,0.4070996,0.9430134,-0.001478287
2023-12-11,AAPL,1.075977,-0.3852967,0.08008228
2023-12-11,JPM,0.8093681,0.6003553,-0.008363942
2023-12-11,TSLA,1.983218,-1.067127,-0.8390448
2023-12-11,XOM,0.4043283,0.9424778,-0.001952452
2023-12-12,AAPL,1.074972,-0.3830492,0.07930339
2023-12-12,JPM,0.8160421,0.5784841,-0.005643592
2023-12-12,TSLA,1.970526,-1.032574,-0.8589636
2023-12-12,XOM,0.397919,0.9625824,-0.00143042
2023-12-13,AAPL,1.091966,-0.3651897,0.06312287
2023-12-13,JPM,0.7915904,0.5532752,0.01636677
2023-12-13,TSLA,1.928289,-1.075261,-0.8215564
2023-12-13,XOM,0.3876404,0.9517543,0.007736297
2023-12-14,AAPL,1.088579,-0.3371434,0.06274694
2023-12-14,JPM,0.7888099,0.5776362,0.01577925
2023-12-14,TSLA,1.960744,-0.9001417,-0.8804921
2023-12-14,XOM,0.3862134,0.991789,0.003609651
2023-12-15,AAPL,1.088117,-0.3315839,0.0551554
2023-12-15,JPM,0.7884458,0.5687555,0.02800891
2023-12-15,TSLA,1.956464,-0.9116519,-0.8610238
2023-12-15,XOM,0.3856961,0.9915935,0.003530064
2023-12-18,AAPL,1.070888,-0.3294382,0.02861912
2023-12-18,JPM,0.7915288,0.5671314,0.03198004
2023-12-18,TSLA,1.950175,-0.9261527,-0.8889163
2023-12-18,XOM,0.3953895,0.9922168,0.02159242
2023-12-19,AAPL,1.071361,-0.3274788,0.03253956
2023-12-19,JPM,0.7928647,0.5705486,0.0394281
2023-12-19,TSLA,1.951997,-0.9158414,-0.8680826
2023-12-19,XOM,0.3971313,0.9956007,0.0291939
2023-12-20,AAPL,1.055575,-0.3240775,0.03671596
2023-12-20,JPM,0.7970287,0.5693317,0.03816105
2023-12-20,TSLA,1.966189,-0.91821,-0.8704365
2023-12-20,XOM,0.429838,0.9877785,0.01930226
2023-12-21,AAPL,1.038395,-0.3142897,0.03152496
2023-12-21,JPM,0.7934768,0.5709609,0.03731794
2023-12-21,TSLA,1.965558,-0.9189419,-0.8592136
2023-12-21,XOM,0.4305681,0.9864508,0.02336598
2023-12-22,AAPL,1.041055,-0.3079522,0.0339468
2023-12-22,JPM,0.7948778,0.5745688,0.03892196
2023-12-22,TSLA,1.971751,-0.9048237,-0.8539334
2023-12-22,XOM,0.428262,0.9807657,0.02095855
2023-12-26,AAPL,1.03937,-0.3082495,0.03210148
2023-12-26,JPM,0.7947164,0.5759112,0.04032476
2023-12-26,TSLA,1.973678,-0.8702839,-0.8219143
2023-12-26,XOM,0.4275978,0.9784561,0.018677
2023-12-27,AAPL,1.036018,-0.3100225,0.02990952
2023-12-27,JPM,0.7971531,0.5778172,0.04369317
2023-12-27,TSLA,1.98228,-0.8615187,-0.8074573
2023-12-27,XOM,0.4260046,0.9762393,0.01517179
2023-12-28,AAPL,1.034672,-0.3064214,0.0310205
2023-12-28,JPM,0.7972049,0.5769623,0.03649467
2023-12-28,TSLA,1.977998,-0.8521228,-0.739173
2023-12-28,XOM,0.4232548,0.9828968,0.04510108
2023-12-29,AAPL,1.035681,-0.3037735,0.04087684
2023-12-29,JPM,0.7970871,0.5764193,0.03433993
2023-12-29,TSLA,1.980511,-0.8459315,-0.7171156
2023-12-29,XOM,0.4230456,0.9814629,0.03923791
2024-01-02,AAPL,1.061409,-0.3289597,0.1705362
2024-01-02,JPM,0.7855251,0.5867233,-0.02154858
2024-01-02,TSLA,1.964486,-0.8531617,-0.7635067
2024-01-02,XOM,0.3986603,0.9949792,-0.0685768
2024-01-03,AAPL,1.061059,-0.3289137,0.1726036
2024-01-03,JPM,0.7857947,0.5848126,-0.01965324
2024-01-03,TSLA,1.969962,-0.8708492,-0.7452133
2024-01-03,XOM,0.393491,1.009174,-0.07803298
2024-01-04,AAPL,1.070384,-0.3261835,0.1747664
2024-01-04,JPM,0.7762256,0.5807315,-0.02275611
2024-01-04,TSLA,1.968222,-0.8755929,-0.7490673
2024-01-04,XOM,0.4032053,1.00697,-0.0794954
2024-01-05,AAPL,1.061727,-0.3362102,0.178393
2024-01-05,JPM,0.7726216,0.5736504,-0.02046709
2024-01-05,TSLA,1.973368,-0.8744899,-0.7492815
2024-01-05,XOM,0.3961095,0.9939065,-0.07520994
2024-01-08,AAPL,1.068213,-0.3477856,0.1864913
2024-01-08,JPM,0.7647084,0.5904364,-0.02768445
2024-01-08,TSLA,1.935131,-0.7797585,-0.77915
2024-01-08,XOM,0.3856139,1.011746,-0.08736214
2024-01-09,AAPL,1.070685,-0.3384851,0.1810298
2024-01-09,JPM,0.7657019,0.5967858,-0.02950467
2024-01-09,TSLA,1.944325,-0.7542,-0.8000898
2024-01-09,XOM,0.3858008,1.018507,-0.08644015
2024-01-10,AAPL,1.066692,-0.3351666,0.1785197
2024-01-10,JPM,0.7651915,0.5970111,-0.02904207
2024-01-10,TSLA,1.936386,-0.7532148,-0.8185798
2024-01-10,XOM,0.3787664,1.024023,-0.0913457
2024-01-11,AAPL,1.067539,-0.3327115,0.1711134
2024-01-11,JPM,0.7653248,0.5975824,-0.03143081
2024-01-11,TSLA,1.940279,-0.7436202,-0.8466547
2024-01-11,XOM,0.3781075,1.023303,-0.08206455
2024-01-12,AAPL,1.067326,-0.3315293,0.170759
2024-01-12,JPM,0.7661665,0.6046738,-0.03521368
2024-01-12,TSLA,1.950918,-0.7107417,-0.877084
2024-01-12,XOM,0.3716765,1.003056,-0.06462192
2024-01-16,AAPL,1.075656,-0.3232598,0.1572788
2024-01-16,JPM,0.7660734,0.6029894,-0.03836896
2024-01-16,TSLA,1.940205,-0.7090966,-0.8407279
2024-01-16,XOM,0.3819685,1.011561,-0.08292547
2024-01-17,AAPL,1.078013,-0.3210547,0.1581065
2024-01-17,JPM,0.7624626,0.5996833,-0.03998915
2024-01-17,TSLA,1.946955,-0.7064523,-0.8443297
2024-01-17,XOM,0.3817643,1.010178,-0.08460998
2024-01-18,AAPL,1.117518,-0.3199061,0.1933356
2024-01-18,JPM,0.7549939,0.6015876,-0.04393615
2024-01-18,TSLA,1.897512,-0.7142404,-0.8942564
2024-01-18,XOM,0.3821528,1.009263,-0.08468796
2024-01-19,AAPL,1.125058,-0.3100041,0.1990987
2024-01-19,JPM,0.7653422,0.60894,-0.04156772
2024-01-19,TSLA,1.877128,-0.7450607,-0.9144033
2024-01-19,XOM,0.3500135,0.9792236,-0.09825476
2024-01-22,AAPL,1.109935,-0.2947833,0.2323055
2024-01-22,JPM,0.7679491,0.6088744,-0.04706722
2024-01-22,TSLA,1.892693,-0.7517068,-0.9471751
2024-01-22,XOM,0.3530242,0.9760356,-0.1052739
2024-01-23,AAPL,1.113299,-0.3053456,0.2188071
2024-01-23,JPM,0.7610545,0.6266123,-0.02460133
2024-01-23,TSLA,1.882683,-0.7258215,-0.9150757
2024-01-23,XOM,0.3663347,0.9377736,-0.1529976
2024-01-24,AAPL,1.110703,-0.3107839,0.215902
2024-01-24,JPM,0.7638022,0.6341224,-0.02061282
2024-01-24,TSLA,1.882784,-0.7256256,-0.9145525
2024-01-24,XOM,0.3740844,0.9594492,-0.141839
2024-01-25,AAPL,1.10549,-0.3175217,0.2175225
2024-01-25,JPM,0.7703872,0.6444157,-0.02229288
2024-01-25,TSLA,1.751958,-0.9301297,-0.8848571
2024-01-25,XOM,0.3857652,0.992783,-0.1358508
2024-01-26,AAPL,1.112547,-0.2973611,0.2258595
2024-01-26,JPM,0.7714806,0.6500609,-0.0185987
2024-01-26,TSLA,1.749521,-0.901434,-0.8538582
2024-01-26,XOM,0.3748,0.9668897,-0.1442416
2024-01-29,AAPL,1.104133,-0.2617273,0.2121758
2024-01-29,JPM,0.771538,0.6456377,-0.01558285
2024-01-29,TSLA,1.758541,-0.9596514,-0.8213988
2024-01-29,XOM,0.3751295,0.9513809,-0.1313266
2024-01-30,AAPL,1.089092,-0.3326386,0.1971105
2024-01-30,JPM,0.7823578,0.6927078,-0.006031569
2024-01-30,TSLA,1.777532,-0.866448,-0.8014015
2024-01-30,XOM,0.3781507,0.9794767,-0.1243604
2024-01-31,AAPL,1.090442,-0.3344601,0.1958357
2024-01-31,JPM,0.7784212,0.6916059,-0.007735482
2024-01-31,TSLA,1.755695,-0.8802605,-0.8193454
2024-01-31,XOM,0.4204007,0.9993261,-0.0952522
2024-02-01,AAPL,1.080306,-0.2954402,0.2188297
2024-02-01,JPM,0.773496,0.7049215,-0.004667896
2024-02-01,TSLA,1.727126,-0.8234439,-0.8419818
2024-02-01,XOM,0.4339278,0.9529712,-0.1139226
2024-02-02,AAPL,1.021594,-0.3278113,0.1660348
2024-02-02,JPM,0.765311,0.6959394,-0.01714545
2024-02-02,TSLA,1.709899,-0.847664,-0.8756651
2024-02-02,XOM,0.419317,0.9460709,-0.1251712
2024-02-05,AAPL,1.011087,-0.3318511,0.1857338
2024-02-05,JPM,0.7622435,0.6927171,-0.01182236
2024-02-05,TSLA,1.731245,-0.8456386,-0.917205
2024-02-05,XOM,0.4152846,0.9439482,-0.117814
2024-02-06,AAPL,1.007556,-0.3610226,0.1590377
2024-02-06,JPM,0.7606544,0.6683126,-0.03478863
2024-02-06,TSLA,1.733153,-0.8575517,-0.9306292
2024-02-06,XOM,0.4084936,0.9004441,-0.1559911
2024-02-07,AAPL,0.9851496,-0.3534044,0.1575735
2024-02-07,JPM,0.7526805,0.6713407,-0.03459894
2024-02-07,TSLA,1.757114,-0.8752056,-0.938763
2024-02-07,XOM,0.4105561,0.9011248,-0.1540047
2024-02-08,AAPL,0.9953453,-0.3501654,0.1449081
2024-02-08,JPM,0.7534353,0.6735053,-0.03572111
2024-02-08,TSLA,1.752729,-0.8867898,-0.9341888
2024-02-08,XOM,0.3845265,0.8909346,-0.1227395
2024-02-09,AAPL,0.9953314,-0.349923,0.1311855
2024-02-09,JPM,0.7531864,0.6769441,-0.02798982
2024-02-09,TSLA,1.751306,-0.8872625,-0.8837922
2024-02-09,XOM,0.3851757,0.8836248,-0.1819175
2024-02-12,AAPL,0.9968774,-0.3532103,0.1347318
2024-02-12,JPM,0.7529466,0.6763607,-0.02617197
2024-02-12,TSLA,1.785,-0.9449633,-0.8615911
2024-02-12,XOM,0.3810731,0.8902258,-0.1862697
2024-02-13,AAPL,0.9938133,-0.3547677,0.1332993
2024-02-13,JPM,0.752525,0.6777633,-0.02464758
2024-02-13,TSLA,1.753714,-0.9339592,-0.8511105
2024-02-13,XOM,0.379886,0.8880025,-0.1879949
2024-02-14,AAPL,0.9826989,-0.3326567,0.1204872
2024-02-14,JPM,0.7567347,0.6724858,-0.01553456
2024-02-14,TSLA,1.757174,-0.9421068,-0.8465079
2024-02-14,XOM,0.3772042,0.8928879,-0.1909219
2024-02-15,AAPL,0.9822092,-0.3373138,0.1207428
2024-02-15,JPM,0.763771,0.6953721,-0.02589902
2024-02-15,TSLA,1.801395,-0.8445573,-0.91041
2024-02-15,XOM,0.3911809,0.9237812,-0.2113173
2024-02-16,AAPL,0.9841237,-0.3355313,0.1240399
2024-02-16,JPM,0.7662051,0.6962487,-0.02477266
2024-02-16,TSLA,1.797875,-0.8487112,-0.922306
2024-02-16,XOM,0.3853967,0.9221818,-0.2095315
2024-02-20,AAPL,0.9783544,-0.330464,0.1168316
2024-02-20,JPM,0.7597394,0.7025273,-0.02714805
2024-02-20,TSLA,1.813697,-0.8627658,-0.8991109
2024-02-20,XOM,0.3956218,0.9134905,-0.1895619
2024-02-21,AAPL,0.9828202,-0.3287496,0.1076466
2024-02-21,JPM,0.7610491,0.7018097,-0.03146489
2024-02-21,TSLA,1.819523,-0.8591298,-0.9097712
2024-02-21,XOM,0.4089824,0.914262,-0.2203432
2024-02-22,AAPL,0.9132743,-0.3141884,0.08228498
2024-02-22,JPM,0.7689341,0.6997978,-0.02880107
2024-02-22,TSLA,1.766559,-0.8476099,-0.9286301
2024-02-22,XOM,0.4291614,0.9096782,-0.2134504
2024-02-23,AAPL,0.9178284,-0.3122011,0.07938161
2024-02-23,JPM,0.7669274,0.6968124,-0.02875008
2024-02-23,TSLA,1.783887,-0.8550765,-0.9467665
2024-02-23,XOM,0.4329963,0.9114766,-0.2156835
2024-02-26,AAPL,0.9280288,-0.3157861,0.06208691
2024-02-26,JPM,0.7635938,0.6984824,-0.023177
2024-02-26,TSLA,1.656344,-0.7975586,-0.7282616
2024-02-26,XOM,0.4070989,0.9215909,-0.1721639
2024-02-27,AAPL,0.9236993,-0.3423208,0.04532328
2024-02-27,JPM,0.7626664,0.6886173,-0.02989864
2024-02-27,TSLA,1.663043,-0.7455315,-0.6946189
2024-02-27,XOM,0.4061302,0.9150752,-0.1762015
2024-02-28,AAPL,0.9224572,-0.3399127,0.05228574
2024-02-28,JPM,0.7617482,0.6903246,-0.03166627
2024-02-28,TSLA,1.664364,-0.7478861,-0.7208515
2024-02-28,XOM,0.4069291,0.9123289,-0.1812273
2024-02-29,AAPL,0.9168971,-0.3609895,0.04262801
2024-02-29,JPM,0.7582481,0.6701943,-0.04190642
2024-02-29,TSLA,1.675697,-0.7396896,-0.7231177
2024-02-29,XOM,0.3948889,0.8694002,-0.2000701
2024-03-01,AAPL,0.8973311,-0.3426784,0.03578639
2024-03-01,JPM,0.748787,0.6785604,-0.04579655
2024-03-01,TSLA,1.668535,-0.7328398,-0.7271502
2024-03-01,XOM,0.4097759,0.8545146,-0.1848727
2024-03-04,AAPL,0.8939515,-0.3767833,0.04034019
2024-03-04,JPM,0.7493069,0.6835972,-0.04659499
2024-03-04,TSLA,1.662126,-0.8264184,-0.7150746
2024-03-04,XOM,0.4074418,0.8266043,-0.1814324
2024-03-05,AAPL,0.9168412,-0.4120779,0.05000238
2024-03-05,JPM,0.7314295,0.7020763,-0.05147257
2024-03-05,TSLA,1.686731,-0.8687145,-0.702955
2024-03-05,XOM,0.3965224,0.8387046,-0.1847347
2024-03-06,AAPL,0.9058435,-0.4088562,0.05747155
2024-03-06,JPM,0.7306656,0.7013489,-0.05145679
2024-03-06,TSLA,1.65059,-0.8642839,-0.6813904
2024-03-06,XOM,0.4063472,0.8350605,-0.1918588
2024-03-07,AAPL,0.8852334,-0.4108334,0.06488462
2024-03-07,JPM,0.6696848,0.6925295,-0.02925389
2024-03-07,TSLA,1.649483,-0.8643177,-0.6805735
2024-03-07,XOM,0.4093813,0.8354287,-0.193156
2024-03-08,AAPL,0.8454062,-0.3989962,0.05366575
2024-03-08,JPM,0.6698289,0.6876964,-0.0331689
2024-03-08,TSLA,1.669587,-0.8783945,-0.681957
2024-03-08,XOM,0.3941992,0.8420048,-0.1952408
2024-03-11,AAPL,0.857769,-0.4153964,-0.02349754
2024-03-11,JPM,0.6667799,0.6981853,-0.01029841
2024-03-11,TSLA,1.679806,-0.9136653,-0.7641759
2024-03-11,XOM,0.3941679,0.8594098,-0.1818949
2024-03-12,AAPL,0.8424059,-0.4197237,-0.04069513
2024-03-12,JPM,0.6695443,0.7012916,-0.001506945
2024-03-12,TSLA,1.665083,-0.9139961,-0.7729772
2024-03-12,XOM,0.3876196,0.8571049,-0.1892793
2024-03-13,AAPL,0.8516204,-0.4145079,-0.04186588
2024-03-13,JPM,0.6585037,0.6766107,-0.0151829
2024-03-13,TSLA,1.701874,-0.9197761,-0.7989565
2024-03-13,XOM,0.3728577,0.8280606,-0.204305
2024-03-14,AAPL,0.8446914,-0.4528737,-0.05758571
2024-03-14,JPM,0.6622153,0.7164147,0.002725823
2024-03-14,TSLA,1.71887,-0.8192558,-0.757348
2024-03-14,XOM,0.3628005,0.7388714,-0.2435693
2024-03-15,AAPL,0.8286296,-0.4382851,-0.05087413
2024-03-15,JPM,0.6368902,0.7281059,0.007703917
2024-03-15,TSLA,1.675239,-0.7819073,-0.7401914
2024-03-15,XOM,0.375481,0.727409,-0.2486428
2024-03-18,AAPL,0.8310316,-0.4436947,-0.05653287
2024-03-18,JPM,0.6505845,0.7271078,0.001331021
2024-03-18,TSLA,1.781986,-0.8046584,-0.8037093
2024-03-18,XOM,0.3861617,0.7185064,-0.2603683
2024-03-19,AAPL,0.8317815,-0.4476208,-0.04356157
2024-03-19,JPM,0.6486938,0.7246273,0.007866626
2024-03-19,TSLA,1.767552,-0.7980597,-0.8201355
2024-03-19,XOM,0.381094,0.7131982,-0.2443326
2024-03-20,AAPL,0.8481199,-0.3902295,-0.005680536
2024-03-20,JPM,0.6441318,0.7198429,0.006442983
2024-03-20,TSLA,1.793696,-0.7039178,-0.7576103
2024-03-20,XOM,0.3648374,0.6646053,-0.2751167
2024-03-21,AAPL,0.8301727,-0.5828602,-0.1289997
2024-03-21,JPM,0.6450596,0.7356359,0.01664539
2024-03-21,TSLA,1.789264,-0.7519559,-0.7880674
2024-03-21,XOM,0.3637146,0.6508895,-0.2836525
2024-03-22,AAPL,0.8272419,-0.5930202,-0.1325811
2024-03-22,JPM,0.6493955,0.7535534,0.02358361
2024-03-22,TSLA,1.789742,-0.7472809,-0.7859114
2024-03-22,XOM,0.3625403,0.6473483,-0.2843605
2024-03-25,AAPL,0.8269569,-0.5909207,-0.1309679
2024-03-25,JPM,0.6564947,0.7031001,0.01498813
2024-03-25,TSLA,1.778689,-0.6861444,-0.7830016
2024-03-25,XOM,0.3609336,0.6519937,-0.2869963
2024-03-26,AAPL,0.8313809,-0.5887452,-0.1319673
2024-03-26,JPM,0.6489389,0.698742,0.01611395
2024-03-26,TSLA,1.735506,-0.7144484,-0.7791854
2024-03-26,XOM,0.3682973,0.6540609,-0.289405
2024-03-27,AAPL,0.862376,-0.5719348,-0.1689536
2024-03-27,JPM,0.6631343,0.7033666,-0.001489833
2024-03-27,TSLA,1.72525,-0.7216504,-0.7674157
2024-03-27,XOM,0.3637784,0.6557279,-0.28366
2024-03-28,AAPL,0.8624463,-0.5785138,-0.165597
2024-03-28,JPM,0.663436,0.7010497,-0.002058317
2024-03-28,TSLA,1.72678,-0.7417261,-0.760902
2024-03-28,XOM,0.362762,0.6618325,-0.2848618
2024-04-01,AAPL,0.8640061,-0.5745373,-0.1617059
2024-04-01,JPM,0.6631367,0.707272,0.004096961
2024-04-01,TSLA,1.720099,-0.7378286,-0.7577835
2024-04-01,XOM,0.3612381,0.6558216,-0.2904006
2024-04-02,AAPL,0.859811,-0.5767407,-0.1646058
2024-04-02,JPM,0.6599991,0.7116999,0.006650339
2024-04-02,TSLA,1.760534,-0.7400772,-0.7460906
2024-04-02,XOM,0.3305922,0.6514692,-0.3032441
2024-04-03,AAPL,0.8558106,-0.5724815,-0.1522873
2024-04-03,JPM,0.6626843,0.7054918,-0.006289781
2024-04-03,TSLA,1.749995,-0.729944,-0.7144097
2024-04-03,XOM,0.3290795,0.6492668,-0.302995
2024-04-04,AAPL,0.83705,-0.5843623,-0.1654425
2024-04-04,JPM,0.6675542,0.7125808,-0.000562356
2024-04-04,TSLA,1.646271,-0.7863591,-0.7829181
2024-04-04,XOM,0.3202605,0.6403647,-0.3107361
2024-04-05,AAPL,0.8286132,-0.5827015,-0.1750089
2024-04-05,JPM,0.6764993,0.7102716,0.00979948
2024-04-05,TSLA,1.569038,-0.7760562,-0.8780549
2024-04-05,XOM,0.3518801,0.6297211,-0.2794562
2024-04-08,AAPL,0.8299711,-0.574643,-0.1652655
2024-04-08,JPM,0.6747486,0.7058689,0.005164114
2024-04-08,TSLA,1.54956,-0.8257249,-0.9346704
2024-04-08,XOM,0.35528,0.6400114,-0.2671617
2024-04-09,AAPL,0.8315022,-0.5884157,-0.1798332
2024-04-09,JPM,0.6709173,0.7325626,0.03325889
2024-04-09,TSLA,1.553239,-0.8539452,-0.9634291
2024-04-09,XOM,0.3569812,0.6261121,-0.2811462
2024-04-10,AAPL,0.8433906,-0.5728122,-0.1790499
2024-04-10,JPM,0.666287,0.7266051,0.0329574
2024-04-10,TSLA,1.566657,-0.8309616,-0.9588819
2024-04-10,XOM,0.3258918,0.5813006,-0.2863882
2024-04-11,AAPL,0.8541623,-0.5896986,-0.08114911
2024-04-11,JPM,0.6646789,0.7287459,0.02901573
2024-04-11,TSLA,1.574184,-0.844826,-0.9287537
2024-04-11,XOM,0.3253188,0.5819921,-0.283022
2024-04-12,AAPL,0.7647698,-0.581233,-0.06325782
2024-04-12,JPM,0.881033,0.6982693,-0.01904572
2024-04-12,TSLA,1.544678,-0.8428184,-0.9230313
2024-04-12,XOM,0.3622694,0.5782338,-0.2903906
2024-04-15,AAPL,0.7820121,-0.6003401,-0.0691461
2024-04-15,JPM,0.8670781,0.7136438,-0.01407529
2024-04-15,TSLA,1.618595,-0.9227142,-0.9473793
2024-04-15,XOM,0.3853557,0.5512586,-0.2988219
2024-04-16,AAPL,0.8094193,-0.5439767,-0.08168049
2024-04-16,JPM,0.8722719,0.7235115,-0.01785995
2024-04-16,TSLA,1.646569,-0.8633152,-0.9585831
2024-04-16,XOM,0.3883465,0.5557115,-0.3026473
2024-04-17,AAPL,0.8091159,-0.5438945,-0.08323541
2024-04-17,JPM,0.8738108,0.7205342,-0.009503745
2024-04-17,TSLA,1.645431,-0.8611807,-0.9582667
2024-04-17,XOM,0.3910806,0.551378,-0.2891872
2024-04-18,AAPL,0.8088173,-0.5382805,-0.08352251
2024-04-18,JPM,0.874284,0.7239814,-0.0114024
2024-04-18,TSLA,1.632495,-0.9221976,-0.9281849
2024-04-18,XOM,0.3911071,0.5286745,-0.2868849
2024-04-19,AAPL,0.803185,-0.5295207,-0.08806543
2024-04-19,JPM,0.8422704,0.8036867,-0.02054051
2024-04-19,TSLA,1.641404,-0.9449292,-0.9245949
2024-04-19,XOM,0.3899317,0.5328586,-0.2859087
2024-04-22,AAPL,0.8078886,-0.5218666,-0.08414657
2024-04-22,JPM,0.8554726,0.8268812,-0.008094568
2024-04-22,TSLA,1.572647,-1.06018,-0.9848088
2024-04-22,XOM,0.3885225,0.5277751,-0.2888758
2024-04-23,AAPL,0.8067036,-0.5278713,-0.09441101
2024-04-23,JPM,0.8577121,0.8366477,0.008920263
2024-04-23,TSLA,1.59586,-1.040456,-0.9509341
2024-04-23,XOM,0.3902616,0.5356399,-0.2752842
2024-04-24,AAPL,0.8174047,-0.5315548,-0.1224732
2024-04-24,JPM,0.8580325,0.8334279,0.0046188
2024-04-24,TSLA,1.683565,-1.085023,-1.191998
2024-04-24,XOM,0.3862283,0.5349867,-0.2671785
2024-04-25,AAPL,0.8031443,-0.5403676,-0.1228817
2024-04-25,JPM,0.8530053,0.8258395,0.0006018495
2024-04-25,TSLA,1.619679,-1.150797,-1.21741
2024-04-25,XOM,0.3821667,0.5307992,-0.268623
2024-04-26,AAPL,0.7900695,-0.4957084,-0.1384351
2024-04-26,JPM,0.8532933,0.8233322,0.001250853
2024-04-26,TSLA,1.596695,-1.076603,-1.242601
2024-04-26,XOM,0.3630971,0.5942978,-0.2912828
2024-04-29,AAPL,0.8090776,-0.5806325,-0.2147566
2024-04-29,JPM,0.8564919,0.8243182,-0.004606053
2024-04-29,TSLA,1.728533,-1.657213,-1.766064
2024-04-29,XOM,0.3739089,0.5331422,-0.34088
2024-04-30,AAPL,0.8342152,-0.5647232,-0.208305
2024-04-30,JPM,0.8299148,0.8082024,-0.01125566
2024-04-30,TSLA,1.882949,-1.55878,-1.728437
2024-04-30,XOM,0.3955388,0.542812,-0.3336465
2024-05-01,AAPL,0.8402638,-0.5631567,-0.2111052
2024-05-01,JPM,0.8211477,0.8019324,-0.009183669
2024-05-01,TSLA,1.918165,-1.542372,-1.740908
2024-05-01,XOM,0.4266849,0.5553856,-0.3457003
2024-05-02,AAPL,0.8556724,-0.5599155,-0.1935218
2024-05-02,JPM,0.8110339,0.7986658,-0.0195856
2024-05-02,TSLA,1.904704,-1.542811,-1.753994
2024-05-02,XOM,0.426725,0.5535156,-0.3444886
2024-05-03,AAPL,0.9954402,-0.6338456,-0.3005618
2024-05-03,JPM,0.7652667,0.8208876,0.01517857
2024-05-03,TSLA,1.831492,-1.507194,-1.697332
2024-05-03,XOM,0.4007068,0.5643576,-0.3246857
2024-05-06,AAPL,0.9686489,-0.6610675,-0.3364441
2024-05-06,JPM,0.7637766,0.8193365,0.01347468
2024-05-06,TSLA,1.85719,-1.477977,-1.659775
2024-05-06,XOM,0.4088186,0.5730385,-0.3131016
2024-05-07,AAPL,0.9679179,-0.6572271,-0.3338127
2024-05-07,JPM,0.7631877,0.8103942,0.009084234
2024-05-07,TSLA,1.858602,-1.315838,-1.573074
2024-05-07,XOM,0.4091672,0.5809098,-0.309139
2024-05-08,AAPL,0.9697746,-0.6414311,-0.3314971
2024-05-08,JPM,0.7679137,0.8496393,0.01489987
2024-05-08,TSLA,1.855633,-1.341882,-1.577611
2024-05-08,XOM,0.4070297,0.5643774,-0.3116498
2024-05-09,AAPL,0.9762467,-0.6400349,-0.3382495
2024-05-09,JPM,0.7703252,0.8495458,0.01192361
2024-05-09,TSLA,1.820962,-1.345512,-1.540014
2024-05-09,XOM,0.4238602,0.5664807,-0.3299831
2024-05-10,AAPL,0.9690928,-0.6448614,-0.3356134
2024-05-10,JPM,0.771825,0.8535846,0.01317312
2024-05-10,TSLA,1.805765,-1.354348,-1.533403
2024-05-10,XOM,0.4166168,0.5610768,-0.3274364
2024-05-13,AAPL,0.9750288,-0.6921054,-0.3857896
2024-05-13,JPM,0.7722021,0.8466191,0.006234319
2024-05-13,TSLA,1.807071,-1.361858,-1.541588
2024-05-13,XOM,0.4153513,0.5694209,-0.3182545
2024-05-14,AAPL,0.9754836,-0.6912636,-0.3859155
2024-05-14,JPM,0.780107,0.8389172,-0.001267587
2024-05-14,TSLA,1.825915,-1.374869,-1.557722
2024-05-14,XOM,0.4157873,0.5653841,-0.3193184
2024-05-15,AAPL,0.9844159,-0.6861497,-0.3814008
2024-05-15,JPM,0.7646899,0.830862,-0.008231979
2024-05-15,TSLA,1.769474,-1.401843,-1.592329
2024-05-15,XOM,0.42713,0.5709953,-0.3087037
2024-05-16,AAPL,0.9837471,-0.6836874,-0.3778881
2024-05-16,JPM,0.7648237,0.8258024,-0.01546036
2024-05-16,TSLA,1.7686,-1.391755,-1.577003
2024-05-16,XOM,0.4232733,0.5902511,-0.2789384
2024-05-17,AAPL,0.9834852,-0.6762508,-0.3734702
2024-05-17,JPM,0.7645578,0.8393221,-0.007309707
2024-05-17,TSLA,1.769163,-1.327325,-1.540024
2024-05-17,XOM,0.4233634,0.6185271,-0.2624007
2024-05-20,AAPL,0.9834626,-0.6821375,-0.3783266
2024-05-20,JPM,0.7938319,0.972814,-0.006844366
2024-05-20,TSLA,1.783595,-1.251257,-1.534519
2024-05-20,XOM,0.4251906,0.6208571,-0.2667528
2024-05-21,AAPL,0.9873817,-0.6744642,-0.377788
2024-05-21,JPM,0.8015356,0.9907101,-0.006176102
2024-05-21,TSLA,1.829323,-1.175726,-1.532647
2024-05-21,XOM,0.4197923,0.6078447,-0.2672529
2024-05-22,AAPL,0.9911544,-0.6492275,-0.3566151
2024-05-22,JPM,0.8010249,0.9936189,-0.002750438
2024-05-22,TSLA,1.84088,-1.062732,-1.43277
2024-05-22,XOM,0.4273763,0.6606595,-0.2218945
2024-05-23,AAPL,1.028275,-0.6560106,-0.4057282
2024-05-23,JPM,0.7868338,0.9961766,0.01470645
2024-05-23,TSLA,1.828576,-1.058635,-1.418413
2024-05-23,XOM,0.4528439,0.6544119,-0.2539211
2024-05-24,AAPL,1.045626,-0.6459998,-0.4023851
2024-05-24,JPM,0.8011146,1.009401,0.02131156
2024-05-24,TSLA,1.862127,-1.029455,-1.404708
2024-05-24,XOM,0.4483413,0.647036,-0.2580366
2024-05-28,AAPL,1.048644,-0.6355587,-0.40234
2024-05-28,JPM,0.7969187,1.000838,0.0236825
2024-05-28,TSLA,1.877307,-0.9807022,-1.404761
2024-05-28,XOM,0.4220929,0.5790769,-0.2500444
2024-05-29,AAPL,1.034106,-0.6504509,-0.4024193
2024-05-29,JPM,0.7890091,0.9924983,0.02349453
2024-05-29,TSLA,1.856115,-0.9987549,-1.403274
2024-05-29,XOM,0.4305819,0.5866369,-0.2503187
2024-05-30,AAPL,0.9920203,-0.5988736,-0.368699
2024-05-30,JPM,0.7823591,0.9990572,0.02815731
2024-05-30,TSLA,1.78168,-0.9061882,-1.342882
2024-05-30,XOM,0.4277866,0.5884833,-0.2486812
2024-05-31,AAPL,0.9933444,-0.5965109,-0.3688619
2024-05-31,JPM,0.7874387,1.003488,0.02508146
2024-05-31,TSLA,1.73881,-0.9411954,-1.315337
2024-05-31,XOM,0.4743384,0.6275586,-0.278558
2024-06-03,AAPL,0.9946474,-0.6103528,-0.3778144
2024-06-03,JPM,0.7871018,1.002981,0.02506519
2024-06-03,TSLA,1.731516,-0.8850737,-1.278058
2024-06-03,XOM,0.4656607,0.6945486,-0.2336564
2024-06-04,AAPL,0.9904802,-0.5967673,-0.3663901
2024-06-04,JPM,0.7779067,1.033293,0.05088529
2024-06-04,TSLA,1.717191,-0.8381272,-1.236664
2024-06-04,XOM,0.4515106,0.7411463,-0.1920781
2024-06-05,AAPL,0.9842118,-0.5940987,-0.3738046
2024-06-05,JPM,0.7567211,1.048001,0.02738749
2024-06-05,TSLA,1.702569,-0.8357493,-1.256437
2024-06-05,XOM,0.4614345,0.7321669,-0.1814825
2024-06-06,AAPL,0.9775046,-0.5815101,-0.3521062
2024-06-06,JPM,0.7543827,1.051719,0.0332199
2024-06-06,TSLA,1.707079,-0.8422285,-1.281051
2024-06-06,XOM,0.4649244,0.725025,-0.1948396
2024-06-07,AAPL,0.9809927,-0.5678116,-0.3574948
2024-06-07,JPM,0.7572904,1.062932,0.0283894
2024-06-07,TSLA,1.70667,-0.8320882,-1.280017
2024-06-07,XOM,0.4617558,0.7130526,-0.1905244
2024-06-10,AAPL,0.9844164,-0.5754417,-0.3957023
2024-06-10,JPM,0.7564269,1.064215,0.02546259
2024-06-10,TSLA,1.709191,-0.8384124,-1.307584
2024-06-10,XOM,0.4611942,0.7130886,-0.1821026
2024-06-11,AAPL,1.007503,-0.9068724,-0.5611358
2024-06-11,JPM,0.7500624,1.152205,0.06937751
2024-06-11,TSLA,1.696566,-0.6728679,-1.224082
2024-06-11,XOM,0.4609656,0.7209945,-0.178654
2024-06-12,AAPL,1.022642,-0.8780862,-0.5103513
2024-06-12,JPM,0.7352351,1.125512,0.02194376
2024-06-12,TSLA,1.717822,-0.6322095,-1.152593
2024-06-12,XOM,0.451708,0.7037923,-0.2075288
2024-06-13,AAPL,1.024154,-0.8803913,-0.5107471
2024-06-13,JPM,0.7401249,1.106437,0.02182295
2024-06-13,TSLA,1.737076,-0.6787545,-1.157172
2024-06-13,XOM,0.4502195,0.7092748,-0.207804
2024-06-14,AAPL,1.014999,-0.8581379,-0.4917974
2024-06-14,JPM,0.7424351,1.09929,0.0159927
2024-06-14,TSLA,1.721987,-0.6416585,-1.122412
2024-06-14,XOM,0.4455163,0.7198248,-0.1993013
2024-06-17,AAPL,1.053617,-0.822842,-0.5000397
2024-06-17,JPM,0.7237416,1.082215,0.01964074
2024-06-17,TSLA,1.846487,-0.5305443,-1.152587
2024-06-17,XOM,0.4036502,0.6825873,-0.1893876
2024-06-18,AAPL,1.05579,-0.8460058,-0.5208146
2024-06-18,JPM,0.7224248,1.090757,0.02772697
2024-06-18,TSLA,1.841049,-0.528691,-1.148481
2024-06-18,XOM,0.404945,0.705992,-0.1701058
2024-06-20,AAPL,1.05367,-0.8406229,-0.4722711
2024-06-20,JPM,0.7232587,1.086183,0.01271805
2024-06-20,TSLA,1.838087,-0.5210392,-1.104504
2024-06-20,XOM,0.4059085,0.7027641,-0.2120884
2024-06-21,AAPL,1.061978,-0.7591582,-0.4102164
2024-06-21,JPM,0.7240861,1.101751,0.02497729
2024-06-21,TSLA,1.837424,-0.505389,-1.092152
2024-06-21,XOM,0.4070609,0.7264506,-0.1936833
2024-06-24,AAPL,1.054275,-0.7256362,-0.4099032
2024-06-24,JPM,0.7207191,1.115721,0.02519779
2024-06-24,TSLA,1.834138,-0.4907534,-1.090018
2024-06-24,XOM,0.3912357,0.7971558,-0.1938734
2024-06-25,AAPL,1.05406,-0.717105,-0.41258
2024-06-25,JPM,0.7213648,1.102705,0.02839715
2024-06-25,TSLA,1.836176,-0.5770165,-1.062023
2024-06-25,XOM,0.3925615,0.7616469,-0.183254
2024-06-26,AAPL,1.060777,-0.7399242,-0.4358062
2024-06-26,JPM,0.7200271,1.106062,0.03205523
2024-06-26,TSLA,1.85667,-0.6407652,-1.128648
2024-06-26,XOM,0.3933836,0.7619296,-0.184237
2024-06-27,AAPL,1.061989,-0.7336365,-0.4339696
2024-06-27,JPM,0.7097491,1.069945,0.02359709
2024-06-27,TSLA,1.857714,-0.6336265,-1.126335
2024-06-27,XOM,0.3882214,0.7440402,-0.1884332
2024-06-28,AAPL,1.067642,-0.747744,-0.4451172
2024-06-28,JPM,0.6918085,1.101611,0.04791463
2024-06-28,TSLA,1.80283,-0.5251098,-1.042377
2024-06-28,XOM,0.3989434,0.7200663,-0.2069121
2024-07-01,AAPL,1.089436,-0.749042,-0.427761
2024-07-01,JPM,0.7038925,1.100257,0.05710911
2024-07-01,TSLA,1.850688,-0.5406611,-0.991681
2024-07-01,XOM,0.3996485,0.7210713,-0.2076794
2024-07-02,AAPL,1.114929,-0.7371255,-0.4467586
2024-07-02,JPM,0.7175368,1.105752,0.04636703
2024-07-02,TSLA,2.084373,-0.4333154,-1.161196
2024-07-02,XOM,0.3609621,0.7030815,-0.1799389
2024-07-03,AAPL,1.111119,-0.7234636,-0.4421618
2024-07-03,JPM,0.7195231,1.100027,0.04431042
2024-07-03,TSLA,2.136049,-0.567534,-1.209262
2024-07-03,XOM,0.3635483,0.6789731,-0.1863486
2024-07-05,AAPL,1.116633,-0.741714,-0.4538712
2024-07-05,JPM,0.712468,1.12042,0.05779469
2024-07-05,TSLA,2.128493,-0.54674,-1.195623
2024-07-05,XOM,0.3524726,0.7124412,-0.1646741
2024-07-08,AAPL,1.110092,-0.7441166,-0.4460708
2024-07-08,JPM,0.707833,1.117258,0.06194875
2024-07-08,TSLA,2.120107,-0.5496601,-1.185648
2024-07-08,XOM,0.3629399,0.7172737,-0.17721
2024-07-09,AAPL,1.112479,-0.7204142,-0.4370608
2024-07-09,JPM,0.707087,1.124219,0.06594115
2024-07-09,TSLA,2.127449,-0.4282701,-1.133872
2024-07-09,XOM,0.3604207,0.6727816,-0.1965167
2024-07-10,AAPL,1.140041,-0.6958458,-0.4289935
2024-07-10,JPM,0.6763332,1.097448,0.05753276
2024-07-10,TSLA,2.09283,-0.4569769,-1.142383
2024-07-10,XOM,0.368253,0.6794552,-0.1942901
2024-07-11,AAPL,1.174095,-0.7149319,-0.4462719
2024-07-11,JPM,0.6942437,1.086455,0.04801136
2024-07-11,TSLA,2.364527,-0.6145308,-1.283894
2024-07-11,XOM,0.3499818,0.6910824,-0.1839259
2024-07-12,AAPL,1.172298,-0.7142352,-0.4442986
2024-07-12,JPM,0.6844117,1.118769,0.07022249
2024-07-12,TSLA,2.376593,-0.6362214,-1.305281
2024-07-12,XOM,0.3482892,0.6829458,-0.1851181
2024-07-15,AAPL,1.165242,-0.6690408,-0.3867141
2024-07-15,JPM,0.6781694,1.160351,0.121647
2024-07-15,TSLA,2.366527,-0.5721282,-1.225996
2024-07-15,XOM,0.3433606,0.714528,-0.1439806
2024-07-16,AAPL,1.160976,-0.6730671,-0.3840033
2024-07-16,JPM,0.6869775,1.170808,0.1172681
2024-07-16,TSLA,2.371154,-0.5650593,-1.227961
2024-07-16,XOM,0.3378442,0.7083272,-0.1403554
2024-07-17,AAPL,1.16071,-0.6756924,-0.3820892
2024-07-17,JPM,0.6949834,1.154149,0.1185894
2024-07-17,TSLA,2.391679,-0.6078627,-1.222636
2024-07-17,XOM,0.3422586,0.6988258,-0.1393808
2024-07-18,AAPL,1.183737,-0.6867848,-0.4019446
2024-07-18,JPM,0.7825616,1.111007,0.04279555
2024-07-18,TSLA,2.303293,-0.5604532,-1.149435
2024-07-18,XOM,0.3082595,0.7137301,-0.1095935
2024-07-19,AAPL,1.159255,-0.6920827,-0.3888345
2024-07-19,JPM,0.7666848,1.107352,0.05150385
2024-07-19,TSLA,2.362011,-0.5536441,-1.189215
2024-07-19,XOM,0.3651806,0.7234734,-0.1437944
2024-07-22,AAPL,1.135683,-0.6680157,-0.401554
2024-07-22,JPM,0.7681746,1.103169,0.05331009
2024-07-22,TSLA,2.40711,-0.6070448,-1.159435
2024-07-22,XOM,0.3574389,0.7293433,-0.1473022
2024-07-23,AAPL,1.116441,-0.669025,-0.3761937
2024-07-23,JPM,0.7601563,1.101971,0.06345483
2024-07-23,TSLA,2.413837,-0.6076901,-1.168313
2024-07-23,XOM,0.3864522,0.7314921,-0.1863396
2024-07-24,AAPL,1.088161,-0.6465852,-0.3652156
2024-07-24,JPM,0.8129149,1.058755,0.04380468
2024-07-24,TSLA,2.725444,-0.8591163,-1.281803
2024-07-24,XOM,0.3465923,0.7645346,-0.1742759
2024-07-25,AAPL,1.091615,-0.6424131,-0.3553514
2024-07-25,JPM,0.8115262,1.059713,0.04584919
2024-07-25,TSLA,2.706314,-0.8821544,-1.334789
2024-07-25,XOM,0.331805,0.7438831,-0.2204796
2024-07-26,AAPL,1.066241,-0.6397525,-0.3517117
2024-07-26,JPM,0.8343667,1.056924,0.0426429
2024-07-26,TSLA,2.638624,-0.875247,-1.325965
2024-07-26,XOM,0.3274666,0.743909,-0.2193393
2024-07-29,AAPL,1.061808,-0.630029,-0.336279
2024-07-29,JPM,0.8307323,1.065098,0.05541754
2024-07-29,TSLA,2.667196,-0.9438869,-1.434451
2024-07-29,XOM,0.3207328,0.7633357,-0.1918069
2024-07-30,AAPL,1.062124,-0.5997171,-0.3483531
2024-07-30,JPM,0.830352,1.092867,0.04510774
2024-07-30,TSLA,2.664463,-1.026187,-1.399743
2024-07-30,XOM,0.3204283,0.7821433,-0.1984734
2024-07-31,AAPL,1.042744,-0.5847816,-0.3471417
2024-07-31,JPM,0.7980241,1.115873,0.04683219
2024-07-31,TSLA,2.664029,-1.024533,-1.399296
2024-07-31,XOM,0.344919,0.7611276,-0.1993191
2024-08-01,AAPL,1.064197,-0.5686463,-0.3420367
2024-08-01,JPM,0.8222966,1.132913,0.05168236
2024-08-01,TSLA,2.804643,-0.9230108,-1.369794
2024-08-01,XOM,0.3666614,0.775993,-0.1954301
2024-08-02,AAPL,0.9957923,-0.6454175,-0.4072443
2024-08-02,JPM,0.8905313,1.216342,0.119501
2024-08-02,TSLA,2.861474,-0.8518886,-1.31166
2024-08-02,XOM,0.3357119,0.7387982,-0.2256279
2024-08-05,AAPL,1.123465,-0.6138236,-0.4376218
2024-08-05,JPM,0.8656055,1.212665,0.1263426
2024-08-05,TSLA,2.630503,-0.8968014,-1.251653
2024-08-05,XOM,0.3939818,0.7529368,-0.2395873
2024-08-06,AAPL,1.107098,-0.6141398,-0.4810222
2024-08-06,JPM,0.8854692,1.212445,0.1781523
2024-08-06,TSLA,2.62487,-0.8968816,-1.266027
2024-08-06,XOM,0.3924,0.7524283,-0.2448306
2024-08-07,AAPL,1.09265,-0.5627624,-0.4716217
2024-08-07,JPM,0.8864791,1.204803,0.176731
2024-08-07,TSLA,2.636625,-0.9479923,-1.274453
2024-08-07,XOM,0.3883083,0.773283,-0.2408938
2024-08-08,AAPL,1.057433,-0.5548133,-0.4710712
2024-08-08,JPM,0.9053388,1.20013,0.1766141
2024-08-08,TSLA,2.56623,-0.9299573,-1.271389
2024-08-08,XOM,0.451811,0.7579669,-0.2419486
2024-08-09,AAPL,1.060548,-0.5406368,-0.4402931
2024-08-09,JPM,0.9060955,1.203892,0.1860029
2024-08-09,TSLA,2.567262,-0.9219016,-1.254672
2024-08-09,XOM,0.454541,0.7691984,-0.2155635
2024-08-12,AAPL,1.053395,-0.5415852,-0.4222734
2024-08-12,JPM,0.9015041,1.202648,0.196843
2024-08-12,TSLA,2.570021,-0.9217756,-1.260366
2024-08-12,XOM,0.4485003,0.7680216,-0.2008291
2024-08-13,AAPL,1.036416,-0.5269651,-0.4061073
2024-08-13,JPM,0.9088274,1.193436,0.1891117
2024-08-13,TSLA,2.573568,-0.9225491,-1.263172
2024-08-13,XOM,0.415179,0.792785,-0.170004
2024-08-14,AAPL,1.036219,-0.5266451,-0.4057382
2024-08-14,JPM,0.9092945,1.194102,0.1895339
2024-08-14,TSLA,2.530058,-1.005819,-1.298267
2024-08-14,XOM,0.4193791,0.8026196,-0.1656116
2024-08-15,AAPL,1.023139,-0.5097803,-0.3997215
2024-08-15,JPM,0.9104195,1.191392,0.1875695
2024-08-15,TSLA,2.558489,-1.044643,-1.315648
2024-08-15,XOM,0.4314744,0.7864543,-0.1701311
2024-08-16,AAPL,1.028125,-0.4914977,-0.394279
2024-08-16,JPM,0.9096216,1.188518,0.1864623
2024-08-16,TSLA,2.566745,-1.010373,-1.303645
2024-08-16,XOM,0.422946,0.7535617,-0.1813802
2024-08-19,AAPL,1.015545,-0.4866257,-0.3932091
2024-08-19,JPM,0.9100803,1.187676,0.1863481
2024-08-19,TSLA,2.570234,-1.010996,-1.301663
2024-08-19,XOM,0.4252883,0.7521215,-0.1818349
2024-08-20,AAPL,1.015855,-0.4860779,-0.3936201
2024-08-20,JPM,0.9070413,1.178883,0.183145
2024-08-20,TSLA,2.57502,-0.9936337,-1.294243
2024-08-20,XOM,0.440639,0.8072905,-0.1557153
2024-08-21,AAPL,1.019452,-0.4691071,-0.3945853
2024-08-21,JPM,0.9040812,1.167971,0.1836549
2024-08-21,TSLA,2.577682,-0.9824027,-1.293574
2024-08-21,XOM,0.4426829,0.8117368,-0.1552171
2024-08-22,AAPL,1.011498,-0.4383579,-0.3767104
2024-08-22,JPM,0.9052127,1.16257,0.180748
2024-08-22,TSLA,2.592188,-1.051196,-1.332161
2024-08-22,XOM,0.4415242,0.8115539,-0.1550124
2024-08-23,AAPL,1.015243,-0.4277369,-0.3680085
2024-08-23,JPM,0.8956608,1.13813,0.1615611
2024-08-23,TSLA,2.616691,-0.9836044,-1.277201
2024-08-23,XOM,0.4438565,0.8235074,-0.1440174
2024-08-26,AAPL,1.012933,-0.4287553,-0.3702777
2024-08-26,JPM,0.8932777,1.137103,0.1575033
2024-08-26,TSLA,2.631469,-0.9755405,-1.254725
2024-08-26,XOM,0.4322214,0.8177662,-0.1605998
2024-08-27,AAPL,1.013031,-0.4264931,-0.3682915
2024-08-27,JPM,0.8938273,1.136761,0.1570706
2024-08-27,TSLA,2.615231,-0.9922681,-1.259892
2024-08-27,XOM,0.4256748,0.8061063,-0.1669327
2024-08-28,AAPL,1.011039,-0.412821,-0.3615308
2024-08-28,JPM,0.8958588,1.118857,0.1479802
2024-08-28,TSLA,2.606904,-0.9391099,-1.230462
2024-08-28,XOM,0.433857,0.7469486,-0.1987352
2024-08-29,AAPL,1.015517,-0.4147478,-0.38247
2024-08-29,JPM,0.8959969,1.11882,0.1459036
2024-08-29,TSLA,2.604263,-0.938588,-1.221534
2024-08-29,XOM,0.4376962,0.7449632,-0.2166652
2024-08-30,AAPL,0.9862716,-0.4361287,-0.3894507
2024-08-30,JPM,0.8934615,1.117326,0.1459451
2024-08-30,TSLA,2.646572,-0.9030714,-1.206574
2024-08-30,XOM,0.4247673,0.7339276,-0.2211276
2024-09-03,AAPL,0.9972834,-0.4495435,-0.3889302
2024-09-03,JPM,0.930994,1.072936,0.1481528
2024-09-03,TSLA,2.553073,-0.7886576,-1.203864
2024-09-03,XOM,0.4765324,0.6743496,-0.21697
2024-09-04,AAPL,1.004425,-0.4248057,-0.3755751
2024-09-04,JPM,0.927392,1.063722,0.1442345
2024-09-04,TSLA,2.509936,-0.8854407,-1.23862
2024-09-04,XOM,0.4864794,0.6926523,-0.2125783
2024-09-05,AAPL,0.996701,-0.4396866,-0.3812565
2024-09-05,JPM,0.923527,1.055886,0.1412497
2024-09-05,TSLA,2.448833,-1.017831,-1.291166
2024-09-05,XOM,0.4887839,0.6980787,-0.2102164
2024-09-06,AAPL,0.961681,-0.4476897,-0.3708451
2024-09-06,JPM,0.9586816,1.064044,0.1309186
2024-09-06,TSLA,2.598826,-0.9820724,-1.334141
2024-09-06,XOM,0.4787533,0.6947693,-0.2073524
2024-09-09,AAPL,0.9366018,-0.4434221,-0.3724236
2024-09-09,JPM,0.9859427,1.058709,0.1324198
2024-09-09,TSLA,2.588805,-0.9751267,-1.321624
2024-09-09,XOM,0.5238422,0.6852426,-0.207871
2024-09-10,AAPL,0.9355262,-0.4119694,-0.3588249
2024-09-10,JPM,0.9817687,1.17512,0.1873463
2024-09-10,TSLA,2.590201,-1.039371,-1.351448
2024-09-10,XOM,0.5207405,0.7637072,-0.1687729
2024-09-11,AAPL,0.9349232,-0.4021855,-0.3593144
2024-09-11,JPM,0.9859801,1.122714,0.1890366
2024-09-11,TSLA,2.581553,-0.9537873,-1.353076
2024-09-11,XOM,0.5204702,0.7671502,-0.1690985
2024-09-12,AAPL,0.9340622,-0.3967956,-0.3665233
2024-09-12,JPM,0.9850882,1.126043,0.1834731
2024-09-12,TSLA,2.580609,-0.945696,-1.362607
2024-09-12,XOM,0.519837,0.7532728,-0.151579
2024-09-13,AAPL,0.9385186,-0.3928462,-0.3703107
2024-09-13,JPM,0.9946746,1.1339,0.1742435
2024-09-13,TSLA,2.590595,-0.9371237,-1.369894
2024-09-13,XOM,0.519835,0.753963,-0.1536189
2024-09-16,AAPL,0.8988979,-0.4698822,-0.3659685
2024-09-16,JPM,1.00065,1.145564,0.1731426
2024-09-16,TSLA,2.567553,-0.9770052,-1.361706
2024-09-16,XOM,0.5283398,0.7691564,-0.1568344
2024-09-17,AAPL,0.89935,-0.4669199,-0.3666875
2024-09-17,JPM,1.000607,1.146749,0.1724186
2024-09-17,TSLA,2.567709,-0.9727562,-1.362221
2024-09-17,XOM,0.5296085,0.7770486,-0.1602164
2024-09-18,AAPL,0.883528,-0.4563346,-0.353852
2024-09-18,JPM,1.00637,1.141888,0.1671876
2024-09-18,TSLA,2.563192,-0.9692599,-1.357416
2024-09-18,XOM,0.5268713,0.7781143,-0.1585162
2024-09-19,AAPL,0.9426342,-0.4374878,-0.3450052
2024-09-19,JPM,1.004786,1.14065,0.1660963
2024-09-19,TSLA,2.658367,-0.9393242,-1.344206
2024-09-19,XOM,0.5406217,0.7828518,-0.1548285
2024-09-20,AAPL,0.9456028,-0.4337439,-0.3482522
2024-09-20,JPM,0.9957843,1.129632,0.1755176
2024-09-20,TSLA,2.669741,-0.9220637,-1.356654
2024-09-20,XOM,0.5410787,0.7829493,-0.1555403
2024-09-23,AAPL,0.9194291,-0.4284468,-0.3044687
2024-09-23,JPM,0.9933342,1.129848,0.1793209
2024-09-23,TSLA,2.726263,-0.9343072,-1.453161
2024-09-23,XOM,0.5693359,0.7759344,-0.2044948
2024-09-24,AAPL,0.9162995,-0.4275667,-0.3015148
2024-09-24,JPM,0.9949984,1.122242,0.1740928
2024-09-24,TSLA,2.732787,-0.9378042,-1.45992
2024-09-24,XOM,0.5730588,0.7771467,-0.2068317
2024-09-25,AAPL,0.9199947,-0.4234637,-0.3061097
2024-09-25,JPM,0.9947865,1.121372,0.1734332
2024-09-25,TSLA,2.699803,-0.9627981,-1.413948
2024-09-25,XOM,0.5931174,0.7878137,-0.2390368
2024-09-26,AAPL,0.9205827,-0.4228582,-0.3065665
2024-09-26,JPM,0.9794035,1.112774,0.1922635
2024-09-26,TSLA,2.655601,-0.9857863,-1.35791
2024-09-26,XOM,0.5560773,0.7679166,-0.1906837
2024-09-27,AAPL,0.919257,-0.4224252,-0.3016338
2024-09-27,JPM,0.981607,1.111413,0.1802966
2024-09-27,TSLA,2.665146,-0.9883859,-1.399881
2024-09-27,XOM,0.5765449,0.761609,-0.2787912
2024-09-30,AAPL,0.9273806,-0.3928495,-0.2688874
2024-09-30,JPM,0.9793609,1.104007,0.1721565
2024-09-30,TSLA,2.666228,-0.9827697,-1.395264
2024-09-30,XOM,0.5794571,0.7744939,-0.2612807
2024-10-01,AAPL,0.949087,-0.3725956,-0.2334955
2024-10-01,JPM,0.9899687,1.113435,0.1884588
2024-10-01,TSLA,2.665781,-0.982158,-1.394343
2024-10-01,XOM,0.5562395,0.7529609,-0.2995884
2024-10-02,AAPL,0.9476551,-0.3725363,-0.2306151
2024-10-02,JPM,0.9888412,1.112907,0.1903835
2024-10-02,TSLA,2.678867,-0.9824623,-1.434247
2024-10-02,XOM,0.5501614,0.7532753,-0.2788529
2024-10-03,AAPL,0.9483425,-0.37413,-0.2329975
2024-10-03,JPM,0.9959287,1.091669,0.1598352
2024-10-03,TSLA,2.687415,-1.00938,-1.473177
2024-10-03,XOM,0.5441784,0.7662659,-0.2587672
2024-10-04,AAPL,0.939687,-0.3794616,-0.2316296
2024-10-04,JPM,1.041022,1.122212,0.1532826
2024-10-04,TSLA,2.720379,-0.9889752,-1.47623
2024-10-04,XOM,0.5671984,0.7798152,-0.2614921
2024-10-07,AAPL,0.9665141,-0.3835738,-0.2453361
2024-10-07,JPM,1.03187,1.124068,0.1580326
2024-10-07,TSLA,2.7399,-0.9899426,-1.485197
2024-10-07,XOM,0.5509036,0.7791597,-0.253929
2024-10-08,AAPL,0.9685837,-0.3949885,-0.2261244
2024-10-08,JPM,1.032045,1.125164,0.1556528
2024-10-08,TSLA,2.739457,-0.9894418,-1.484247
2024-10-08,XOM,0.5492092,0.8095444,-0.3023686
2024-10-09,AAPL,0.9899372,-0.3824718,-0.2348718
2024-10-09,JPM,1.036185,1.128068,0.1545714
2024-10-09,TSLA,2.666128,-1.032639,-1.455044
2024-10-09,XOM,0.5373457,0.8062268,-0.2937487
2024-10-10,AAPL,0.9899015,-0.3829721,-0.2338782
2024-10-10,JPM,1.035845,1.127359,0.1562202
2024-10-10,TSLA,2.665543,-1.032893,-1.449443
2024-10-10,XOM,0.5368335,0.8062818,-0.2982005
2024-10-11,AAPL,0.9921364,-0.4101988,-0.2707601
2024-10-11,JPM,1.026214,1.225291,0.2897488
2024-10-11,TSLA,2.690154,-1.300233,-1.809474
2024-10-11,XOM,0.5374731,0.8019668,-0.3013393
2024-10-14,AAPL,1.000544,-0.4110507,-0.2651739
2024-10-14,JPM,1.019679,1.225201,0.2823232
2024-10-14,TSLA,2.687168,-1.299768,-1.814199
2024-10-14,XOM,0.5403633,0.8012777,-0.2993255
2024-10-15,AAPL,0.9421782,-0.3961651,-0.2152814
2024-10-15,JPM,1.003035,1.229086,0.2958729
2024-10-15,TSLA,2.585215,-1.274759,-1.726021
2024-10-15,XOM,0.6197859,0.7809275,-0.3675351
2024-10-16,AAPL,0.9418248,-0.4148384,-0.2328157
2024-10-16,JPM,1.002783,1.219382,0.2870287
2024-10-16,TSLA,2.583163,-1.258129,-1.708698
2024-10-16,XOM,0.6235928,0.7794297,-0.3714194
2024-10-17,AAPL,0.9422148,-0.4141507,-0.2335327
2024-10-17,JPM,1.00338,1.219645,0.2854858
2024-10-17,TSLA,2.57371,-1.264185,-1.706735
2024-10-17,XOM,0.6231068,0.7785893,-0.3674168
2024-10-18,AAPL,0.9430514,-0.4254203,-0.2392183
2024-10-18,JPM,1.005393,1.199395,0.274782
2024-10-18,TSLA,2.566596,-1.219701,-1.681283
2024-10-18,XOM,0.6211966,0.7780557,-0.3662262
2024-10-21,AAPL,0.9394335,-0.4364416,-0.2403635
2024-10-21,JPM,1.001987,1.190241,0.2742995
2024-10-21,TSLA,2.577464,-1.183028,-1.677066
2024-10-21,XOM,0.6110425,0.7466973,-0.3691596
2024-10-22,AAPL,0.9392317,-0.4369393,-0.2398849
2024-10-22,JPM,1.000758,1.185348,0.2735784
2024-10-22,TSLA,2.578478,-1.171748,-1.674573
2024-10-22,XOM,0.6108771,0.7460859,-0.3686607
2024-10-23,AAPL,0.948623,-0.4624279,-0.2430221
2024-10-23,JPM,1.006896,1.167264,0.2711497
2024-10-23,TSLA,2.569617,-1.144115,-1.669117
2024-10-23,XOM,0.6189891,0.7230527,-0.3715419
2024-10-24,AAPL,0.9467021,-0.4551469,-0.2400441
2024-10-24,JPM,1.007394,1.159156,0.2665986
2024-10-24,TSLA,2.596041,-1.359024,-1.794042
2024-10-24,XOM,0.6163405,0.7306792,-0.3693397
2024-10-25,AAPL,0.9488931,-0.4537617,-0.2428653
2024-10-25,JPM,1.003787,1.163115,0.2761843
2024-10-25,TSLA,2.581356,-1.418318,-1.82443
2024-10-25,XOM,0.6098754,0.7152954,-0.3725766
2024-10-28,AAPL,0.9427487,-0.4391713,-0.2223718
2024-10-28,JPM,1.001769,1.169419,0.2846346
2024-10-28,TSLA,2.606777,-1.438349,-1.868361
2024-10-28,XOM,0.6156619,0.7031193,-0.3901907
2024-10-29,AAPL,0.9493528,-0.4254449,-0.2261269
2024-10-29,JPM,1.003928,1.17656,0.2839948
2024-10-29,TSLA,2.638358,-1.369967,-1.884745
2024-10-29,XOM,0.6226989,0.7173347,-0.3943414
2024-10-30,AAPL,0.9475493,-0.4462232,-0.2249177
2024-10-30,JPM,1.004996,1.181241,0.287245
2024-10-30,TSLA,2.635102,-1.370142,-1.890484
2024-10-30,XOM,0.6222116,0.6992673,-0.3896073
2024-10-31,AAPL,0.9494684,-0.4473575,-0.2200877
2024-10-31,JPM,1.006416,1.185048,0.2797531
2024-10-31,TSLA,2.626969,-1.373304,-1.888259
2024-10-31,XOM,0.6133968,0.6962739,-0.3915954
2024-11-01,AAPL,0.9585064,-0.3580486,-0.1791511
2024-11-01,JPM,1.001798,1.132527,0.2542066
2024-11-01,TSLA,2.640421,-1.240814,-1.827709
2024-11-01,XOM,0.6190378,0.7359881,-0.3757591
2024-11-04,AAPL,0.965919,-0.3462509,-0.1764179
2024-11-04,JPM,1.008285,1.142466,0.2566085
2024-11-04,TSLA,2.698068,-1.151919,-1.797082
2024-11-04,XOM,0.5438054,0.6226964,-0.4116535
2024-11-05,AAPL,0.9605859,-0.3482815,-0.1855059
2024-11-05,JPM,1.001859,1.139117,0.2457049
2024-11-05,TSLA,2.717683,-1.138382,-1.762113
2024-11-05,XOM,0.5446797,0.6221805,-0.4083925
2024-11-06,AAPL,0.9023826,-0.4652295,-0.2324528
2024-11-06,JPM,1.176824,1.491674,0.3851039
2024-11-06,TSLA,3.248172,-0.06721254,-1.336687
2024-11-06,XOM,0.4952154,0.5233818,-0.4463079
2024-11-07,AAPL,0.9046065,-0.4825625,-0.2374181
2024-11-07,JPM,1.169867,1.555512,0.399787
2024-11-07,TSLA,3.248126,-0.104189,-1.339709
2024-11-07,XOM,0.5010999,0.4600314,-0.4599684
2024-11-08,AAPL,0.9087458,-0.4793715,-0.2516195
2024-11-08,JPM,1.168346,1.554292,0.4034612
2024-11-08,TSLA,3.149018,-0.1601981,-1.104313
2024-11-08,XOM,0.4941079,0.4565032,-0.4465121
2024-11-11,AAPL,0.8977069,-0.4886252,-0.2229093
2024-11-11,JPM,1.165711,1.551887,0.4095007
2024-11-11,TSLA,3.209556,-0.1063857,-1.267743
2024-11-11,XOM,0.4829952,0.4467086,-0.4154969
2024-11-12,AAPL,0.898618,-0.4845085,-0.2212806
2024-11-12,JPM,1.167901,1.550192,0.4045709
2024-11-12,TSLA,3.20003,-0.1637746,-1.299851
2024-11-12,XOM,0.4857505,0.445033,-0.4210947
2024-11-13,AAPL,0.9051169,-0.4822554,-0.2309234
2024-11-13,JPM,1.177177,1.552991,0.3908706
2024-11-13,TSLA,3.191926,-0.1662065,-1.289322
2024-11-13,XOM,0.4955383,0.4475082,-0.436903
2024-11-14,AAPL,0.885955,-0.44258,-0.2091209
2024-11-14,JPM,1.179037,1.546992,0.387061
2024-11-14,TSLA,3.220814,-0.228396,-1.321038
2024-11-14,XOM,0.4961337,0.4462366,-0.4366486
2024-11-15,AAPL,0.8805352,-0.4327755,-0.2059165
2024-11-15,JPM,1.173583,1.556234,0.389905
2024-11-15,TSLA,3.107608,-0.01402216,-1.257059
2024-11-15,XOM,0.518545,0.402358,-0.4481014
2024-11-18,AAPL,0.896049,-0.4317733,-0.2224681
2024-11-18,JPM,1.161167,1.555063,0.4028307
2024-11-18,TSLA,3.175973,-0.01026121,-1.327785
2024-11-18,XOM,0.5258392,0.4026304,-0.4553503
2024-11-19,AAPL,0.9096294,-0.4152727,-0.2429027
2024-11-19,JPM,1.145316,1.536333,0.4257953
2024-11-19,TSLA,3.128404,-0.06564425,-1.258013
2024-11-19,XOM,0.5322132,0.4102322,-0.4650861
2024-11-20,AAPL,0.909777,-0.4157645,-0.2442202
2024-11-20,JPM,1.142545,1.539232,0.4348938
2024-11-20,TSLA,3.123642,-0.05762809,-1.23641
2024-11-20,XOM,0.5364316,0.4046679,-0.4803694
2024-11-21,AAPL,0.9046003,-0.4165495,-0.2386463
2024-11-21,JPM,1.147135,1.539626,0.4288973
2024-11-21,TSLA,3.097564,-0.0617973,-1.206291
2024-11-21,XOM,0.5430033,0.4057342,-0.4880318
2024-11-22,AAPL,0.904497,-0.4161762,-0.2418601
2024-11-22,JPM,1.146604,1.539654,0.4249561
2024-11-22,TSLA,3.09796,-0.06068655,-1.219994
2024-11-22,XOM,0.5424898,0.4052302,-0.4833474
2024-11-25,AAPL,0.9136127,-0.4228285,-0.2748
2024-11-25,JPM,1.15161,1.535322,0.4057485
2024-11-25,TSLA,3.020209,-0.00783338,-0.9542636
2024-11-25,XOM,0.518515,0.422095,-0.3995421
2024-11-26,AAPL,0.9157187,-0.4231757,-0.2677331
2024-11-26,JPM,1.149624,1.535375,0.3999791
2024-11-26,TSLA,3.014985,-0.006030908,-0.971975
2024-11-26,XOM,0.5105202,0.4247489,-0.4296389
2024-11-27,AAPL,0.9143371,-0.4225806,-0.2724228
2024-11-27,JPM,1.149201,1.534672,0.4016912
2024-11-27,TSLA,3.021583,-0.007968645,-0.9473362
2024-11-27,XOM,0.5124141,0.4235777,-0.4191036
2024-11-29,AAPL,0.9157806,-0.4254853,-0.2735493
2024-11-29,JPM,1.151834,1.531593,0.3969012
2024-11-29,TSLA,3.03941,-0.02954203,-0.9712949
2024-11-29,XOM,0.5151886,0.4202156,-0.4230829
2024-12-02,AAPL,0.9162753,-0.43117,-0.2806988
2024-12-02,JPM,1.1509,1.538871,0.4067804
2024-12-02,TSLA,3.045451,-0.06528898,-1.016841
2024-12-02,XOM,0.5135719,0.4224568,-0.4196814
2024-12-03,AAPL,0.9112613,-0.4342267,-0.262722
2024-12-03,JPM,1.152909,1.539872,0.3994757
2024-12-03,TSLA,3.053876,-0.05953698,-1.04558
2024-12-03,XOM,0.5106882,0.4208422,-0.4120062
2024-12-04,AAPL,0.9118966,-0.4164467,-0.2694915
2024-12-04,JPM,1.152308,1.534529,0.3999292
2024-12-04,TSLA,3.052573,-0.06099271,-1.044499
2024-12-04,XOM,0.5132778,0.4703887,-0.432712
2024-12-05,AAPL,0.9111696,-0.4107519,-0.2633436
2024-12-05,JPM,1.153742,1.53421,0.3981881
2024-12-05,TSLA,3.055529,0.01112058,-0.9772005
2024-12-05,XOM,0.5149959,0.4771874,-0.4276927
2024-12-06,AAPL,0.9162581,-0.3956983,-0.2641946
2024-12-06,JPM,1.138716,1.493579,0.4001562
2024-12-06,TSLA,3.021243,-0.07987584,-0.9722226
2024-12-06,XOM,0.5183251,0.4869939,-0.4286602
2024-12-09,AAPL,0.931481,-0.4184392,-0.3721216
2024-12-09,JPM,1.140747,1.489106,0.3811576
2024-12-09,TSLA,3.017391,-0.07049729,-0.9298881
2024-12-09,XOM,0.50658,0.5059289,-0.3393637
2024-12-10,AAPL,0.9233837,-0.4175824,-0.3693386
2024-12-10,JPM,1.14269,1.489378,0.3799612
2024-12-10,TSLA,2.977648,-0.06840534,-0.9159052
2024-12-10,XOM,0.5075556,0.5049198,-0.3392192
2024-12-11,AAPL,0.9215067,-0.4145016,-0.3968567
2024-12-11,JPM,1.149432,1.492692,0.3597767
2024-12-11,TSLA,2.993581,-0.07582831,-0.8256396
2024-12-11,XOM,0.5093713,0.5063764,-0.3490997
2024-12-12,AAPL,0.9196652,-0.4053939,-0.4010381
2024-12-12,JPM,1.151963,1.486305,0.3615591
2024-12-12,TSLA,2.990212,-0.08425898,-0.8186266
2024-12-12,XOM,0.5077498,0.5016151,-0.3453747
2024-12-13,AAPL,0.9188135,-0.4054733,-0.3998577
2024-12-13,JPM,1.155383,1.486904,0.3531464
2024-12-13,TSLA,2.964269,-0.08909007,-0.7600917
2024-12-13,XOM,0.5106624,0.5021086,-0.352708
2024-12-16,AAPL,0.9008461,-0.4197283,-0.3730468
2024-12-16,JPM,1.146711,1.479809,0.3647075
2024-12-16,TSLA,2.860213,-0.1727708,-0.6101817
2024-12-16,XOM,0.5346656,0.5218002,-0.3884674
2024-12-17,AAPL,0.8988232,-0.4302842,-0.3869963
2024-12-17,JPM,1.144194,1.464193,0.3435666
2024-12-17,TSLA,2.851053,-0.2300368,-0.6884879
2024-12-17,XOM,0.5344066,0.5242076,-0.3837781
2024-12-18,AAPL,0.9026102,-0.4298693,-0.3877403
2024-12-18,JPM,1.129823,1.461977,0.3446455
2024-12-18,TSLA,2.883785,-0.2259587,-0.6913274
2024-12-18,XOM,0.5608037,0.5277495,-0.3847301
2024-12-19,AAPL,0.8908122,-0.4238934,-0.3627807
2024-12-19,JPM,1.119986,1.466277,0.3645498
2024-12-19,TSLA,2.890928,-0.2293906,-0.7058504
2024-12-19,XOM,0.566152,0.5249114,-0.396051
2024-12-20,AAPL,0.9162207,-0.4178258,-0.3727041
2024-12-20,JPM,1.134279,1.469278,0.3587988
2024-12-20,TSLA,2.680768,-0.2789389,-0.6272957
2024-12-20,XOM,0.5597007,0.5233366,-0.3934572
2024-12-23,AAPL,0.8969457,-0.417963,-0.3595571
2024-12-23,JPM,1.128028,1.468951,0.3627473
2024-12-23,TSLA,2.680151,-0.2788087,-0.6268857
2024-12-23,XOM,0.559231,0.523226,-0.3931333
2024-12-24,AAPL,0.9012671,-0.4164513,-0.3587058
2024-12-24,JPM,1.129872,1.469165,0.3629599
2024-12-24,TSLA,2.770661,-0.2515162,-0.6162005
2024-12-24,XOM,0.5545064,0.5218494,-0.393339
2024-12-26,AAPL,0.8946563,-0.4189021,-0.3555353
2024-12-26,JPM,1.119158,1.464705,0.3682126
2024-12-26,TSLA,2.816198,-0.2338051,-0.6404917
2024-12-26,XOM,0.5452994,0.5177449,-0.3901287
2024-12-27,AAPL,0.9002199,-0.4233045,-0.3468484
2024-12-27,JPM,1.120038,1.463425,0.3704193
2024-12-27,TSLA,2.840065,-0.2524549,-0.6038567
2024-12-27,XOM,0.546062,0.5168066,-0.3883285
2024-12-30,AAPL,0.907368,-0.4232626,-0.3601699
2024-12-30,JPM,1.141708,1.452794,0.3585962
2024-12-30,TSLA,2.854187,-0.2588958,-0.6128533
2024-12-30,XOM,0.5545205,0.5118813,-0.3907593
2024-12-31,AAPL,0.9049664,-0.4273763,-0.3481186
2024-12-31,JPM,1.14122,1.451701,0.3597336
2024-12-31,TSLA,2.841331,-0.2833617,-0.5437562
2024-12-31,XOM,0.5593992,0.5219265,-0.4198565
2025-01-02,AAPL,0.939693,-0.4154238,-0.3859299
2025-01-02,JPM,1.134946,1.449204,0.3666056
2025-01-02,TSLA,2.923665,-0.2554064,-0.6317714
2025-01-02,XOM,0.5548642,0.5204243,-0.4156407
2025-01-03,AAPL,0.922498,-0.3952706,-0.3946612
2025-01-03,JPM,1.145039,1.438766,0.3706576
2025-01-03,TSLA,2.974982,-0.3102923,-0.6075682
2025-01-03,XOM,0.5646991,0.5100596,-0.4111151
2025-01-06,AAPL,0.91875,-0.3934522,-0.3927153
2025-01-06,JPM,1.129299,1.440378,0.3819606
2025-01-06,TSLA,2.9347,-0.3076339,-0.5761367
2025-01-06,XOM,0.558481,0.5095401,-0.4057422
2025-01-07,AAPL,0.9194864,-0.3971013,-0.376356
2025-01-07,JPM,1.125185,1.450852,0.3341668
2025-01-07,TSLA,2.936219,-0.3206469,-0.5219428
2025-01-07,XOM,0.5566542,0.5123431,-0.419259
2025-01-08,AAPL,0.9192272,-0.3963513,-0.3744602
2025-01-08,JPM,1.12435,1.448227,0.3286301
2025-01-08,TSLA,2.934951,-0.322101,-0.5225624
2025-01-08,XOM,0.5546814,0.5042402,-0.4393568
2025-01-10,AAPL,0.9543763,-0.3833195,-0.3724018
2025-01-10,JPM,1.10922,1.442388,0.3279973
2025-01-10,TSLA,2.843816,-0.3549643,-0.5220122
2025-01-10,XOM,0.5497652,0.5024277,-0.440218
2025-01-13,AAPL,0.9182441,-0.4126262,-0.3376615
2025-01-13,JPM,1.111712,1.444309,0.3253148
2025-01-13,TSLA,2.8767,-0.326813,-0.5528093
2025-01-13,XOM,0.5904053,0.5358342,-0.4800277
2025-01-14,AAPL,0.9146096,-0.3990526,-0.3247569
2025-01-14,JPM,1.122442,1.379814,0.2729393
2025-01-14,TSLA,2.888721,-0.3925443,-0.608647
2025-01-14,XOM,0.5892848,0.53159,-0.4805998
2025-01-15,AAPL,0.9342832,-0.3866114,-0.307631
2025-01-15,JPM,1.09985,1.365555,0.2537142
2025-01-15,TSLA,2.964155,-0.3449271,-0.5420623
2025-01-15,XOM,0.621428,0.551518,-0.4529737
2025-01-16,AAPL,0.9253459,-0.3866376,-0.2597797
2025-01-16,JPM,1.101166,1.365168,0.2450048
2025-01-16,TSLA,2.959348,-0.345193,-0.4954916
2025-01-16,XOM,0.6204876,0.5513505,-0.4481009
2025-01-17,AAPL,0.923814,-0.3875737,-0.2597128
2025-01-17,JPM,1.110051,1.369667,0.2468443
2025-01-17,TSLA,2.966634,-0.3394346,-0.4931758
2025-01-17,XOM,0.6313419,0.5569562,-0.4456493
2025-01-21,AAPL,0.9291833,-0.299811,-0.26285
2025-01-21,JPM,1.106646,1.334045,0.2487699
2025-01-21,TSLA,2.96706,-0.2549943,-0.4928945
2025-01-21,XOM,0.6311392,0.562436,-0.4454562
2025-01-22,AAPL,0.9273024,-0.2952142,-0.2631472
2025-01-22,JPM,1.110448,1.321682,0.2499083
2025-01-22,TSLA,2.940758,-0.1744394,-0.5046511
2025-01-22,XOM,0.6218741,0.5863901,-0.446527
2025-01-23,AAPL,0.9150897,-0.2901643,-0.2467528
2025-01-23,JPM,1.127571,1.313883,0.2261177
2025-01-23,TSLA,2.89092,-0.1540885,-0.4380098
2025-01-23,XOM,0.6257453,0.5837928,-0.4531786
2025-01-24,AAPL,0.9147444,-0.2888388,-0.2463091
2025-01-24,JPM,1.132764,1.296599,0.2189875
2025-01-24,TSLA,2.906924,-0.1572622,-0.4521584
2025-01-24,XOM,0.6312335,0.5597441,-0.4613381
2025-01-27,AAPL,0.9942053,-0.1788407,-0.4806875
2025-01-27,JPM,1.121882,1.281804,0.249534
2025-01-27,TSLA,2.914621,-0.1452637,-0.477053
2025-01-27,XOM,0.6181329,0.5419119,-0.4222301
2025-01-28,AAPL,0.9653612,-0.2440899,-0.3942585
2025-01-28,JPM,1.113683,1.263438,0.2732822
2025-01-28,TSLA,2.930986,-0.1045641,-0.5291409
2025-01-28,XOM,0.623695,0.5555246,-0.4399021
2025-01-29,AAPL,0.9514626,-0.2303836,-0.378176
2025-01-29,JPM,1.12147,1.255458,0.2641686
2025-01-29,TSLA,2.946696,-0.118034,-0.5457082
2025-01-29,XOM,0.6125383,0.5613929,-0.4304237
2025-01-30,AAPL,0.9489084,-0.2351739,-0.3876227
2025-01-30,JPM,1.123074,1.254489,0.2604848
2025-01-30,TSLA,2.950109,-0.1109392,-0.5322245
2025-01-30,XOM,0.6106539,0.5645188,-0.4203931
2025-01-31,AAPL,0.9513676,-0.2345766,-0.3897135
2025-01-31,JPM,1.119012,1.253427,0.263531
2025-01-31,TSLA,2.901755,-0.1192311,-0.492289
2025-01-31,XOM,0.6476415,0.5673747,-0.4514724
2025-02-03,AAPL,1.001229,-0.2195724,-0.4133903
2025-02-03,JPM,1.105561,1.249143,0.2712636
2025-02-03,TSLA,2.958331,-0.1021523,-0.5167491
2025-02-03,XOM,0.633438,0.5631112,-0.4433235
2025-02-04,AAPL,0.9982267,-0.2195658,-0.4009856
2025-02-04,JPM,1.107108,1.249055,0.2661499
2025-02-04,TSLA,2.954602,-0.1027818,-0.512318
2025-02-04,XOM,0.6274396,0.5624858,-0.4224217
2025-02-05,AAPL,0.997913,-0.2208568,-0.4018223
2025-02-05,JPM,1.106315,1.249064,0.2673784
2025-02-05,TSLA,2.959854,-0.1420494,-0.5506677
2025-02-05,XOM,0.6271418,0.5611384,-0.4230597
2025-02-06,AAPL,0.9997198,-0.2119758,-0.3916019
2025-02-06,JPM,1.109114,1.268526,0.2892062
2025-02-06,TSLA,2.955063,-0.1773193,-0.5883925
2025-02-06,XOM,0.6221874,0.5283459,-0.4586743
2025-02-07,AAPL,1.03556,-0.2079714,-0.4060241
2025-02-07,JPM,1.09627,1.266684,0.2941657
2025-02-07,TSLA,2.973408,-0.175124,-0.5955468
2025-02-07,XOM,0.6009208,0.5261504,-0.4497643
2025-02-10,AAPL,1.022992,-0.1864338,-0.3851994
2025-02-10,JPM,1.078963,1.295002,0.3226615
2025-02-10,TSLA,2.890231,-0.03191647,-0.4561213
2025-02-10,XOM,0.6294921,0.4733924,-0.4987323
2025-02-11,AAPL,1.06219,-0.1392741,-0.4123067
2025-02-11,JPM,1.078819,1.295279,0.3216603
2025-02-11,TSLA,2.764919,-0.1760027,-0.3767322
2025-02-11,XOM,0.6225982,0.465368,-0.4936576
2025-02-12,AAPL,1.051838,-0.1644911,-0.4163528
2025-02-12,JPM,1.07435,1.280685,0.3172274
2025-02-12,TSLA,2.751272,-0.2168314,-0.3876372
2025-02-12,XOM,0.6363007,0.4996904,-0.4882882
2025-02-13,AAPL,1.073124,-0.1627544,-0.4211136
2025-02-13,JPM,1.053649,1.278354,0.3216399
2025-02-13,TSLA,2.806965,-0.2116726,-0.3996908
2025-02-13,XOM,0.6435535,0.500031,-0.4899737
2025-02-14,AAPL,1.077144,-0.1490544,-0.4189564
2025-02-14,JPM,1.05077,1.270079,0.320382
2025-02-14,TSLA,2.800218,-0.2157957,-0.3926201
2025-02-14,XOM,0.6408582,0.4976404,-0.4874815
2025-02-18,AAPL,1.063078,-0.1487936,-0.4016585
2025-02-18,JPM,1.064507,1.269307,0.3024625
2025-02-18,TSLA,2.769918,-0.2146752,-0.3544073
2025-02-18,XOM,0.6620663,0.4970022,-0.5144952
2025-02-19,AAPL,1.056386,-0.1473351,-0.3952478
2025-02-19,JPM,1.059011,1.269983,0.3078394
2025-02-19,TSLA,2.789185,-0.2191271,-0.374655
2025-02-19,XOM,0.6595626,0.497512,-0.5125808
2025-02-20,AAPL,1.056965,-0.1514109,-0.4033776
2025-02-20,JPM,1.045763,1.318335,0.4083146
2025-02-20,TSLA,2.78535,-0.2094057,-0.3537946
2025-02-20,XOM,0.6625698,0.477863,-0.5508304
2025-02-21,AAPL,1.040697,-0.1493193,-0.4134774
2025-02-21,JPM,1.035883,1.319147,0.402263
2025-02-21,TSLA,2.793144,-0.210364,-0.3516258
2025-02-21,XOM,0.6848185,0.4748393,-0.5366486
2025-02-24,AAPL,1.0472,-0.1424558,-0.421583
2025-02-24,JPM,1.004854,1.290224,0.4380151
2025-02-24,TSLA,2.773915,-0.22616,-0.3306931
2025-02-24,XOM,0.6761238,0.4673178,-0.5269361
2025-02-25,AAPL,1.044186,-0.1392947,-0.4220442
2025-02-25,JPM,1.018762,1.274927,0.4395181
2025-02-25,TSLA,2.849338,-0.2889051,-0.3385811
2025-02-25,XOM,0.6936045,0.4531376,-0.5292374
2025-02-26,AAPL,1.096825,-0.1451709,-0.5001574
2025-02-26,JPM,1.013841,1.275824,0.4473901
2025-02-26,TSLA,2.937876,-0.3010741,-0.4735379
2025-02-26,XOM,0.6751194,0.4547505,-0.5027299
2025-02-27,AAPL,1.096643,-0.1453296,-0.4999976
2025-02-27,JPM,1.0255,1.251271,0.4383047
2025-02-27,TSLA,2.899868,-0.2296309,-0.4456601
2025-02-27,XOM,0.669069,0.4656117,-0.4983103
2025-02-28,AAPL,1.115607,-0.1357083,-0.4934754
2025-02-28,JPM,1.014664,1.247187,0.4351578
2025-02-28,TSLA,2.893814,-0.2306498,-0.4463515
2025-02-28,XOM,0.6916206,0.4762584,-0.490947
2025-03-03,AAPL,1.118187,-0.1372978,-0.494392
2025-03-03,JPM,1.036591,1.236478,0.4219549
2025-03-03,TSLA,2.816308,-0.195964,-0.3981776
2025-03-03,XOM,0.7693795,0.4406342,-0.539173
2025-03-04,AAPL,1.106734,-0.1500448,-0.4969574
2025-03-04,JPM,1.03103,1.230141,0.4205565
2025-03-04,TSLA,2.877196,-0.1258901,-0.3820131
2025-03-04,XOM,0.7088688,0.3715919,-0.5544413
2025-03-05,AAPL,1.063076,-0.1238174,-0.4564191
2025-03-05,JPM,1.041443,1.223119,0.4109712
2025-03-05,TSLA,2.850753,-0.1104992,-0.3576318
2025-03-05,XOM,0.6380312,0.4122201,-0.4846986
2025-03-06,AAPL,1.055646,-0.1256077,-0.4802675
2025-03-06,JPM,1.041922,1.222945,0.4129811
2025-03-06,TSLA,2.865478,-0.1080512,-0.3241878
2025-03-06,XOM,0.616726,0.4077598,-0.5426648
2025-03-07,AAPL,1.069481,-0.1313854,-0.496887
2025-03-07,JPM,1.009243,1.241023,0.4595906
2025-03-07,TSLA,2.81439,-0.08091625,-0.2535621
2025-03-07,XOM,0.6321549,0.3997854,-0.5634524
2025-03-10,AAPL,1.173097,-0.1109163,-0.4554679
2025-03-10,JPM,1.042222,1.247256,0.4726582
2025-03-10,TSLA,3.071414,-0.02831651,-0.1504289
2025-03-10,XOM,0.5380585,0.3801968,-0.600678
2025-03-11,AAPL,1.217737,-0.1170184,-0.5011007
2025-03-11,JPM,1.106529,1.238131,0.4067745
2025-03-11,TSLA,2.777296,0.01129459,0.150929
2025-03-11,XOM,0.5820639,0.374155,-0.6459379
2025-03-12,AAPL,1.23295,-0.1248161,-0.5483906
2025-03-12,JPM,1.122923,1.229361,0.3543073
2025-03-12,TSLA,2.717164,0.04201027,0.3525593
2025-03-12,XOM,0.5705976,0.3797598,-0.6103713
2025-03-13,AAPL,1.262556,-0.1666213,-0.5714355
2025-03-13,JPM,1.138784,1.207403,0.341978
2025-03-13,TSLA,2.698237,0.06449487,0.3662224
2025-03-13,XOM,0.5768157,0.3715123,-0.6149669
2025-03-14,AAPL,1.251122,-0.1684802,-0.5697678
2025-03-14,JPM,1.149308,1.210026,0.3403504
2025-03-14,TSLA,2.605103,0.03299709,0.3820882
2025-03-14,XOM,0.6581232,0.3990289,-0.628495
2025-03-17,AAPL,1.229593,-0.1687207,-0.5469088
2025-03-17,JPM,1.147923,1.208918,0.3423347
2025-03-17,TSLA,2.46263,0.03283826,0.5319143
2025-03-17,XOM,0.6716751,0.3990804,-0.6429819
2025-03-18,AAPL,1.224397,-0.1631707,-0.5463602
2025-03-18,JPM,1.137618,1.218707,0.3430981
2025-03-18,TSLA,2.481165,0.007310028,0.5318966
2025-03-18,XOM,0.6737383,0.3957505,-0.6427514
2025-03-19,AAPL,1.226464,-0.1611013,-0.5336224
2025-03-19,JPM,1.138509,1.219282,0.3491745
2025-03-19,TSLA,2.483464,0.009345983,0.5493268
2025-03-19,XOM,0.679487,0.4004278,-0.6113493
2025-03-20,AAPL,1.225938,-0.1635879,-0.5353218
2025-03-20,JPM,1.139168,1.220228,0.3486353
2025-03-20,TSLA,2.481621,0.01231904,0.5542875
2025-03-20,XOM,0.6786997,0.4037272,-0.607428
2025-03-21,AAPL,1.218676,-0.1835027,-0.5178439
2025-03-21,JPM,1.132495,1.199279,0.3607792
2025-03-21,TSLA,2.462893,-0.04544694,0.5909918
2025-03-21,XOM,0.6776059,0.4009659,-0.6058492
2025-03-24,AAPL,1.206616,-0.1836676,-0.5157465
2025-03-24,JPM,1.146819,1.199305,0.3584875
2025-03-24,TSLA,2.617592,-0.03846166,0.5655926
2025-03-24,XOM,0.668131,0.4007869,-0.6042636
2025-03-25,AAPL,1.212017,-0.1790556,-0.5002267
2025-03-25,JPM,1.150153,1.202605,0.3673957
2025-03-25,TSLA,2.629771,-0.03102518,0.6000997
2025-03-25,XOM,0.6724225,0.4034762,-0.5917862
2025-03-26,AAPL,1.211341,-0.1788911,-0.4998393
2025-03-26,JPM,1.151148,1.199934,0.3674123
2025-03-26,TSLA,2.6441,-0.06913578,0.6031075
2025-03-26,XOM,0.6649879,0.4235084,-0.5933189
2025-03-27,AAPL,1.199711,-0.1772928,-0.5026986
2025-03-27,JPM,1.156308,1.197821,0.3710128
2025-03-27,TSLA,2.632994,-0.06608598,0.5967919
2025-03-27,XOM,0.668789,0.4231673,-0.5925529
2025-03-28,AAPL,1.210193,-0.1772159,-0.5098425
2025-03-28,JPM,1.168935,1.196955,0.3624387
2025-03-28,TSLA,2.562746,-0.06202772,0.6422919
2025-03-28,XOM,0.6237655,0.4248443,-0.5627451
2025-03-31,AAPL,1.229755,-0.1661111,-0.5010509
2025-03-31,JPM,1.166042,1.194983,0.361322
2025-03-31,TSLA,2.513781,-0.09010651,0.6220486
2025-03-31,XOM,0.6359998,0.4324969,-0.5573083
2025-04-01,AAPL,1.229829,-0.1656279,-0.4994715
2025-04-01,JPM,1.158517,1.188996,0.3467904
2025-04-01,TSLA,2.52264,-0.08276854,0.6433299
2025-04-01,XOM,0.6373333,0.4334312,-0.5571906
2025-04-02,AAPL,1.225574,-0.164972,-0.4943746
2025-04-02,JPM,1.159816,1.188409,0.3448468
2025-04-02,TSLA,2.554513,-0.08860146,0.6016049
2025-04-02,XOM,0.6279262,0.4349302,-0.5452273
2025-04-03,AAPL,1.442529,-0.1231144,-0.6485187
2025-04-03,JPM,1.224854,1.200713,0.299119
2025-04-03,TSLA,2.101049,-0.1745409,0.9309774
2025-04-03,XOM,0.7133548,0.4513609,-0.6056414
2025-04-04,AAPL,1.312436,-0.1366143,-0.6060595
2025-04-04,JPM,1.214981,1.199353,0.3021531
2025-04-04,TSLA,2.022906,-0.1856599,0.9631694
2025-04-04,XOM,0.8694307,0.4681364,-0.6574466
2025-04-07,AAPL,1.31849,-0.1282895,-0.6425043
2025-04-07,JPM,1.210421,1.193127,0.3281599
2025-04-07,TSLA,2.027936,-0.1779426,0.9326865
2025-04-07,XOM,0.8708251,0.4699697,-0.666314
2025-04-08,AAPL,1.343884,-0.1769752,-0.7192594
2025-04-08,JPM,1.192931,1.225853,0.3802289
2025-04-08,TSLA,2.065486,-0.2488919,0.8210335
2025-04-08,XOM,0.8741256,0.4632793,-0.6766451
2025-04-09,AAPL,1.362423,-0.1918136,-0.7378125
2025-04-09,JPM,1.232068,1.195877,0.3408036
2025-04-09,TSLA,2.196056,-0.3569934,0.6897033
2025-04-09,XOM,0.7434955,0.5727491,-0.5454121
2025-04-10,AAPL,1.340875,-0.2076954,-0.718517
2025-04-10,JPM,1.219107,1.184968,0.3550914
2025-04-10,TSLA,2.203857,-0.3511327,0.6823904
2025-04-10,XOM,0.7783482,0.6008622,-0.5831651
2025-04-11,AAPL,1.34863,-0.2246102,-0.7281038
2025-04-11,JPM,1.234849,1.137601,0.3285841
2025-04-11,TSLA,2.179976,-0.2879276,0.7180184
2025-04-11,XOM,0.7911006,0.5673089,-0.6019981
2025-04-14,AAPL,1.357049,-0.2044303,-0.7160514
2025-04-14,JPM,1.222742,1.109063,0.3116815
2025-04-14,TSLA,2.167748,-0.3140227,0.7010897
2025-04-14,XOM,0.7896684,0.5642572,-0.6038061
2025-04-15,AAPL,1.357838,-0.1900495,-0.693767
2025-04-15,JPM,1.221016,1.08803,0.2829144
2025-04-15,TSLA,2.166858,-0.3179259,0.7003661
2025-04-15,XOM,0.7901536,0.5710699,-0.5943707
2025-04-16,AAPL,1.362172,-0.1994364,-0.6942264
2025-04-16,JPM,1.221616,1.086143,0.282757
2025-04-16,TSLA,2.167244,-0.3193034,0.7010703
2025-04-16,XOM,0.772433,0.6092276,-0.5943505
2025-04-17,AAPL,1.36451,-0.1896581,-0.7012197
2025-04-17,JPM,1.222025,1.08794,0.2810597
2025-04-17,TSLA,2.167484,-0.3175552,0.7001535
2025-04-17,XOM,0.7774292,0.6294562,-0.6092325
2025-04-21,AAPL,1.358526,-0.1888985,-0.7107455
2025-04-21,JPM,1.209593,1.083132,0.2647376
2025-04-21,TSLA,2.164138,-0.3199545,0.696513
2025-04-21,XOM,0.7851225,0.6306336,-0.5979452
2025-04-22,AAPL,1.362583,-0.1839485,-0.7084469
2025-04-22,JPM,1.200109,1.071937,0.259908
2025-04-22,TSLA,2.146769,-0.3378246,0.6890913
2025-04-22,XOM,0.7978545,0.6453908,-0.5913599
2025-04-23,AAPL,1.365889,-0.1863111,-0.703142
2025-04-23,JPM,1.203541,1.06942,0.2654739
2025-04-23,TSLA,2.150504,-0.3389109,0.696025
2025-04-23,XOM,0.7899293,0.6505724,-0.6034018
2025-04-24,AAPL,1.357092,-0.170123,-0.6919897
2025-04-24,JPM,1.203424,1.069001,0.2654816
2025-04-24,TSLA,2.139785,-0.3225192,0.7138179
2025-04-24,XOM,0.7895515,0.6511269,-0.6031943
2025-04-25,AAPL,1.35761,-0.1619259,-0.6922538
2025-04-25,JPM,1.203668,1.073188,0.2652234
2025-04-25,TSLA,2.13135,-0.4753328,0.7244306
2025-04-25,XOM,0.7890525,0.6425902,-0.6024859
2025-04-28,AAPL,1.357655,-0.161069,-0.6906766
2025-04-28,JPM,1.203405,1.071063,0.2646278
2025-04-28,TSLA,2.131156,-0.47999,0.7275542
2025-04-28,XOM,0.7889566,0.6408407,-0.6009083
2025-04-29,AAPL,1.357895,-0.1598221,-0.688761
2025-04-29,JPM,1.202465,1.069908,0.2626283
2025-04-29,TSLA,2.132981,-0.4688372,0.7424234
2025-04-29,XOM,0.7879537,0.6401473,-0.6025401
2025-04-30,AAPL,1.357606,-0.162937,-0.689234
2025-04-30,JPM,1.202873,1.064698,0.262311
2025-04-30,TSLA,2.134499,-0.4172255,0.7507848
2025-04-30,XOM,0.7894252,0.6720297,-0.5967443
2025-05-01,AAPL,1.35755,-0.1630004,-0.6888182
2025-05-01,JPM,1.203183,1.063667,0.2649324
2025-05-01,TSLA,2.13161,-0.4121635,0.7310542
2025-05-01,XOM,0.7892063,0.6712643,-0.5948029
2025-05-02,AAPL,1.314606,-0.237663,-0.6848216
2025-05-02,JPM,1.204339,1.065598,0.2652397
2025-05-02,TSLA,2.123074,-0.4268448,0.7329466
2025-05-02,XOM,0.7817285,0.6582145,-0.5938937
2025-05-05,AAPL,1.325832,-0.2106722,-0.688369
2025-05-05,JPM,1.197591,1.049946,0.2674216
2025-05-05,TSLA,2.133565,-0.4056072,0.7283033
2025-05-05,XOM,0.7920436,0.6794293,-0.5981297
2025-05-06,AAPL,1.325854,-0.1945004,-0.6703214
2025-05-06,JPM,1.198095,1.034093,0.2510037
2025-05-06,TSLA,2.133918,-0.408021,0.7261219
2025-05-06,XOM,0.7912171,0.7030176,-0.5727631
2025-05-07,AAPL,1.320863,-0.1894785,-0.6556054
2025-05-07,JPM,1.197158,1.034942,0.2536068
2025-05-07,TSLA,2.132437,-0.4106784,0.72681
2025-05-07,XOM,0.7896306,0.7041382,-0.5684182
2025-05-08,AAPL,1.321188,-0.1884553,-0.6446054
2025-05-08,JPM,1.195669,1.031035,0.2270802
2025-05-08,TSLA,2.130968,-0.4138861,0.688456
2025-05-08,XOM,0.7893677,0.7036022,-0.5745904
2025-05-09,AAPL,1.32222,-0.1836994,-0.6461123
2025-05-09,JPM,1.193958,1.024153,0.2293528
2025-05-09,TSLA,2.144192,-0.3592716,0.668087
2025-05-09,XOM,0.7906545,0.7093691,-0.5764386
2025-05-12,AAPL,1.322167,-0.1833352,-0.645223
2025-05-12,JPM,1.200835,1.003032,0.1924099
2025-05-12,TSLA,2.149616,-0.3746425,0.64116
2025-05-12,XOM,0.7773286,0.7483142,-0.5069625
2025-05-13,AAPL,1.322765,-0.1825507,-0.6437738
2025-05-13,JPM,1.20147,1.003133,0.1931485
2025-05-13,TSLA,2.160586,-0.3702019,0.6498517
2025-05-13,XOM,0.7767192,0.7477972,-0.5074661
2025-05-14,AAPL,1.32289,-0.1806242,-0.6446266
2025-05-14,JPM,1.198288,0.9765048,0.2063424
2025-05-14,TSLA,2.154477,-0.4218678,0.6757861
2025-05-14,XOM,0.7763189,0.7449925,-0.5061057
2025-05-15,AAPL,1.321386,-0.1851928,-0.6472817
2025-05-15,JPM,1.197638,0.9729634,0.2052423
2025-05-15,TSLA,2.147752,-0.4512235,0.6625856
2025-05-15,XOM,0.7785757,0.7535884,-0.5014201
2025-05-16,AAPL,1.3195,-0.1779898,-0.6452332
2025-05-16,JPM,1.196722,0.9763046,0.2066793
2025-05-16,TSLA,2.147938,-0.4513016,0.663537
2025-05-16,XOM,0.7773848,0.7571651,-0.5008989
2025-05-19,AAPL,1.318433,-0.1784865,-0.6519618
2025-05-19,JPM,1.19514,0.9750834,0.1967213
2025-05-19,TSLA,2.144539,-0.4533812,0.6409146
2025-05-19,XOM,0.7756846,0.7555813,-0.5110944
2025-05-20,AAPL,1.320026,-0.1761463,-0.6508621
2025-05-20,JPM,1.189923,0.9665258,0.1943074
2025-05-20,TSLA,2.138949,-0.4611051,0.637676
2025-05-20,XOM,0.7806692,0.7605951,-0.5071827
2025-05-21,AAPL,1.316888,-0.1809307,-0.6461242
2025-05-21,JPM,1.187931,0.9632791,0.196689
2025-05-21,TSLA,2.135756,-0.4659563,0.6405712
2025-05-21,XOM,0.7736064,0.7493859,-0.4960019
2025-05-22,AAPL,1.317948,-0.1776876,-0.6445318
2025-05-22,JPM,1.186964,0.9605918,0.1954496
2025-05-22,TSLA,2.129462,-0.4839797,0.6306243
2025-05-22,XOM,0.7745215,0.7518847,-0.4949607
2025-05-23,AAPL,1.320137,-0.1894639,-0.6625485
2025-05-23,JPM,1.186672,0.9619752,0.1970425
2025-05-23,TSLA,2.127956,-0.4844654,0.6377305
2025-05-23,XOM,0.7731139,0.7589583,-0.4842706
2025-05-27,AAPL,1.318662,-0.1903664,-0.6621044
2025-05-27,JPM,1.182548,0.959764,0.1987498
2025-05-27,TSLA,2.146274,-0.4775152,0.6275159
2025-05-27,XOM,0.7646516,0.7555558,-0.4796487
2025-05-28,AAPL,1.314336,-0.1986794,-0.6596319
2025-05-28,JPM,1.18201,0.9586588,0.1988867
2025-05-28,TSLA,2.148693,-0.4735337,0.6262465
2025-05-28,XOM,0.7674821,0.7623286,-0.481554
2025-05-29,AAPL,1.312145,-0.2036213,-0.6570728
2025-05-29,JPM,1.180689,0.9555223,0.2001785
2025-05-29,TSLA,2.148212,-0.4743838,0.6267811
2025-05-29,XOM,0.7673822,0.762111,-0.4814599
2025-05-30,AAPL,1.313579,-0.2069676,-0.6373444
2025-05-30,JPM,1.18026,0.9550458,0.194981
2025-05-30,TSLA,2.144012,-0.4737973,0.5575717
2025-05-30,XOM,0.7676937,0.7614647,-0.4750509
2025-06-02,AAPL,1.313848,-0.2055319,-0.6375755
2025-06-02,JPM,1.179986,0.9514724,0.1950609
2025-06-02,TSLA,2.145092,-0.4409965,0.5559242
2025-06-02,XOM,0.7666316,0.7462392,-0.4739307
2025-06-03,AAPL,1.315029,-0.201852,-0.6276101
2025-06-03,JPM,1.179006,0.948945,0.1882733
2025-06-03,TSLA,2.147032,-0.4362644,0.5734617
2025-06-03,XOM,0.7663802,0.744639,-0.4733367
2025-06-04,AAPL,1.318588,-0.1881295,-0.623341
2025-06-04,JPM,1.17536,0.9345003,0.1837327
2025-06-04,TSLA,2.179906,-0.3092865,0.6124709
2025-06-04,XOM,0.7710574,0.7617694,-0.4681401
2025-06-05,AAPL,1.318261,-0.1880039,-0.6232198
2025-06-05,JPM,1.177692,0.9328646,0.1840939
2025-06-05,TSLA,2.23809,-0.3341445,0.5706571
2025-06-05,XOM,0.7704614,0.7618088,-0.4684081
2025-06-06,AAPL,1.320704,-0.1840983,-0.6241789
2025-06-06,JPM,1.17798,0.9332176,0.18392
2025-06-06,TSLA,2.244389,-0.3231367,0.5707937
2025-06-06,XOM,0.7781664,0.7744579,-0.4693362
2025-06-09,AAPL,1.325275,-0.1777873,-0.5968918
2025-06-09,JPM,1.176324,0.9312324,0.1767787
2025-06-09,TSLA,2.230689,-0.3406738,0.4953141
2025-06-09,XOM,0.7775541,0.7733422,-0.4730066
2025-06-10,AAPL,1.322165,-0.182527,-0.5787639
2025-06-10,JPM,1.176207,0.9308065,0.1770025
2025-06-10,TSLA,2.250777,-0.3123865,0.38825
2025-06-10,XOM,0.7804757,0.7776403,-0.4901625
2025-06-11,AAPL,1.32416,-0.1784169,-0.5844985
2025-06-11,JPM,1.17551,0.9265576,0.1749901
2025-06-11,TSLA,2.249799,-0.3129854,0.3917855
2025-06-11,XOM,0.7801084,0.7892827,-0.4742664
2025-06-12,AAPL,1.322099,-0.1803417,-0.5866135
2025-06-12,JPM,1.174044,0.9278819,0.1771228
2025-06-12,TSLA,2.236842,-0.3152074,0.3901371
2025-06-12,XOM,0.7807615,0.7899997,-0.4730636
2025-06-13,AAPL,1.323082,-0.1784379,-0.5849178
2025-06-13,JPM,1.174234,0.9292719,0.1773002
2025-06-13,TSLA,2.219465,-0.3365138,0.3635727
2025-06-13,XOM,0.7711014,0.7764645,-0.4873612
2025-06-16,AAPL,1.323444,-0.1800812,-0.5845236
2025-06-16,JPM,1.176888,0.9275903,0.1809375
2025-06-16,TSLA,2.215788,-0.3364102,0.3584543
2025-06-16,XOM,0.7710218,0.7755408,-0.4874082
2025-06-17,AAPL,1.322201,-0.1814978,-0.5835297
2025-06-17,JPM,1.174167,0.9255125,0.184562
2025-06-17,TSLA,2.225654,-0.3300016,0.3436913
2025-06-17,XOM,0.75988,0.7669969,-0.4725017
2025-06-18,AAPL,1.323508,-0.1684176,-0.5767461
2025-06-18,JPM,1.175222,0.9387676,0.1909878
2025-06-18,TSLA,2.228089,-0.3079319,0.355174
2025-06-18,XOM,0.7584596,0.7548707,-0.4784974
2025-06-20,AAPL,1.327896,-0.1368912,-0.5670458
2025-06-20,JPM,1.175185,0.938941,0.1919171
2025-06-20,TSLA,2.228717,-0.3023859,0.3564901
2025-06-20,XOM,0.7603043,0.767649,-0.4724096
2025-06-23,AAPL,1.327967,-0.1369301,-0.564815
2025-06-23,JPM,1.174068,0.9369375,0.1879049
2025-06-23,TSLA,2.253191,-0.2645288,0.4709094
2025-06-23,XOM,0.7488717,0.7498904,-0.5246109
2025-06-24,AAPL,1.321347,-0.1246699,-0.5550128
2025-06-24,JPM,1.174057,0.9351597,0.1877661
2025-06-24,TSLA,2.236269,-0.231425,0.4955648
2025-06-24,XOM,0.7371251,0.770014,-0.5069726
2025-06-25,AAPL,1.321327,-0.1242025,-0.55552
2025-06-25,JPM,1.176299,0.9290042,0.1748505
2025-06-25,TSLA,2.229155,-0.2127716,0.5323826
2025-06-25,XOM,0.7360186,0.7747305,-0.501864
2025-06-26,AAPL,1.317546,-0.1359209,-0.5597158
2025-06-26,JPM,1.176824,0.9308231,0.1755742
2025-06-26,TSLA,2.214771,-0.25866,0.5148455
2025-06-26,XOM,0.7408245,0.7904817,-0.4953285
2025-06-27,AAPL,1.316458,-0.1365664,-0.561203
2025-06-27,JPM,1.171635,0.9263986,0.1678107
2025-06-27,TSLA,2.206985,-0.2653178,0.5035418
2025-06-27,XOM,0.7379737,0.7880979,-0.4995109
2025-06-30,AAPL,1.324206,-0.1322204,-0.5533759
2025-06-30,JPM,1.172588,0.9253315,0.1684651
2025-06-30,TSLA,2.191092,-0.2751176,0.4877505
2025-06-30,XOM,0.7290363,0.7835706,-0.5078763
2025-07-01,AAPL,1.32826,-0.08330859,-0.5777463
2025-07-01,JPM,1.164579,0.8490523,0.2058098
2025-07-01,TSLA,2.172874,-0.4448947,0.5711022
2025-07-01,XOM,0.7219689,0.7133726,-0.4732069
2025-07-02,AAPL,1.322442,-0.08859812,-0.589187
2025-07-02,JPM,1.163951,0.8481653,0.2055563
2025-07-02,TSLA,2.156919,-0.4611518,0.5502809
2025-07-02,XOM,0.718342,0.7102671,-0.4830269
2025-07-03,AAPL,1.322137,-0.08851582,-0.5895153
2025-07-03,JPM,1.16715,0.8471147,0.2143149
2025-07-03,TSLA,2.146675,-0.4550873,0.523252
2025-07-03,XOM,0.7224273,0.7100473,-0.4719716
2025-07-07,AAPL,1.323531,-0.08398366,-0.5910439
2025-07-07,JPM,1.169301,0.8492024,0.2090409
2025-07-07,TSLA,2.17132,-0.4126128,0.4775558
2025-07-07,XOM,0.7218883,0.7075938,-0.472061
2025-07-08,AAPL,1.327057,-0.08288465,-0.5751685
2025-07-08,JPM,1.186146,0.8533631,0.2889822
2025-07-08,TSLA,2.157495,-0.4162977,0.4131501
2025-07-08,XOM,0.7114924,0.7045427,-0.519539
2025-07-09,AAPL,1.326082,-0.08707936,-0.5745523
2025-07-09,JPM,1.185816,0.8525547,0.288735
2025-07-09,TSLA,2.164812,-0.3727502,0.4043567
2025-07-09,XOM,0.7116205,0.7045539,-0.5189334
2025-07-10,AAPL,1.324964,-0.08962012,-0.5735802
2025-07-10,JPM,1.191048,0.8695028,0.2767827
2025-07-10,TSLA,2.184855,-0.3039642,0.3511495
2025-07-10,XOM,0.7108013,0.7019703,-0.5170974
2025-07-11,AAPL,1.323549,-0.09181074,-0.5709151
2025-07-11,JPM,1.189452,0.8681241,0.2791858
2025-07-11,TSLA,2.186469,-0.2705685,0.3407897
2025-07-11,XOM,0.7116287,0.7004728,-0.5183028
2025-07-14,AAPL,1.323787,-0.09144628,-0.5772196
2025-07-14,JPM,1.188893,0.8667927,0.2824903
2025-07-14,TSLA,2.186692,-0.2695636,0.3377199
2025-07-14,XOM,0.7117439,0.7000169,-0.5246975
2025-07-15,AAPL,1.316562,-0.1290574,-0.5814098
2025-07-15,JPM,1.182327,0.8330705,0.27921
2025-07-15,TSLA,2.194622,-0.2290254,0.3395064
2025-07-15,XOM,0.7062753,0.6714438,-0.5278657
2025-07-16,AAPL,1.314743,-0.133536,-0.5777853
2025-07-16,JPM,1.183452,0.8361193,0.2763705
2025-07-16,TSLA,2.188342,-0.2446425,0.3522714
2025-07-16,XOM,0.7067718,0.6741456,-0.5289285
2025-07-17,AAPL,1.313728,-0.1330783,-0.579148
2025-07-17,JPM,1.184347,0.8353776,0.2780332
2025-07-17,TSLA,2.184483,-0.2623374,0.3530311
2025-07-17,XOM,0.7050242,0.6687911,-0.5294473
2025-07-18,AAPL,1.318341,-0.1224933,-0.5691317
2025-07-18,JPM,1.182727,0.8324785,0.2766174
2025-07-18,TSLA,2.204062,-0.2199102,0.3903899
2025-07-18,XOM,0.6856237,0.6260449,-0.5685562
2025-07-21,AAPL,1.319484,-0.1193809,-0.5708039
2025-07-21,JPM,1.182262,0.8301099,0.2773508
2025-07-21,TSLA,2.202255,-0.22239,0.392024
2025-07-21,XOM,0.6848682,0.6253381,-0.5679519
2025-07-22,AAPL,1.319371,-0.1236619,-0.5612173
2025-07-22,JPM,1.182139,0.8285829,0.2797666
2025-07-22,TSLA,2.202048,-0.1927974,0.32611
2025-07-22,XOM,0.68465,0.599955,-0.5120407
2025-07-23,AAPL,1.320651,-0.1158361,-0.5601391
2025-07-23,JPM,1.180856,0.8154625,0.2754129
2025-07-23,TSLA,2.202206,-0.1747204,0.3347153
2025-07-23,XOM,0.6833928,0.5900629,-0.5145538
2025-07-24,AAPL,1.319475,-0.1070325,-0.5582735
2025-07-24,JPM,1.181301,0.8112381,0.2748198
2025-07-24,TSLA,2.18367,-0.03154603,0.360146
2025-07-24,XOM,0.686451,0.5666309,-0.5183225
2025-07-25,AAPL,1.318248,-0.106977,-0.5576626
2025-07-25,JPM,1.181732,0.8107051,0.2746828
2025-07-25,TSLA,2.191662,-0.03319287,0.3583617
2025-07-25,XOM,0.6855718,0.5658653,-0.5166084
2025-07-28,AAPL,1.317561,-0.1092889,-0.5570581
2025-07-28,JPM,1.181456,0.8104147,0.2744217
2025-07-28,TSLA,2.183876,-0.05985576,0.3618871
2025-07-28,XOM,0.6817543,0.553589,-0.5151541
2025-07-29,AAPL,1.315962,-0.1131113,-0.5606713
2025-07-29,JPM,1.180607,0.8082981,0.2725993
2025-07-29,TSLA,2.183253,-0.05377606,0.367495
2025-07-29,XOM,0.6843389,0.557832,-0.5105834
2025-07-30,AAPL,1.316644,-0.1085148,-0.5647001
2025-07-30,JPM,1.177347,0.7862065,0.2878715
2025-07-30,TSLA,2.184804,-0.03962445,0.358496
2025-07-30,XOM,0.6834594,0.5517901,-0.5067251
2025-07-31,AAPL,1.312585,-0.1167345,-0.5392595
2025-07-31,JPM,1.182171,0.7908632,0.2630451
2025-07-31,TSLA,2.197659,-0.01154416,0.2725147
2025-07-31,XOM,0.6768107,0.5393627,-0.4664696
2025-08-01,AAPL,1.32039,-0.1087513,-0.5337312
2025-08-01,JPM,1.185756,0.7943285,0.2655121
2025-08-01,TSLA,2.158622,-0.05372176,0.2448581
2025-08-01,XOM,0.6896119,0.5521108,-0.4576564
2025-08-04,AAPL,1.320807,-0.09202662,-0.5356302
2025-08-04,JPM,1.185921,0.7838382,0.268085
2025-08-04,TSLA,2.154222,-0.02041532,0.2295703
2025-08-04,XOM,0.684583,0.5849216,-0.4741285
2025-08-05,AAPL,1.316107,-0.08648201,-0.5367135
2025-08-05,JPM,1.192288,0.7748247,0.2696904
2025-08-05,TSLA,2.155292,-0.01116393,0.2301982
2025-08-05,XOM,0.6855492,0.5823601,-0.4738196
2025-08-06,AAPL,1.341746,-0.1072617,-0.4662045
2025-08-06,JPM,1.186986,0.7781911,0.2558226
2025-08-06,TSLA,2.166091,-0.0199511,0.259969
2025-08-06,XOM,0.6843896,0.5830491,-0.4765907
2025-08-07,AAPL,1.341988,-0.1060727,-0.4942366
2025-08-07,JPM,1.186595,0.7761096,0.2694594
2025-08-07,TSLA,2.166054,-0.01709258,0.2464632
2025-08-07,XOM,0.684139,0.5810342,-0.4679825
2025-08-08,AAPL,1.376242,-0.06717297,-0.4743454
2025-08-08,JPM,1.18178,0.7696018,0.2668073
2025-08-08,TSLA,2.177427,-0.006106472,0.2532581
2025-08-08,XOM,0.6866504,0.5854744,-0.4666355
2025-08-11,AAPL,1.37601,-0.06774833,-0.4758845
2025-08-11,JPM,1.18044,0.7705566,0.2697147
2025-08-11,TSLA,2.166884,0.006806727,0.2832227
2025-08-11,XOM,0.6873136,0.5835259,-0.4710314
2025-08-12,AAPL,1.377443,-0.06100205,-0.4741483
2025-08-12,JPM,1.172858,0.7414708,0.2596827
2025-08-12,TSLA,2.142252,-0.0892359,0.2514628
2025-08-12,XOM,0.6818359,0.5628818,-0.4785188
2025-08-13,AAPL,1.371019,-0.06549734,-0.4961292
2025-08-13,JPM,1.178103,0.7439909,0.2773226
2025-08-13,TSLA,2.150976,-0.08219188,0.2843223
2025-08-13,XOM,0.6797847,0.5597097,-0.4877274
2025-08-14,AAPL,1.364481,-0.07835947,-0.4940151
2025-08-14,JPM,1.183984,0.7557958,0.2754319
2025-08-14,TSLA,2.149495,-0.08608177,0.2860287
2025-08-14,XOM,0.6721761,0.5448158,-0.4858175
2025-08-15,AAPL,1.371835,-0.05195862,-0.4744497
2025-08-15,JPM,1.184524,0.7566818,0.2769005
2025-08-15,TSLA,2.154109,-0.0656683,0.2993103
2025-08-15,XOM,0.6709219,0.5412566,-0.4884936
2025-08-18,AAPL,1.371697,-0.05275353,-0.474841
2025-08-18,JPM,1.183737,0.7565903,0.2777609
2025-08-18,TSLA,2.151325,-0.06376271,0.3039123
2025-08-18,XOM,0.670314,0.5433834,-0.4864254
2025-08-19,AAPL,1.370561,-0.06271838,-0.4675429
2025-08-19,JPM,1.182627,0.7482372,0.2832678
2025-08-19,TSLA,2.153571,-0.04278279,0.2890039
2025-08-19,XOM,0.6670954,0.5189542,-0.4696488
2025-08-20,AAPL,1.371299,-0.07455683,-0.4827212
2025-08-20,JPM,1.182216,0.7521031,0.288215
2025-08-20,TSLA,2.154164,-0.05392475,0.2748365
2025-08-20,XOM,0.6652473,0.5295226,-0.4527873
2025-08-21,AAPL,1.368484,-0.07676051,-0.4816523
2025-08-21,JPM,1.179926,0.750025,0.2888461
2025-08-21,TSLA,2.158175,-0.05107882,0.2733222
2025-08-21,XOM,0.6555451,0.5215488,-0.4493175
2025-08-22,AAPL,1.366186,-0.08490154,-0.4839346
2025-08-22,JPM,1.170467,0.7159712,0.2787119
2025-08-22,TSLA,2.179125,0.02856732,0.2968955
2025-08-22,XOM,0.6601073,0.5364814,-0.4447148
2025-08-25,AAPL,1.366341,-0.0788113,-0.4803736
2025-08-25,JPM,1.169977,0.7087377,0.2748336
2025-08-25,TSLA,2.182239,0.07529899,0.3237044
2025-08-25,XOM,0.6604725,0.5449084,-0.4398175
2025-08-26,AAPL,1.370003,-0.06468555,-0.459714
2025-08-26,JPM,1.171084,0.7126761,0.2810838
2025-08-26,TSLA,2.181325,0.07475895,0.322564
2025-08-26,XOM,0.6609167,0.5450048,-0.4388803
2025-08-27,AAPL,1.369928,-0.06365461,-0.4601862
2025-08-27,JPM,1.170744,0.7115314,0.2813858
2025-08-27,TSLA,2.180593,0.06777297,0.3264459
2025-08-27,XOM,0.6616838,0.5491997,-0.4409571
2025-08-28,AAPL,1.370311,-0.070612,-0.4563379
2025-08-28,JPM,1.170773,0.707789,0.2828512
2025-08-28,TSLA,2.178546,0.08762083,0.3150633
2025-08-28,XOM,0.6625235,0.5422984,-0.4352335
2025-08-29,AAPL,1.369006,-0.06736544,-0.4590985
2025-08-29,JPM,1.168097,0.7145658,0.2758534
2025-08-29,TSLA,2.185541,0.06654344,0.3354084
2025-08-29,XOM,0.66121,0.5455612,-0.4383264
2025-09-02,AAPL,1.372208,-0.06524924,-0.457565
2025-09-02,JPM,1.16781,0.7142543,0.2757473
2025-09-02,TSLA,2.183433,0.0649524,0.3344594
2025-09-02,XOM,0.65743,0.5437316,-0.4395841
2025-09-03,AAPL,1.380488,-0.09737879,-0.4466052
2025-09-03,JPM,1.166147,0.7189948,0.2738614
2025-09-03,TSLA,2.186574,0.05514833,0.3380568
2025-09-03,XOM,0.6501906,0.568445,-0.4482298
2025-09-04,AAPL,1.375384,-0.1061181,-0.4501902
2025-09-04,JPM,1.166645,0.7199668,0.2743019
2025-09-04,TSLA,2.180995,0.04797796,0.3341003
2025-09-04,XOM,0.6479696,0.5642926,-0.4497761
2025-09-05,AAPL,1.372342,-0.1116489,-0.4529215
2025-09-05,JPM,1.194236,0.7768848,0.3015667
2025-09-05,TSLA,2.130489,-0.0539379,0.2840688
2025-09-05,XOM,0.6813334,0.6329767,-0.416708
2025-09-08,AAPL,1.375347,-0.1030557,-0.4597753
2025-09-08,JPM,1.19494,0.7833414,0.2949787
2025-09-08,TSLA,2.130193,-0.03105507,0.2603637
2025-09-08,XOM,0.6791491,0.6190694,-0.4038252
2025-09-09,AAPL,1.36501,-0.1044308,-0.4648241
2025-09-09,JPM,1.200988,0.7836985,0.2980495
2025-09-09,TSLA,2.129443,-0.03091818,0.2601462
2025-09-09,XOM,0.681766,0.6200884,-0.402006
2025-09-10,AAPL,1.324326,-0.1833447,-0.5172337
2025-09-10,JPM,1.195141,0.7666729,0.2898136
2025-09-10,TSLA,2.125932,-0.03315246,0.2564326
2025-09-10,XOM,0.697133,0.6458117,-0.3824362
2025-09-11,AAPL,1.325579,-0.1828258,-0.5183223
2025-09-11,JPM,1.198616,0.7691076,0.2864875
2025-09-11,TSLA,2.142411,-0.02997347,0.2421801
2025-09-11,XOM,0.6931139,0.6431307,-0.3790543
2025-09-12,AAPL,1.334694,-0.1671314,-0.4985735
2025-09-12,JPM,1.19845,0.768266,0.286887
2025-09-12,TSLA,2.177263,0.02908969,0.3157781
2025-09-12,XOM,0.6934149,0.6446123,-0.3786505
2025-09-15,AAPL,1.334861,-0.177894,-0.4888875
2025-09-15,JPM,1.197863,0.7654364,0.2903575
2025-09-15,TSLA,2.177307,0.005031413,0.3384475
2025-09-15,XOM,0.6936149,0.6359691,-0.3714327
2025-09-16,AAPL,1.334873,-0.176782,-0.4932687
2025-09-16,JPM,1.19562,0.7586176,0.2838191
2025-09-16,TSLA,2.167138,-0.02608919,0.2967216
2025-09-16,XOM,0.6865022,0.6137975,-0.3973867
2025-09-17,AAPL,1.336051,-0.1672122,-0.4909151
2025-09-17,JPM,1.19634,0.7646374,0.2852093
2025-09-17,TSLA,2.169689,-0.006345796,0.3011614
2025-09-17,XOM,0.6868671,0.6163339,-0.3966076
2025-09-18,AAPL,1.336265,-0.1758569,-0.4979025
2025-09-18,JPM,1.195936,0.7529696,0.2752102
2025-09-18,TSLA,2.1693,-0.1000006,0.2200105
2025-09-18,XOM,0.6867399,0.5888835,-0.4200719
2025-09-19,AAPL,1.352642,-0.2100714,-0.4862585
2025-09-19,JPM,1.195607,0.7541044,0.2750497
2025-09-19,TSLA,2.17443,-0.11641,0.2237158
2025-09-19,XOM,0.6803712,0.5987443,-0.4242851
2025-09-22,AAPL,1.325315,-0.339341,-0.4920506
2025-09-22,JPM,1.198149,0.7670126,0.2755584
2025-09-22,TSLA,2.170322,-0.1348246,0.222844
2025-09-22,XOM,0.6801311,0.598184,-0.4242315
2025-09-23,AAPL,1.325577,-0.3382848,-0.4938005
2025-09-23,JPM,1.197672,0.76942,0.275215
2025-09-23,TSLA,2.169513,-0.1443351,0.2279374
2025-09-23,XOM,0.6769622,0.6269492,-0.4247286
2025-09-24,AAPL,1.323638,-0.3528431,-0.4897219
2025-09-24,JPM,1.197217,0.7672274,0.2757046
2025-09-24,TSLA,2.182611,-0.03104647,0.1975084
2025-09-24,XOM,0.6760098,0.6201467,-0.4228972
2025-09-25,AAPL,1.324182,-0.3008004,-0.4621561
2025-09-25,JPM,1.196839,0.762678,0.2736127
2025-09-25,TSLA,2.181666,-0.09493438,0.1630184
2025-09-25,XOM,0.6757693,0.6362972,-0.4133146
2025-09-26,AAPL,1.31401,-0.3182264,-0.4567926
2025-09-26,JPM,1.196372,0.7619154,0.2734495
2025-09-26,TSLA,2.200386,-0.06161672,0.1525247
2025-09-26,XOM,0.6806464,0.6449736,-0.416416
2025-09-29,AAPL,1.316336,-0.294741,-0.4521846
2025-09-29,JPM,1.196048,0.7602319,0.2736947
2025-09-29,TSLA,2.200883,-0.05772848,0.1563771
2025-09-29,XOM,0.686298,0.6955038,-0.4040452
2025-09-30,AAPL,1.315644,-0.275264,-0.43717
2025-09-30,JPM,1.195957,0.7582355,0.2724123
2025-09-30,TSLA,2.200791,-0.04833599,0.1637839
2025-09-30,XOM,0.6859548,0.7264348,-0.3799228
2025-10-01,AAPL,1.312582,-0.260564,-0.4056363
2025-10-01,JPM,1.193212,0.7778652,0.3138325
2025-10-01,TSLA,2.20519,-0.08966683,0.0787442
2025-10-01,XOM,0.6844126,0.752216,-0.3276553
2025-10-02,AAPL,1.309485,-0.2689078,-0.4069306
2025-10-02,JPM,1.196913,0.7890244,0.3156076
2025-10-02,TSLA,2.239036,0.0100109,0.09609314
2025-10-02,XOM,0.6852736,0.7549605,-0.3275771
2025-10-03,AAPL,1.30892,-0.2666472,-0.4087327
2025-10-03,JPM,1.195576,0.7963236,0.3093918
2025-10-03,TSLA,2.241312,-0.003436325,0.1119377
2025-10-03,XOM,0.6831548,0.7655462,-0.3389928
2025-10-06,AAPL,1.306491,-0.2577201,-0.4118342
2025-10-06,JPM,1.193541,0.7952787,0.3081283
2025-10-06,TSLA,2.250597,-0.03856644,0.1254009
2025-10-06,XOM,0.684617,0.7566521,-0.3361502
2025-10-07,AAPL,1.30513,-0.257645,-0.4125338
2025-10-07,JPM,1.194116,0.7948521,0.3087551
2025-10-07,TSLA,2.257161,-0.03625523,0.1421678
2025-10-07,XOM,0.6848143,0.7561702,-0.3364864
2025-10-08,AAPL,1.305087,-0.2541716,-0.412985
2025-10-08,JPM,1.199329,0.8220265,0.3091539
2025-10-08,TSLA,2.259747,-0.02279971,0.1426877
2025-10-08,XOM,0.6832579,0.7425503,-0.3349348
2025-10-09,AAPL,1.314101,-0.2376128,-0.4143476
2025-10-09,JPM,1.190734,0.807207,0.310387
2025-10-09,TSLA,2.263761,-0.01752768,0.1420244
2025-10-09,XOM,0.6865286,0.7478026,-0.3354396
2025-10-10,AAPL,1.319395,-0.2341627,-0.4134177
2025-10-10,JPM,1.133383,0.7716569,0.3016899
2025-10-10,TSLA,2.225085,-0.04127331,0.1360907
2025-10-10,XOM,0.6905287,0.7500611,-0.3345718
2025-10-13,AAPL,1.311641,-0.2388221,-0.4230291
2025-10-13,JPM,1.138494,0.7696388,0.3047741
2025-10-13,TSLA,2.246774,-0.003246147,0.1831444
2025-10-13,XOM,0.7042164,0.7599811,-0.3153394
2025-10-14,AAPL,1.310711,-0.2032026,-0.4133823
2025-10-14,JPM,1.139971,0.6497162,0.2720892
2025-10-14,TSLA,2.247716,-0.07819313,0.1629311
2025-10-14,XOM,0.7043059,0.7237719,-0.3253645
2025-10-15,AAPL,1.312431,-0.2067427,-0.4148939
2025-10-15,JPM,1.140386,0.6384115,0.2729321
2025-10-15,TSLA,2.248531,-0.08091102,0.1620047
2025-10-15,XOM,0.7022624,0.72951,-0.3241494
2025-10-16,AAPL,1.322431,-0.1635612,-0.3916283
2025-10-16,JPM,1.147168,0.6673908,0.2884593
2025-10-16,TSLA,2.247094,-0.08511265,0.1599819
2025-10-16,XOM,0.6995156,0.71868,-0.3296827
2025-10-17,AAPL,1.337241,-0.14188,-0.3983688
2025-10-17,JPM,1.123703,0.6335376,0.299091
2025-10-17,TSLA,2.272456,-0.0481508,0.1481522
2025-10-17,XOM,0.702598,0.7232086,-0.3312013
2025-10-20,AAPL,1.362193,-0.08736661,-0.3749493
2025-10-20,JPM,1.125799,0.6387331,0.301303
2025-10-20,TSLA,2.264613,-0.06575792,0.1408393
2025-10-20,XOM,0.6992343,0.7161003,-0.3340709
2025-10-21,AAPL,1.361424,-0.08247153,-0.3642464
2025-10-21,JPM,1.123673,0.6496499,0.3325991
2025-10-21,TSLA,2.262791,-0.05765062,0.1647289
2025-10-21,XOM,0.6985681,0.7214169,-0.3231207
2025-10-22,AAPL,1.365094,-0.09245186,-0.3606918
2025-10-22,JPM,1.125602,0.6434432,0.334412
2025-10-22,TSLA,2.26026,-0.05164642,0.1627921
2025-10-22,XOM,0.6922253,0.7371696,-0.32845
2025-10-23,AAPL,1.364149,-0.09089423,-0.3621166
2025-10-23,JPM,1.12375,0.6431947,0.3271842
2025-10-23,TSLA,2.261228,-0.05217356,0.1682441
2025-10-23,XOM,0.6952142,0.737457,-0.3137021
2025-10-24,AAPL,1.368832,-0.08117552,-0.3518953
2025-10-24,JPM,1.129243,0.6546967,0.3388593
2025-10-24,TSLA,2.212853,-0.1398307,0.07091318
2025-10-24,XOM,0.6870748,0.7209383,-0.3299368
2025-10-27,AAPL,1.374314,-0.09020211,-0.3531919
2025-10-27,JPM,1.133554,0.6456543,0.3373266
2025-10-27,TSLA,2.233069,-0.1676609,0.06675457
2025-10-27,XOM,0.6921494,0.7129124,-0.3310802
2025-10-28,AAPL,1.374073,-0.08941995,-0.3552667
2025-10-28,JPM,1.133535,0.6423852,0.3379361
2025-10-28,TSLA,2.232909,-0.1752256,0.07743639
2025-10-28,XOM,0.6916067,0.7178112,-0.3332526
2025-10-29,AAPL,1.373683,-0.09387437,-0.3452075
2025-10-29,JPM,1.133043,0.6428462,0.3334127
2025-10-29,TSLA,2.23184,-0.1780986,0.07747034
2025-10-29,XOM,0.690701,0.698879,-0.2929495
2025-10-30,AAPL,1.348708,-0.06703078,-0.3399883
2025-10-30,JPM,1.107353,0.6682805,0.3387806
2025-10-30,TSLA,2.258256,-0.2059408,0.07182984
2025-10-30,XOM,0.7059842,0.68347,-0.2962678
2025-10-31,AAPL,1.345831,-0.05736441,-0.3296928
2025-10-31,JPM,1.108899,0.6643127,0.3356729
2025-10-31,TSLA,2.265363,-0.2291456,0.04885369
2025-10-31,XOM,0.7051312,0.6873477,-0.2914103
2025-11-03,AAPL,1.341061,-0.07478486,-0.3383201
2025-11-03,JPM,1.099804,0.633046,0.3168718
2025-11-03,TSLA,2.278455,-0.1825989,0.07752883
2025-11-03,XOM,0.6988216,0.6646871,-0.3037469
2025-11-04,AAPL,1.330974,-0.05352937,-0.3546098
2025-11-04,JPM,1.093238,0.6447577,0.306867
2025-11-04,TSLA,2.291783,-0.2187476,0.1028806
2025-11-04,XOM,0.7011969,0.6713411,-0.3041522
2025-11-05,AAPL,1.331495,-0.05294963,-0.3547905
2025-11-05,JPM,1.090202,0.6422271,0.3121903
2025-11-05,TSLA,2.275959,-0.2310676,0.1255634
2025-11-05,XOM,0.7013634,0.6713666,-0.3048327
2025-11-06,AAPL,1.33934,-0.00746789,-0.3506714
2025-11-06,JPM,1.074829,0.6242231,0.2875918
2025-11-06,TSLA,2.25298,-0.3082327,0.1018061
2025-11-06,XOM,0.7050961,0.6790808,-0.299231
2025-11-07,AAPL,1.333691,-0.01904757,-0.3433259
2025-11-07,JPM,1.071923,0.6048149,0.2859191
2025-11-07,TSLA,2.230014,-0.3718919,0.1264374
2025-11-07,XOM,0.7151027,0.7132186,-0.3081384
2025-11-10,AAPL,1.319081,-0.01269065,-0.3651197
2025-11-10,JPM,1.061442,0.609082,0.2701663
2025-11-10,TSLA,2.225745,-0.3671391,0.1124219
2025-11-10,XOM,0.7272076,0.7075388,-0.2895689
2025-11-11,AAPL,1.321131,-0.0135526,-0.3895751
2025-11-11,JPM,1.060582,0.6088125,0.2763908
2025-11-11,TSLA,2.222359,-0.3747491,0.1389348
2025-11-11,XOM,0.728254,0.7073123,-0.302653
2025-11-12,AAPL,1.314735,-0.02261171,-0.3842837
2025-11-12,JPM,1.067001,0.6183121,0.2706892
2025-11-12,TSLA,2.211934,-0.390476,0.1478819
2025-11-12,XOM,0.7172413,0.6910883,-0.2934869
2025-11-13,AAPL,1.293449,-0.022073,-0.411012
2025-11-13,JPM,1.095493,0.6171694,0.30774
2025-11-13,TSLA,2.247244,-0.391491,0.1944582
2025-11-13,XOM,0.7059617,0.6911342,-0.3069478
2025-11-14,AAPL,1.29032,-0.02624584,-0.4064837
2025-11-14,JPM,1.112397,0.6291751,0.2792983
2025-11-14,TSLA,2.244512,-0.3892075,0.1990277
2025-11-14,XOM,0.6867469,0.6769881,-0.2755586
2025-11-17,AAPL,1.299532,-0.00966138,-0.4092484
2025-11-17,JPM,1.110445,0.6211576,0.2794111
2025-11-17,TSLA,2.197731,-0.4869966,0.2121161
2025-11-17,XOM,0.6886329,0.6847545,-0.2758619
2025-11-18,AAPL,1.286596,0.01292427,-0.4012241
2025-11-18,JPM,1.108139,0.6250354,0.2805032
2025-11-18,TSLA,2.193476,-0.4840444,0.2153249
2025-11-18,XOM,0.6746909,0.7091624,-0.2672995
2025-11-19,AAPL,1.287044,0.01256961,-0.3993403
2025-11-19,JPM,1.11007,0.619182,0.2904438
2025-11-19,TSLA,2.191065,-0.4812995,0.2083974
2025-11-19,XOM,0.6706251,0.7153465,-0.281571
2025-11-20,AAPL,1.27443,0.007979698,-0.4081706
2025-11-20,JPM,1.104118,0.6164339,0.285971
2025-11-20,TSLA,2.15584,-0.4945985,0.1826051
2025-11-20,XOM,0.6680724,0.7146635,-0.2828332
2025-11-21,AAPL,1.277837,0.01655754,-0.4135346
2025-11-21,JPM,1.098569,0.6037285,0.2939466
2025-11-21,TSLA,2.137108,-0.5369887,0.2138479
2025-11-21,XOM,0.6607875,0.6978859,-0.2717598
2025-11-24,AAPL,1.282938,0.01441058,-0.3971728
2025-11-24,JPM,1.080944,0.608989,0.2405781
2025-11-24,TSLA,2.159084,-0.5470887,0.2796063
2025-11-24,XOM,0.6545767,0.7000812,-0.2895903
2025-11-25,AAPL,1.281982,0.01644704,-0.3925323
2025-11-25,JPM,1.081865,0.6056103,0.2345977
2025-11-25,TSLA,2.156773,-0.5433707,0.2856924
2025-11-25,XOM,0.6527496,0.7035015,-0.2825604
2025-11-26,AAPL,1.275944,0.01316584,-0.3958649
2025-11-26,JPM,1.088056,0.6086116,0.2384667
2025-11-26,TSLA,2.156958,-0.5445479,0.2861188
2025-11-26,XOM,0.6526157,0.7019362,-0.2823982
2025-11-28,AAPL,1.269618,0.005534663,-0.3960927
2025-11-28,JPM,1.098618,0.6214833,0.239276
2025-11-28,TSLA,2.153409,-0.5482897,0.2858215
2025-11-28,XOM,0.6557149,0.7060818,-0.2822974
2025-12-01,AAPL,1.268145,0.01449604,-0.4155499
2025-12-01,JPM,1.099076,0.6154978,0.2513632
2025-12-01,TSLA,2.151738,-0.5371698,0.2664847
2025-12-01,XOM,0.6553131,0.7072551,-0.2844356
2025-12-02,AAPL,1.27218,0.01886368,-0.4159406
2025-12-02,JPM,1.090988,0.6069813,0.2521899
2025-12-02,TSLA,2.146345,-0.5378533,0.2699203
2025-12-02,XOM,0.6415461,0.6954296,-0.2812474
2025-12-03,AAPL,1.277765,0.02508405,-0.4080657
2025-12-03,JPM,1.083976,0.599915,0.2430266
2025-12-03,TSLA,2.130294,-0.5539512,0.2490315
2025-12-03,XOM,0.631936,0.686558,-0.2942878
2025-12-04,AAPL,1.286708,0.04801206,-0.4146281
2025-12-04,JPM,1.070959,0.5661235,0.2521296
2025-12-04,TSLA,2.123881,-0.5703291,0.2534241
2025-12-04,XOM,0.6299766,0.6787072,-0.2931659
2025-12-05,AAPL,1.278662,0.0499707,-0.4037401
2025-12-05,JPM,1.067137,0.5660967,0.2565344
2025-12-05,TSLA,2.120405,-0.5743645,0.2541057
2025-12-05,XOM,0.6246287,0.6796101,-0.2861236
2025-12-08,AAPL,1.272166,0.05064743,-0.3958608
2025-12-08,JPM,1.063675,0.5685273,0.2613796
2025-12-08,TSLA,2.157896,-0.5737297,0.208909
2025-12-08,XOM,0.6235295,0.6788066,-0.2852235
2025-12-09,AAPL,1.273384,0.05258811,-0.3922602
2025-12-09,JPM,1.089167,0.545145,0.2456681
2025-12-09,TSLA,2.15092,-0.5627457,0.2194646
2025-12-09,XOM,0.6118376,0.686844,-0.2806932
2025-12-10,AAPL,1.261718,0.02275577,-0.3870286
2025-12-10,JPM,1.123354,0.63316,0.2304848
2025-12-10,TSLA,2.165958,-0.5264416,0.2132635
2025-12-10,XOM,0.6025141,0.6632841,-0.2766904
2025-12-11,AAPL,1.262071,0.02093767,-0.3842896
2025-12-11,JPM,1.121921,0.6384908,0.2254998
2025-12-11,TSLA,2.165515,-0.5295913,0.213526
2025-12-11,XOM,0.6025959,0.6621565,-0.2755291
2025-12-12,AAPL,1.254497,0.0313569,-0.3926467
2025-12-12,JPM,1.111497,0.6534889,0.2129779
2025-12-12,TSLA,2.11532,-0.4552048,0.1533418
2025-12-12,XOM,0.6105672,0.6498064,-0.2657282
2025-12-15,AAPL,1.243106,-0.01928954,-0.412443
2025-12-15,JPM,1.109576,0.6454984,0.2101967
2025-12-15,TSLA,2.147968,-0.3034566,0.2114707
2025-12-15,XOM,0.5995054,0.5998038,-0.2850236
2025-12-16,AAPL,1.236149,-0.03534131,-0.4164007
2025-12-16,JPM,1.116576,0.6626436,0.2131214
2025-12-16,TSLA,2.10653,-0.4022733,0.1902519
2025-12-16,XOM,0.6244933,0.6601194,-0.273584
2025-12-17,AAPL,1.238506,-0.03950463,-0.4113341
2025-12-17,JPM,1.112669,0.6732464,0.2073511
2025-12-17,TSLA,2.120385,-0.4275384,0.2159082
2025-12-17,XOM,0.6102474,0.6972843,-0.2965742
2025-12-18,AAPL,1.237284,-0.02857968,-0.4137848
2025-12-18,JPM,1.107417,0.6917076,0.2003481
2025-12-18,TSLA,2.120861,-0.4468035,0.2200553
2025-12-18,XOM,0.6078658,0.7028347,-0.2991405
2025-12-19,AAPL,1.236766,-0.0283973,-0.4154962
2025-12-19,JPM,1.111191,0.6842355,0.2097732
2025-12-19,TSLA,2.096524,-0.4058012,0.1582071
2025-12-19,XOM,0.6128003,0.693826,-0.2847526
2025-12-22,AAPL,1.226678,-0.02911378,-0.4288967
2025-12-22,JPM,1.116875,0.6837851,0.219528
2025-12-22,TSLA,2.100612,-0.4026746,0.1556533
2025-12-22,XOM,0.6202433,0.694052,-0.273995
2025-12-23,AAPL,1.226901,-0.02948015,-0.4293569
2025-12-23,JPM,1.119236,0.6834652,0.2197085
2025-12-23,TSLA,2.081717,-0.4041705,0.152127
2025-12-23,XOM,0.6299778,0.6947008,-0.271738
2025-12-24,AAPL,1.226759,-0.02958239,-0.4293728
2025-12-24,JPM,1.121309,0.681306,0.2158809
2025-12-24,TSLA,2.073842,-0.4053446,0.1542053
2025-12-24,XOM,0.628535,0.6956853,-0.2692283
2025-12-26,AAPL,1.226348,-0.02859416,-0.4271341
2025-12-26,JPM,1.120699,0.6820708,0.2184819
2025-12-26,TSLA,2.068167,-0.4021223,0.1687037
2025-12-26,XOM,0.6281755,0.6961778,-0.2674987
2025-12-29,AAPL,1.222808,-0.03082859,-0.4290738
2025-12-29,JPM,1.126284,0.6860853,0.2218451
2025-12-29,TSLA,2.082955,-0.3897813,0.1763548
2025-12-29,XOM,0.6193654,0.6894133,-0.2724411
2025-12-30,AAPL,1.220551,-0.03261692,-0.4249393
2025-12-30,JPM,1.125068,0.6850198,0.2234831
2025-12-30,TSLA,2.07916,-0.3909888,0.1821133
2025-12-30,XOM,0.6185299,0.689528,-0.2718221
2025-12-31,AAPL,1.211027,-0.03697319,-0.4228907
2025-12-31,JPM,1.116062,0.6799305,0.2258761
2025-12-31,TSLA,2.072187,-0.3932758,0.1824341
2025-12-31,XOM,0.6179751,0.6883806,-0.2708644
2026-01-02,AAPL,1.207137,-0.05043331,-0.4295227
2026-01-02,JPM,1.114426,0.6720422,0.220857
2026-01-02,TSLA,2.043301,-0.5252308,0.1043029
2026-01-02,XOM,0.6291173,0.7453526,-0.2351747
2026-01-05,AAPL,1.186863,-0.05327528,-0.4169299
2026-01-05,JPM,1.130927,0.6733319,0.2108212
2026-01-05,TSLA,2.053925,-0.5195348,0.09472564
2026-01-05,XOM,0.6437501,0.7468447,-0.2442002
2026-01-06,AAPL,1.179073,-0.03656724,-0.3981255
2026-01-06,JPM,1.13182,0.6709438,0.2087043
2026-01-06,TSLA,2.03746,-0.4829421,0.1356154
2026-01-06,XOM,0.6325077,0.7712133,-0.2166637
2026-01-07,AAPL,1.174522,-0.0411065,-0.3957034
2026-01-07,JPM,1.163549,0.7064659,0.1881808
2026-01-07,TSLA,2.043617,-0.4744387,0.1289673
2026-01-07,XOM,0.6503017,0.7915113,-0.2291087
2026-01-08,AAPL,1.172654,-0.06142648,-0.3920982
2026-01-08,JPM,1.164083,0.7164059,0.1864997
2026-01-08,TSLA,2.047237,-0.4214136,0.1201422
2026-01-08,XOM,0.656615,0.8734513,-0.2423954
2026-01-09,AAPL,1.168433,-0.05791569,-0.3930851
2026-01-09,JPM,1.160768,0.7240876,0.1868064
2026-01-09,TSLA,2.052898,-0.4219028,0.1232509
2026-01-09,XOM,0.6643065,0.8573731,-0.2420116
2026-01-12,AAPL,1.165249,-0.06481438,-0.3909737
2026-01-12,JPM,1.169728,0.7440679,0.1803374
2026-01-12,TSLA,2.049332,-0.4276267,0.1255896
2026-01-12,XOM,0.6611061,0.8510887,-0.2399535
2026-01-13,AAPL,1.162346,-0.03990938,-0.3684729
2026-01-13,JPM,1.182607,0.6205711,0.06912567
2026-01-13,TSLA,2.049261,-0.4189954,0.1312329
2026-01-13,XOM,0.6558457,0.904524,-0.1927425
2026-01-14,AAPL,1.14887,-0.0341523,-0.3615998
2026-01-14,JPM,1.187665,0.6183662,0.06685214
2026-01-14,TSLA,2.054777,-0.4335011,0.1168988
2026-01-14,XOM,0.5962312,0.9344456,-0.1584693
2026-01-15,AAPL,1.14488,-0.05487089,-0.3757825
2026-01-15,JPM,1.186614,0.6128117,0.06402463
2026-01-15,TSLA,2.051635,-0.4489361,0.1063189
2026-01-15,XOM,0.5886498,0.886998,-0.1875676
2026-01-16,AAPL,1.14922,-0.04986259,-0.381051
2026-01-16,JPM,1.178006,0.6035649,0.07362489
2026-01-16,TSLA,2.051207,-0.4484885,0.1042275
2026-01-16,XOM,0.5829419,0.8806319,-0.1808572
2026-01-20,AAPL,1.181451,-0.05840763,-0.3932883
2026-01-20,JPM,1.211778,0.6026001,0.05984339
2026-01-20,TSLA,2.044406,-0.4529704,0.1072851
2026-01-20,XOM,0.5365322,0.883529,-0.1625065
2026-01-21,AAPL,1.166261,-0.09246513,-0.4013092
2026-01-21,JPM,1.164512,0.4952929,0.03402979
2026-01-21,TSLA,2.067699,-0.4088301,0.1185136
2026-01-21,XOM,0.5476448,0.9062483,-0.156842
2026-01-22,AAPL,1.164697,-0.08625488,-0.3968111
2026-01-22,JPM,1.164859,0.4914036,0.03161859
2026-01-22,TSLA,2.078546,-0.4572067,0.08290063
2026-01-22,XOM,0.5468257,0.9083232,-0.1550072
2026-01-23,AAPL,1.166182,-0.04842846,-0.3748668
2026-01-23,JPM,1.167965,0.5639957,0.0734352
2026-01-23,TSLA,2.079299,-0.4321671,0.0971722
2026-01-23,XOM,0.5412091,0.7966222,-0.219821
2026-01-26,AAPL,1.192748,-0.05840605,-0.3688762
2026-01-26,JPM,1.174014,0.5613167,0.07481048
2026-01-26,TSLA,2.032428,-0.4334399,0.1088303
2026-01-26,XOM,0.536778,0.7983767,-0.221337
2026-01-27,AAPL,1.195879,-0.004959543,-0.2993038
2026-01-27,JPM,1.171667,0.5340465,0.03184071
2026-01-27,TSLA,2.028127,-0.4921289,0.02884953
2026-01-27,XOM,0.5396666,0.8387445,-0.1550138
2026-01-28,AAPL,1.187385,-0.020648,-0.3004447
2026-01-28,JPM,1.169175,0.529895,0.0315941
2026-01-28,TSLA,2.033412,-0.4806124,0.03000586
2026-01-28,XOM,0.5393362,0.8378673,-0.1551322
2026-01-29,AAPL,1.188349,0.04421439,-0.2584953
2026-01-29,JPM,1.16986,0.5964133,0.07405207
2026-01-29,TSLA,2.030936,-0.5883214,-0.03921134
2026-01-29,XOM,0.5398267,0.8900642,-0.1219587
2026-01-30,AAPL,1.187179,0.04293904,-0.2703684
2026-01-30,JPM,1.169368,0.5957508,0.0688725
2026-01-30,TSLA,2.024817,-0.5972954,-0.1426278
2026-01-30,XOM,0.5379234,0.8882597,-0.1260564
2026-02-02,AAPL,1.196681,0.08878183,-0.2099249
2026-02-02,JPM,1.170004,0.5979985,0.07159876
2026-02-02,TSLA,2.013196,-0.6358634,-0.1888819
2026-02-02,XOM,0.530229,0.8558822,-0.1671813
2026-02-03,AAPL,1.189181,0.1405238,-0.1732799
2026-02-03,JPM,1.156243,0.6964472,0.1434279
2026-02-03,TSLA,1.989087,-0.4617192,-0.06268267
2026-02-03,XOM,0.5092415,1.006992,-0.05890507
2026-02-04,AAPL,1.21335,0.2085677,-0.2568161
2026-02-04,JPM,1.159831,0.7071039,0.1295019
2026-02-04,TSLA,1.967209,-0.5216711,0.01506016
2026-02-04,XOM,0.5129481,1.017534,-0.07181479
2026-02-05,AAPL,1.201662,0.2220517,-0.2513742
2026-02-05,JPM,1.180084,0.6800067,0.1186643
2026-02-05,TSLA,1.954575,-0.5048488,0.02202708
2026-02-05,XOM,0.5355842,0.9948601,-0.07989366
2026-02-06,AAPL,1.180309,0.2143855,-0.2672183
2026-02-06,JPM,1.223343,0.6947321,0.1532189
2026-02-06,TSLA,1.932318,-0.5126441,0.005468492
2026-02-06,XOM,0.5677337,1.005719,-0.05437589
2026-02-09,AAPL,1.177935,0.2326448,-0.2799307
2026-02-09,JPM,1.222598,0.6963487,0.1489991
2026-02-09,TSLA,1.932448,-0.522595,0.00297783
2026-02-09,XOM,0.5699811,0.9848459,-0.03650138
2026-02-10,AAPL,1.177357,0.2313633,-0.2782569
2026-02-10,JPM,1.226171,0.7007825,0.1544786
2026-02-10,TSLA,1.911675,-0.5463559,-0.02747777
2026-02-10,XOM,0.5670345,0.9813867,-0.04076021
2026-02-11,AAPL,1.180242,0.2434984,-0.271543
2026-02-11,JPM,1.214369,0.6549842,0.1265377
2026-02-11,TSLA,1.917519,-0.5223654,-0.01393685
2026-02-11,XOM,0.5738275,1.009445,-0.02256399
2026-02-12,AAPL,1.277174,0.2711677,-0.2834344
2026-02-12,JPM,1.235664,0.6607041,0.1240826
2026-02-12,TSLA,1.896123,-0.5277951,-0.0120808
2026-02-12,XOM,0.6488674,1.030516,-0.03173077
2026-02-13,AAPL,1.274268,0.2418007,-0.2829723
2026-02-13,JPM,1.235016,0.6562063,0.1241308
2026-02-13,TSLA,1.895725,-0.5278379,-0.01200691
2026-02-13,XOM,0.6471004,1.009689,-0.03145323
2026-02-17,AAPL,1.266501,0.197782,-0.2934828
2026-02-17,JPM,1.229895,0.6310958,0.1190057
2026-02-17,TSLA,1.900396,-0.5014617,-0.006475854
2026-02-17,XOM,0.6494791,1.027295,-0.02653954
2026-02-18,AAPL,1.254391,0.2001597,-0.2855756
2026-02-18,JPM,1.228322,0.6309709,0.1197138
2026-02-18,TSLA,1.884751,-0.4975982,0.004399542
2026-02-18,XOM,0.6845183,1.018909,-0.05049015
2026-02-19,AAPL,1.264645,0.211764,-0.2858894
2026-02-19,JPM,1.220569,0.6204686,0.1161302
2026-02-19,TSLA,1.880234,-0.5024454,0.004075211
2026-02-19,XOM,0.6757584,1.010554,-0.04744076
2026-02-20,AAPL,1.274037,0.2165949,-0.2856086
2026-02-20,JPM,1.221204,0.6202514,0.1170863
2026-02-20,TSLA,1.864431,-0.5108257,0.00509493
2026-02-20,XOM,0.6223562,0.9805641,-0.04267021
2026-02-23,AAPL,1.195526,0.1181668,-0.2593789
2026-02-23,JPM,1.283978,0.6999616,0.09513407
2026-02-23,TSLA,1.906584,-0.4570984,-0.009333459
2026-02-23,XOM,0.4945575,0.8203054,-0.0007823177
2026-02-24,AAPL,1.203871,0.09203969,-0.259223
2026-02-24,JPM,1.280626,0.7080762,0.09482865
2026-02-24,TSLA,1.906022,-0.4604139,-0.01110034
2026-02-24,XOM,0.4887375,0.8359842,-0.001291347
2026-02-25,AAPL,1.195388,0.08548657,-0.2579567
2026-02-25,JPM,1.293512,0.7187225,0.09621096
2026-02-25,TSLA,1.916686,-0.4505217,-0.00461676
2026-02-25,XOM,0.4668285,0.8175376,-0.004792482
2026-02-26,AAPL,1.19666,0.08749888,-0.254235
2026-02-26,JPM,1.274475,0.7006774,0.05665816
2026-02-26,TSLA,1.929738,-0.4423458,0.02212578
2026-02-26,XOM,0.4712352,0.8231542,0.005455936
2026-02-27,AAPL,1.225904,0.2171826,-0.1800521
2026-02-27,JPM,1.277655,0.7148294,0.0649122
2026-02-27,TSLA,1.937059,-0.4012197,0.04558786
2026-02-27,XOM,0.4361051,0.667397,-0.08330276
2026-03-02,AAPL,1.222752,0.2214161,-0.1716941
2026-03-02,JPM,1.283682,0.7043732,0.04514888
2026-03-02,TSLA,1.938624,-0.4031559,0.04453516
2026-03-02,XOM,0.4267933,0.6787302,-0.06765758
2026-03-03,AAPL,1.21664,0.2145783,-0.1831682
2026-03-03,JPM,1.241319,0.6480352,-0.01106402
2026-03-03,TSLA,1.944829,-0.3963204,0.06117674
2026-03-03,XOM,0.4519465,0.7131745,-0.03728174
2026-03-04,AAPL,1.206303,0.2067903,-0.19646
2026-03-04,JPM,1.230298,0.641355,-0.02367211
2026-03-04,TSLA,1.960979,-0.3870509,0.08019198
2026-03-04,XOM,0.4364198,0.700919,-0.05808074
2026-03-05,AAPL,1.208478,0.2216373,-0.1748314
2026-03-05,JPM,1.230445,0.6629827,0.004226008
2026-03-05,TSLA,1.957765,-0.4115317,0.04654002
2026-03-05,XOM,0.4384677,0.6871097,-0.07248157
2026-03-06,AAPL,1.205992,0.2209121,-0.1752024
2026-03-06,JPM,1.225944,0.6569573,-0.002224366
2026-03-06,TSLA,1.949313,-0.4195203,0.03785917
2026-03-06,XOM,0.4287844,0.6806852,-0.07883427
2026-03-09,AAPL,1.202855,0.2105188,-0.1695795
2026-03-09,JPM,1.222761,0.6576847,-0.004586361
2026-03-09,TSLA,1.920565,-0.3919047,0.001772759
2026-03-09,XOM,0.4339306,0.6851703,-0.07898298
2026-03-10,AAPL,1.19118,0.2185837,-0.1453186
2026-03-10,JPM,1.223405,0.6561232,-0.007534627
2026-03-10,TSLA,1.921897,-0.3846002,0.01103361
2026-03-10,XOM,0.4463313,0.6693993,-0.1155264
2026-03-11,AAPL,1.190987,0.2187369,-0.1422529
2026-03-11,JPM,1.223845,0.655165,-0.008931644
2026-03-11,TSLA,1.915555,-0.3795429,0.02198005
2026-03-11,XOM,0.4414922,0.6743247,-0.0979771
2026-03-12,AAPL,1.199133,0.2183139,-0.1425053
2026-03-12,JPM,1.226442,0.6541958,-0.00900894
2026-03-12,TSLA,1.910801,-0.3781788,0.02220068
2026-03-12,XOM,0.4144903,0.6875931,-0.09718688
2026-03-13,AAPL,1.215451,0.2218869,-0.1295507
2026-03-13,JPM,1.2167,0.6517177,-0.01585301
2026-03-13,TSLA,1.909234,-0.3782518,0.02063733
2026-03-13,XOM,0.3964431,0.6828873,-0.1090225
2026-03-16,AAPL,1.217166,0.2211329,-0.1298143
2026-03-16,JPM,1.218873,0.6503651,-0.0157464
2026-03-16,TSLA,1.899782,-0.3707381,0.01491475
2026-03-16,XOM,0.401939,0.6794701,-0.107655
2026-03-17,AAPL,1.217973,0.2198274,-0.1304109
2026-03-17,JPM,1.219508,0.6487033,-0.01560798
2026-03-17,TSLA,1.898488,-0.3687383,0.01350776
2026-03-17,XOM,0.4035742,0.6779882,-0.1096069
2026-03-18,AAPL,1.224044,0.215193,-0.1331609
2026-03-18,JPM,1.190346,0.6677912,-0.004794838
2026-03-18,TSLA,1.873185,-0.3524888,0.0213314
2026-03-18,XOM,0.4223608,0.6643388,-0.1186479
2026-03-19,AAPL,1.219499,0.2148933,-0.1306223
2026-03-19,JPM,1.181852,0.6669165,-7.864069e-05
2026-03-19,TSLA,1.913362,-0.3499349,-0.002104943
2026-03-19,XOM,0.4166157,0.6637039,-0.1154239
2026-03-20,AAPL,1.207308,0.2243521,-0.1433882
2026-03-20,JPM,1.171766,0.6743687,-0.01059816
2026-03-20,TSLA,1.913476,-0.3450335,-0.002400878
2026-03-20,XOM,0.4102502,0.6671768,-0.1218882
2026-03-23,AAPL,1.211356,0.2234729,-0.1357852
2026-03-23,JPM,1.171237,0.6738676,-0.008345088
2026-03-23,TSLA,1.906807,-0.3457925,0.008080198
2026-03-23,XOM,0.4142505,0.6661518,-0.1135932
2026-03-24,AAPL,1.209342,0.2416671,-0.1250834
2026-03-24,JPM,1.169855,0.6804627,-0.004392573
2026-03-24,TSLA,1.898994,-0.252367,0.06241214
2026-03-24,XOM,0.4097635,0.7421827,-0.06899326
2026-03-25,AAPL,1.208815,0.2417738,-0.1253403
2026-03-25,JPM,1.170667,0.6813057,-0.000101965
2026-03-25,TSLA,1.896208,-0.2497046,0.05635246
2026-03-25,XOM,0.4055595,0.7349548,-0.08487109
2026-03-26,AAPL,1.179627,0.2612698,-0.1570105
2026-03-26,JPM,1.171208,0.680188,0.001083348
2026-03-26,TSLA,1.894268,-0.2484719,0.05455402
2026-03-26,XOM,0.3933698,0.7425759,-0.09782907
2026-03-27,AAPL,1.173936,0.262058,-0.1549844
2026-03-27,JPM,1.212196,0.6692715,-0.01530089
2026-03-27,TSLA,1.877007,-0.2439324,0.06144505
2026-03-27,XOM,0.3041256,0.7650795,-0.06247965
2026-03-30,AAPL,1.156932,0.2604405,-0.1171557
2026-03-30,JPM,1.216947,0.6690163,-0.02833282
2026-03-30,TSLA,1.870173,-0.2421297,0.08544244
2026-03-30,XOM,0.2969534,0.7644598,-0.04559184
2026-03-31,AAPL,1.167969,0.2531008,-0.1119996
2026-03-31,JPM,1.257985,0.6433391,-0.009777704
2026-03-31,TSLA,1.821253,-0.2134434,0.06383113
2026-03-31,XOM,0.2757188,0.7777718,-0.05502924
2026-04-01,AAPL,1.16801,0.253075,-0.1116909
2026-04-01,JPM,1.253345,0.6387125,-0.01588114
2026-04-01,TSLA,1.830545,-0.2013503,0.08141284
2026-04-01,XOM,0.2233034,0.7233596,-0.1324875
2026-04-02,AAPL,1.148501,0.2434826,-0.1057666
2026-04-02,JPM,1.250595,0.636325,-0.01376197
2026-04-02,TSLA,1.857082,-0.2006454,0.09204984
2026-04-02,XOM,0.2023263,0.7117417,-0.1243742
2026-04-06,AAPL,1.155663,0.244375,-0.108667
2026-04-06,JPM,1.258217,0.6384958,-0.0158467
2026-04-06,TSLA,1.836997,-0.1988728,0.1035676
2026-04-06,XOM,0.1622203,0.6881342,-0.1221515
2026-04-07,AAPL,1.152124,0.2232747,-0.1206504
2026-04-07,JPM,1.258647,0.6429958,-0.01387042
2026-04-07,TSLA,1.834109,-0.2153746,0.09390184
2026-04-07,XOM,0.1617982,0.6866679,-0.1221683
2026-04-08,AAPL,1.120768,0.2119111,-0.1188649
2026-04-08,JPM,1.277673,0.6494144,-0.01510307
2026-04-08,TSLA,1.582982,-0.3563524,0.06161443
2026-04-08,XOM,-0.0759129,0.5545598,-0.1513527
2026-04-09,AAPL,1.064236,0.2197852,-0.09363821
2026-04-09,JPM,1.301056,0.6419318,-0.02823714
2026-04-09,TSLA,1.509164,-0.344605,0.09542936
2026-04-09,XOM,-0.1623449,0.5444294,-0.1279685
2026-04-10,AAPL,1.058618,0.2176996,-0.08866594
2026-04-10,JPM,1.305105,0.6429878,-0.0280991
2026-04-10,TSLA,1.488251,-0.3522136,0.1169071
2026-04-10,XOM,-0.1729166,0.5416451,-0.1399159
2026-04-13,AAPL,1.027741,0.2461469,-0.06173072
2026-04-13,JPM,1.306001,0.6386583,-0.03140691
2026-04-13,TSLA,1.481434,-0.3423893,0.1257359
2026-04-13,XOM,-0.1754083,0.5396732,-0.1410992
2026-04-14,AAPL,1.026782,0.2748111,-0.06144401
2026-04-14,JPM,1.308166,0.6828688,-0.0308364
2026-04-14,TSLA,1.481145,-0.380636,0.12551
2026-04-14,XOM,-0.1743854,0.5882111,-0.1406695
2026-04-15,AAPL,1.052342,0.2073138,-0.09486746
2026-04-15,JPM,1.286698,0.7364119,-0.00347514
2026-04-15,TSLA,1.547361,-0.5525031,0.03936928
2026-04-15,XOM,-0.1698848,0.5758819,-0.1463832
2026-04-16,AAPL,1.032772,0.2007336,-0.08785076
2026-04-16,JPM,1.296453,0.739919,-0.007174002
2026-04-16,TSLA,1.534736,-0.5570118,0.04398207
2026-04-16,XOM,-0.1541342,0.5845856,-0.1527265
2026-04-17,AAPL,1.040712,0.1812918,-0.09028022
2026-04-17,JPM,1.292065,0.7468705,-0.005645059
2026-04-17,TSLA,1.537625,-0.5637234,0.04298414
2026-04-17,XOM,-0.1721356,0.6170642,-0.1458735
2026-04-20,AAPL,1.028837,0.1768017,-0.09343086
2026-04-20,JPM,1.270756,0.7382387,-0.01198341
2026-04-20,TSLA,1.550235,-0.5581563,0.04759288
2026-04-20,XOM,-0.184816,0.6137167,-0.1474232
2026-04-21,AAPL,1.041161,0.1711526,-0.102272
2026-04-21,JPM,1.277509,0.7371123,-0.01554765
2026-04-21,TSLA,1.549542,-0.5600586,0.04666688
2026-04-21,XOM,-0.1956493,0.6088912,-0.1455204
2026-04-22,AAPL,1.050979,0.1314565,-0.09511754
2026-04-22,JPM,1.273999,0.7439891,-0.01666935
2026-04-22,TSLA,1.534885,-0.5232461,0.0406078
2026-04-22,XOM,-0.1858859,0.5759161,-0.1397809
2026-04-23,AAPL,1.051335,0.1473306,-0.08853883
2026-04-23,JPM,1.274293,0.7126129,-0.02991795
2026-04-23,TSLA,1.534788,-0.5894617,0.01274812
2026-04-23,XOM,-0.1902508,0.5657882,-0.1424185
2026-04-24,AAPL,1.026534,0.1487513,-0.09012225
2026-04-24,JPM,1.246681,0.7135556,-0.0317437
2026-04-24,TSLA,1.526542,-0.5769878,0.01368861
2026-04-24,XOM,-0.2033814,0.5674055,-0.1432198
2026-04-27,AAPL,1.015007,0.123633,-0.09535608
2026-04-27,JPM,1.250496,0.7228274,-0.02960173
2026-04-27,TSLA,1.533593,-0.5605928,0.0172841
2026-04-27,XOM,-0.2103467,0.5518326,-0.146512
2026-04-28,AAPL,1.026869,0.1413455,-0.1203765
2026-04-28,JPM,1.249856,0.7222078,-0.02914492
2026-04-28,TSLA,1.53979,-0.5501241,0.002244473
2026-04-28,XOM,-0.204795,0.559696,-0.1577237
2026-04-29,AAPL,1.018927,0.1364778,-0.1199156
2026-04-29,JPM,1.227097,0.7065977,-0.02831378
2026-04-29,TSLA,1.53839,-0.5550183,0.001410332
2026-04-29,XOM,-0.1579943,0.5896923,-0.1597494
2026-04-30,AAPL,1.020048,0.1380378,-0.1242795
2026-04-30,JPM,1.222284,0.7013501,-0.0152812
2026-04-30,TSLA,1.536835,-0.5570837,0.005925923
2026-04-30,XOM,-0.1625815,0.5843301,-0.1461255
2026-05-01,AAPL,1.024767,0.1028075,-0.1497861
2026-05-01,JPM,1.221655,0.7036984,-0.01338353
2026-05-01,TSLA,1.533532,-0.580554,-0.006965982
2026-05-01,XOM,-0.1618145,0.5964176,-0.1388748
2026-05-04,AAPL,1.037364,0.1225897,-0.1503674
2026-05-04,JPM,1.228487,0.7123774,-0.01420414
2026-05-04,TSLA,1.519455,-0.5980634,-0.005307305
2026-05-04,XOM,-0.1913929,0.5577066,-0.1357266
2026-05-05,AAPL,1.068502,0.1796737,-0.1253544
2026-05-05,JPM,1.210895,0.6817113,-0.02713291
2026-05-05,TSLA,1.494229,-0.6439857,-0.02540708
2026-05-05,XOM,-0.1835292,0.5707201,-0.1302931
2026-05-06,AAPL,1.064513,0.1786571,-0.1276615
2026-05-06,JPM,1.221783,0.6828203,-0.02415577
2026-05-06,TSLA,1.502616,-0.6428172,-0.02302799
2026-05-06,XOM,-0.2831119,0.5572916,-0.1583478
2026-05-07,AAPL,1.064518,0.1758715,-0.130732
2026-05-07,JPM,1.215707,0.7297168,0.02975346
2026-05-07,TSLA,1.51191,-0.7336004,-0.1228636
2026-05-07,XOM,-0.2885432,0.6022103,-0.1067487
2026-05-08,AAPL,1.087057,0.1994859,-0.1182338
2026-05-08,JPM,1.16383,0.6758962,0.002233491
2026-05-08,TSLA,1.577616,-0.6660362,-0.08506517
2026-05-08,XOM,-0.3162966,0.5729494,-0.1212998
2026-05-11,AAPL,1.074471,0.2023288,-0.1106293
2026-05-11,JPM,1.168413,0.6783419,-0.007316963
2026-05-11,TSLA,1.540458,-0.6877394,-0.01155347
2026-05-11,XOM,-0.3683982,0.5528193,-0.03517549
2026-05-12,AAPL,1.076038,0.1975308,-0.1148956
2026-05-12,JPM,1.17316,0.6655242,-0.01898997
2026-05-12,TSLA,1.530021,-0.6733109,0.003573439
2026-05-12,XOM,-0.3675954,0.5499866,-0.03761257
2026-05-13,AAPL,1.073598,0.1766929,-0.1033213
2026-05-13,JPM,1.176134,0.6967749,-0.03589425
2026-05-13,TSLA,1.52862,-0.6916748,0.01538646
2026-05-13,XOM,-0.3702565,0.522687,-0.02266192
2026-05-14,AAPL,1.062105,0.187589,-0.09897815
2026-05-14,JPM,1.170194,0.7013048,-0.03384729
2026-05-14,TSLA,1.505391,-0.6690668,0.02418265
2026-05-14,XOM,-0.356783,0.5095486,-0.02773363
2026-05-15,AAPL,1.037105,0.1601796,-0.1305392
2026-05-15,JPM,1.156447,0.6863282,-0.05078108
2026-05-15,TSLA,1.545331,-0.6253326,0.0750838
2026-05-15,XOM,-0.4064988,0.4565211,-0.08927627
2026-05-18,AAPL,0.9999383,0.1304761,-0.09447942
2026-05-18,JPM,1.164931,0.6931452,-0.05915172
2026-05-18,TSLA,1.495456,-0.6650487,0.1236698
2026-05-18,XOM,-0.3901124,0.4694546,-0.1047508
2026-05-19,AAPL,0.9916483,0.1347467,-0.09395829
2026-05-19,JPM,1.175393,0.6869023,-0.05963394
2026-05-19,TSLA,1.495314,-0.6640146,0.1238418
2026-05-19,XOM,-0.3958278,0.4710712,-0.1045602
2026-05-20,AAPL,0.9894594,0.1338234,-0.09298453
2026-05-20,JPM,1.186223,0.6988768,-0.05774475
2026-05-20,TSLA,1.515015,-0.6390225,0.1300963
2026-05-20,XOM,-0.4494594,0.409985,-0.1155057
2026-05-21,AAPL,0.9812161,0.1270649,-0.09151817
2026-05-21,JPM,1.18112,0.6948567,-0.05668624
2026-05-21,TSLA,1.517737,-0.6356269,0.1301817
2026-05-21,XOM,-0.4436799,0.4142328,-0.1168517
2026-05-22,AAPL,0.9863268,0.1308088,-0.09548222
2026-05-22,JPM,1.189062,0.6970707,-0.06242902
2026-05-22,TSLA,1.538878,-0.6281763,0.1152055
2026-05-22,XOM,-0.4498367,0.4122562,-0.1125408
2026-05-26,AAPL,0.9906459,0.1220955,-0.1088795
2026-05-26,JPM,1.195213,0.6890967,-0.07569987
2026-05-26,TSLA,1.523059,-0.6209811,0.1328943
2026-05-26,XOM,-0.4266986,0.3731469,-0.1748882
2026-05-27,AAPL,0.9839092,0.1129318,-0.1115519
2026-05-27,JPM,1.214787,0.7155314,-0.06853088
2026-05-27,TSLA,1.509657,-0.6378202,0.1288806
2026-05-27,XOM,-0.4167867,0.3876732,-0.1700057
2026-05-28,AAPL,0.9797649,0.1171874,-0.1072356
2026-05-28,JPM,1.195968,0.7321557,-0.04949307
2026-05-28,TSLA,1.494694,-0.6246805,0.1438948
2026-05-28,XOM,-0.4236805,0.3935415,-0.1630195
2026-05-29,AAPL,0.9624046,0.1239076,-0.09100762
2026-05-29,JPM,1.21566,0.7240228,-0.06873274
2026-05-29,TSLA,1.457837,-0.6120143,0.1798132
2026-05-29,XOM,-0.4621291,0.4083259,-0.1261288
2026-06-01,AAPL,0.9710486,0.1829312,-0.07896004
2026-06-01,JPM,1.216497,0.7332608,-0.06672252
2026-06-01,TSLA,1.481838,-0.4565399,0.2114629
2026-06-01,XOM,-0.4762409,0.3173922,-0.1445823
2026-06-02,AAPL,0.9693507,0.2734196,-0.01247354
2026-06-02,JPM,1.215637,0.7537256,-0.05127943
2026-06-02,TSLA,1.480757,-0.3918329,0.2585443
2026-06-02,XOM,-0.4766402,0.3146339,-0.1457739
2026-06-03,AAPL,0.9837023,0.2650179,-0.02617563
2026-06-03,JPM,1.207511,0.7585175,-0.04365715
2026-06-03,TSLA,1.458305,-0.3886488,0.2753971
2026-06-03,XOM,-0.4919344,0.3202036,-0.1326537
2026-06-04,AAPL,0.9811275,0.2609513,-0.02464378
2026-06-04,JPM,1.219041,0.792119,-0.05485741
2026-06-04,TSLA,1.432327,-0.4144129,0.2870845
2026-06-04,XOM,-0.4942029,0.3164979,-0.1312564
2026-06-05,AAPL,0.9344429,0.2556482,-0.03695911
2026-06-05,JPM,1.08171,0.7770928,-0.09262766
2026-06-05,TSLA,1.48531,-0.4095213,0.3040081
2026-06-05,XOM,-0.3392439,0.3320019,-0.08576022
2026-06-08,AAPL,0.9293799,0.2221068,-0.06426987
2026-06-08,JPM,1.079261,0.7633972,-0.103057
2026-06-08,TSLA,1.492255,-0.3546628,0.3504859
2026-06-08,XOM,-0.3369783,0.3477942,-0.07275303
2026-06-09,AAPL,0.9491387,0.2026035,-0.04141009
2026-06-09,JPM,1.076409,0.7657496,-0.106211
2026-06-09,TSLA,1.494369,-0.3690961,0.3703351
2026-06-09,XOM,-0.3278867,0.3348213,-0.05660461
2026-06-10,AAPL,0.8832599,0.2195602,-0.02916151
2026-06-10,JPM,1.084085,0.7632705,-0.1075819
2026-06-10,TSLA,1.519593,-0.3758383,0.3657022
2026-06-10,XOM,-0.3399479,0.3381101,-0.05486287
2026-06-11,AAPL,0.881049,0.2181146,-0.03072241
2026-06-11,JPM,1.080562,0.7608814,-0.1100587
2026-06-11,TSLA,1.538452,-0.3651374,0.3787094
2026-06-11,XOM,-0.3706824,0.3188437,-0.07896143
2026-06-12,AAPL,0.8287094,0.1334711,-0.02604552
2026-06-12,JPM,1.100787,0.7942718,-0.1117251
2026-06-12,TSLA,1.577471,-0.3045349,0.3747885
2026-06-12,XOM,-0.373712,0.3126108,-0.07889801
2026-06-15,AAPL,0.8456673,0.1078864,-0.03250188
2026-06-15,JPM,1.088171,0.8106477,-0.1068997
2026-06-15,TSLA,1.524857,-0.2277614,0.3947141
2026-06-15,XOM,-0.4564717,0.4331198,-0.0473877
2026-06-16,AAPL,0.8355587,0.1004471,-0.04413337
2026-06-16,JPM,1.062035,0.7898333,-0.1449254
2026-06-16,TSLA,1.520374,-0.2297521,0.3964319
2026-06-16,XOM,-0.4564458,0.4325836,-0.04988502
2026-06-17,AAPL,0.8380752,0.1010959,-0.04572064
2026-06-17,JPM,0.9554725,0.753399,-0.0817643
2026-06-17,TSLA,1.561643,-0.2167311,0.3717019
2026-06-17,XOM,-0.3987397,0.4521616,-0.08414301
2026-06-18,AAPL,0.8367398,0.1005695,-0.04640188
2026-06-18,JPM,0.9292719,0.7630894,-0.0910543
2026-06-18,TSLA,1.553091,-0.2138159,0.36875
2026-06-18,XOM,-0.4087872,0.4556579,-0.08794462
2026-06-22,AAPL,0.8375917,0.09659405,-0.04860661
2026-06-22,JPM,0.9181549,0.8053031,-0.06425704
2026-06-22,TSLA,1.538692,-0.1658114,0.3971763
2026-06-22,XOM,-0.4052072,0.4437462,-0.09480474
2026-06-23,AAPL,0.8387197,0.09612918,-0.0498049
2026-06-23,JPM,0.8896706,0.8035825,-0.08330932
2026-06-23,TSLA,1.591629,-0.1641642,0.4288719
2026-06-23,XOM,-0.4047492,0.4430715,-0.09778986
2026-06-24,AAPL,0.8404378,0.09930947,-0.0467979
2026-06-24,JPM,0.8894986,0.804559,-0.08173265
2026-06-24,TSLA,1.597996,-0.1579818,0.4329758
2026-06-24,XOM,-0.3933813,0.458775,-0.08478258
2026-06-25,AAPL,0.8990991,-0.0005770158,-0.1344131
2026-06-25,JPM,0.8888274,0.8035661,-0.08174308
2026-06-25,TSLA,1.601256,-0.160673,0.4293791
2026-06-25,XOM,-0.3971127,0.4608925,-0.08122434
2026-06-26,AAPL,0.8956291,-0.05714638,-0.1933158
2026-06-26,JPM,0.8908221,0.8341042,-0.049543
2026-06-26,TSLA,1.598539,-0.2117877,0.3760399
2026-06-26,XOM,-0.3968964,0.4604811,-0.08161361
2026-06-29,AAPL,0.8743316,-0.0326972,-0.2002533
2026-06-29,JPM,0.8885053,0.8356216,-0.04992299
2026-06-29,TSLA,1.672875,-0.3020166,0.4023467
2026-06-29,XOM,-0.3893919,0.4524016,-0.07942256
2026-06-30,AAPL,0.8772209,-0.06325692,-0.1884322
2026-06-30,JPM,0.8899118,0.8501021,-0.05560316
2026-06-30,TSLA,1.6789,-0.2959609,0.3999275
2026-06-30,XOM,-0.387446,0.4371591,-0.07359638
